INSERT INTO ADDRESS ( ID, ZIP ) VALUES ( 
1, 'Zip1'); 
INSERT INTO ADDRESS ( ID, ZIP ) VALUES ( 
2, 'Zip2'); 
INSERT INTO ADDRESS ( ID, ZIP ) VALUES ( 
3, 'Zip3'); 
INSERT INTO ADDRESS ( ID, ZIP ) VALUES ( 
4, 'Zip4'); 
INSERT INTO ADDRESS ( ID, ZIP ) VALUES ( 
5, 'Zip5'); 
commit;
 
INSERT INTO ALL_DATA_TYPE ( ID, INT_VALUE, STRING_VALUE, DOUBLE_VALUE, FLOAT_VALUE, DATE_VALUE, BOOLEAN_VALUE, CLOB_VALUE ) VALUES ( 
1, 1, 'String_Value1', 1.1, 1.1,  TO_Date( '11/11/2011 12:00:00 AM', 'MM/DD/YYYY HH:MI:SS AM'), '1', 'My First Clob'); 
INSERT INTO ALL_DATA_TYPE ( ID, INT_VALUE, STRING_VALUE, DOUBLE_VALUE, FLOAT_VALUE, DATE_VALUE, BOOLEAN_VALUE, CLOB_VALUE ) VALUES ( 
2, 2, 'String_Value2', 222.22, 222.22,  TO_Date( '12/12/2012 12:00:00 AM', 'MM/DD/YYYY HH:MI:SS AM'), '0', 'My Second Clob'); 
INSERT INTO ALL_DATA_TYPE ( ID, INT_VALUE, STRING_VALUE, DOUBLE_VALUE, FLOAT_VALUE, DATE_VALUE, BOOLEAN_VALUE, CLOB_VALUE ) VALUES ( 
3, 3, 'String_Value3', 333.33, 333.33,  TO_Date( '03/03/2003 12:00:00 AM', 'MM/DD/YYYY HH:MI:SS AM'), '1', 'My Third Clob
'); 
INSERT INTO ALL_DATA_TYPE ( ID, INT_VALUE, STRING_VALUE, DOUBLE_VALUE, FLOAT_VALUE, DATE_VALUE, BOOLEAN_VALUE, CLOB_VALUE ) VALUES ( 
4, 4, 'String_Value4', 444.44, 444.44,  TO_Date( '04/04/2004 12:00:00 AM', 'MM/DD/YYYY HH:MI:SS AM'), '0', 'My Fourth Clob'); 
INSERT INTO ALL_DATA_TYPE ( ID, INT_VALUE, STRING_VALUE, DOUBLE_VALUE, FLOAT_VALUE, DATE_VALUE, BOOLEAN_VALUE, CLOB_VALUE ) VALUES ( 
5, 5, 'String_Value5', 555.55, 555.55,  TO_Date( '05/05/2005 12:00:00 AM', 'MM/DD/YYYY HH:MI:SS AM'), '1', NULL); 
commit;
 
INSERT INTO ASSISTANT ( ID, NAME, PROFESSOR_ID ) VALUES ( 
1, 'Name1', 1); 
INSERT INTO ASSISTANT ( ID, NAME, PROFESSOR_ID ) VALUES ( 
2, 'Name2', 2); 
INSERT INTO ASSISTANT ( ID, NAME, PROFESSOR_ID ) VALUES ( 
3, 'Name3', 2); 
INSERT INTO ASSISTANT ( ID, NAME, PROFESSOR_ID ) VALUES ( 
4, 'Name4', 6); 
INSERT INTO ASSISTANT ( ID, NAME, PROFESSOR_ID ) VALUES ( 
5, 'Name5', 7); 
INSERT INTO ASSISTANT ( ID, NAME, PROFESSOR_ID ) VALUES ( 
6, 'Name6', 7); 
INSERT INTO ASSISTANT ( ID, NAME, PROFESSOR_ID ) VALUES ( 
7, 'Name7', 11); 
INSERT INTO ASSISTANT ( ID, NAME, PROFESSOR_ID ) VALUES ( 
8, 'Name8', 12); 
INSERT INTO ASSISTANT ( ID, NAME, PROFESSOR_ID ) VALUES ( 
9, 'Name9', 12); 
commit;
 
INSERT INTO ASSISTANT_PROFESSOR ( PROFESSOR_ID, JOINING_YEAR ) VALUES ( 
11, 11); 
INSERT INTO ASSISTANT_PROFESSOR ( PROFESSOR_ID, JOINING_YEAR ) VALUES ( 
12, 12); 
INSERT INTO ASSISTANT_PROFESSOR ( PROFESSOR_ID, JOINING_YEAR ) VALUES ( 
13, 13); 
INSERT INTO ASSISTANT_PROFESSOR ( PROFESSOR_ID, JOINING_YEAR ) VALUES ( 
14, 14); 
INSERT INTO ASSISTANT_PROFESSOR ( PROFESSOR_ID, JOINING_YEAR ) VALUES ( 
15, 15); 
commit;
 
INSERT INTO ASSOCIATE_PROFESSOR ( PROFESSOR_ID, YEARS_SERVED ) VALUES ( 
6, 6); 
INSERT INTO ASSOCIATE_PROFESSOR ( PROFESSOR_ID, YEARS_SERVED ) VALUES ( 
7, 7); 
INSERT INTO ASSOCIATE_PROFESSOR ( PROFESSOR_ID, YEARS_SERVED ) VALUES ( 
8, 8); 
INSERT INTO ASSOCIATE_PROFESSOR ( PROFESSOR_ID, YEARS_SERVED ) VALUES ( 
9, 9); 
INSERT INTO ASSOCIATE_PROFESSOR ( PROFESSOR_ID, YEARS_SERVED ) VALUES ( 
10, 10); 
commit;
 
INSERT INTO AUTHOR ( ID, NAME ) VALUES ( 
1, 'Author1'); 
INSERT INTO AUTHOR ( ID, NAME ) VALUES ( 
2, 'Author2'); 
INSERT INTO AUTHOR ( ID, NAME ) VALUES ( 
3, 'Author3'); 
INSERT INTO AUTHOR ( ID, NAME ) VALUES ( 
4, 'Author4'); 
INSERT INTO AUTHOR ( ID, NAME ) VALUES ( 
5, 'Author5'); 
commit;
 
INSERT INTO AUTHOR_BOOK ( AUTHOR_ID, BOOK_ID ) VALUES ( 
1, 1); 
INSERT INTO AUTHOR_BOOK ( AUTHOR_ID, BOOK_ID ) VALUES ( 
2, 2); 
INSERT INTO AUTHOR_BOOK ( AUTHOR_ID, BOOK_ID ) VALUES ( 
2, 3); 
commit;
 
INSERT INTO BANK ( ID, NAME ) VALUES ( 
1, 'Bank1'); 
INSERT INTO BANK ( ID, NAME ) VALUES ( 
2, 'Bank2'); 
INSERT INTO BANK ( ID, NAME ) VALUES ( 
3, 'Bank3'); 
INSERT INTO BANK ( ID, NAME ) VALUES ( 
4, 'Bank4'); 
commit;
 
INSERT INTO BOOK ( ID, NAME ) VALUES ( 
1, 'Book1'); 
INSERT INTO BOOK ( ID, NAME ) VALUES ( 
2, 'Book2'); 
INSERT INTO BOOK ( ID, NAME ) VALUES ( 
3, 'Book3'); 
INSERT INTO BOOK ( ID, NAME ) VALUES ( 
4, 'Book4'); 
INSERT INTO BOOK ( ID, NAME ) VALUES ( 
5, 'Book5'); 
commit;
 
INSERT INTO CARD ( ID, NAME, SUIT_ID, IMAGE ) VALUES ( 
1, 'Ace', 1, 'My Ace'); 
INSERT INTO CARD ( ID, NAME, SUIT_ID, IMAGE ) VALUES ( 
2, 'Two', 1, NULL); 
INSERT INTO CARD ( ID, NAME, SUIT_ID, IMAGE ) VALUES ( 
3, 'Three', 1, NULL); 
INSERT INTO CARD ( ID, NAME, SUIT_ID, IMAGE ) VALUES ( 
4, 'Four', 1, NULL); 
INSERT INTO CARD ( ID, NAME, SUIT_ID, IMAGE ) VALUES ( 
5, 'Five', 1, NULL); 
INSERT INTO CARD ( ID, NAME, SUIT_ID, IMAGE ) VALUES ( 
6, 'Six', 1, NULL); 
INSERT INTO CARD ( ID, NAME, SUIT_ID, IMAGE ) VALUES ( 
7, 'Seven', 1, NULL); 
INSERT INTO CARD ( ID, NAME, SUIT_ID, IMAGE ) VALUES ( 
8, 'Eight', 1, NULL); 
INSERT INTO CARD ( ID, NAME, SUIT_ID, IMAGE ) VALUES ( 
9, 'Nine', 1, NULL); 
INSERT INTO CARD ( ID, NAME, SUIT_ID, IMAGE ) VALUES ( 
10, 'Ten', 1, NULL); 
INSERT INTO CARD ( ID, NAME, SUIT_ID, IMAGE ) VALUES ( 
11, 'Jack', 1, NULL); 
INSERT INTO CARD ( ID, NAME, SUIT_ID, IMAGE ) VALUES ( 
12, 'Queen', 1, NULL); 
INSERT INTO CARD ( ID, NAME, SUIT_ID, IMAGE ) VALUES ( 
13, 'King', 1, NULL); 
INSERT INTO CARD ( ID, NAME, SUIT_ID, IMAGE ) VALUES ( 
14, 'Ace', 2, NULL); 
INSERT INTO CARD ( ID, NAME, SUIT_ID, IMAGE ) VALUES ( 
15, 'Two', 2, NULL); 
INSERT INTO CARD ( ID, NAME, SUIT_ID, IMAGE ) VALUES ( 
16, 'Three', 2, NULL); 
INSERT INTO CARD ( ID, NAME, SUIT_ID, IMAGE ) VALUES ( 
17, 'Four', 2, NULL); 
INSERT INTO CARD ( ID, NAME, SUIT_ID, IMAGE ) VALUES ( 
18, 'Five', 2, NULL); 
INSERT INTO CARD ( ID, NAME, SUIT_ID, IMAGE ) VALUES ( 
19, 'Six', 2, NULL); 
INSERT INTO CARD ( ID, NAME, SUIT_ID, IMAGE ) VALUES ( 
20, 'Seven', 2, NULL); 
INSERT INTO CARD ( ID, NAME, SUIT_ID, IMAGE ) VALUES ( 
21, 'Eight', 2, NULL); 
INSERT INTO CARD ( ID, NAME, SUIT_ID, IMAGE ) VALUES ( 
22, 'Nine', 2, NULL); 
INSERT INTO CARD ( ID, NAME, SUIT_ID, IMAGE ) VALUES ( 
23, 'Ten', 2, NULL); 
INSERT INTO CARD ( ID, NAME, SUIT_ID, IMAGE ) VALUES ( 
24, 'Jack', 2, NULL); 
INSERT INTO CARD ( ID, NAME, SUIT_ID, IMAGE ) VALUES ( 
25, 'Queen', 2, NULL); 
INSERT INTO CARD ( ID, NAME, SUIT_ID, IMAGE ) VALUES ( 
26, 'King', 2, NULL); 
INSERT INTO CARD ( ID, NAME, SUIT_ID, IMAGE ) VALUES ( 
27, 'Ace', 3, NULL); 
INSERT INTO CARD ( ID, NAME, SUIT_ID, IMAGE ) VALUES ( 
28, 'Two', 3, NULL); 
INSERT INTO CARD ( ID, NAME, SUIT_ID, IMAGE ) VALUES ( 
29, 'Three', 3, NULL); 
INSERT INTO CARD ( ID, NAME, SUIT_ID, IMAGE ) VALUES ( 
30, 'Four', 3, NULL); 
INSERT INTO CARD ( ID, NAME, SUIT_ID, IMAGE ) VALUES ( 
31, 'Five', 3, NULL); 
INSERT INTO CARD ( ID, NAME, SUIT_ID, IMAGE ) VALUES ( 
32, 'Six', 3, NULL); 
INSERT INTO CARD ( ID, NAME, SUIT_ID, IMAGE ) VALUES ( 
33, 'Seven', 3, NULL); 
INSERT INTO CARD ( ID, NAME, SUIT_ID, IMAGE ) VALUES ( 
34, 'Eight', 3, NULL); 
INSERT INTO CARD ( ID, NAME, SUIT_ID, IMAGE ) VALUES ( 
35, 'Nine', 3, NULL); 
INSERT INTO CARD ( ID, NAME, SUIT_ID, IMAGE ) VALUES ( 
36, 'Ten', 3, NULL); 
INSERT INTO CARD ( ID, NAME, SUIT_ID, IMAGE ) VALUES ( 
37, 'Jack', 3, NULL); 
INSERT INTO CARD ( ID, NAME, SUIT_ID, IMAGE ) VALUES ( 
38, 'Queen', 3, NULL); 
INSERT INTO CARD ( ID, NAME, SUIT_ID, IMAGE ) VALUES ( 
39, 'King', 3, NULL); 
INSERT INTO CARD ( ID, NAME, SUIT_ID, IMAGE ) VALUES ( 
40, 'Ace', 4, NULL); 
INSERT INTO CARD ( ID, NAME, SUIT_ID, IMAGE ) VALUES ( 
41, 'Two', 4, NULL); 
INSERT INTO CARD ( ID, NAME, SUIT_ID, IMAGE ) VALUES ( 
42, 'Three', 4, NULL); 
INSERT INTO CARD ( ID, NAME, SUIT_ID, IMAGE ) VALUES ( 
43, 'Four', 4, NULL); 
INSERT INTO CARD ( ID, NAME, SUIT_ID, IMAGE ) VALUES ( 
44, 'Five', 4, NULL); 
INSERT INTO CARD ( ID, NAME, SUIT_ID, IMAGE ) VALUES ( 
45, 'Six', 4, NULL); 
INSERT INTO CARD ( ID, NAME, SUIT_ID, IMAGE ) VALUES ( 
46, 'Seven', 4, NULL); 
INSERT INTO CARD ( ID, NAME, SUIT_ID, IMAGE ) VALUES ( 
47, 'Eight', 4, NULL); 
INSERT INTO CARD ( ID, NAME, SUIT_ID, IMAGE ) VALUES ( 
48, 'Nine', 4, NULL); 
INSERT INTO CARD ( ID, NAME, SUIT_ID, IMAGE ) VALUES ( 
49, 'Ten', 4, NULL); 
INSERT INTO CARD ( ID, NAME, SUIT_ID, IMAGE ) VALUES ( 
50, 'Jack', 4, NULL); 
INSERT INTO CARD ( ID, NAME, SUIT_ID, IMAGE ) VALUES ( 
51, 'Queen', 4, NULL); 
INSERT INTO CARD ( ID, NAME, SUIT_ID, IMAGE ) VALUES ( 
52, 'King', 4, NULL); 
INSERT INTO CARD ( ID, NAME, SUIT_ID, IMAGE ) VALUES ( 
53, 'Joker', NULL, NULL); 
commit;
 
INSERT INTO CASH ( PAYMENT_ID ) VALUES ( 
1); 
INSERT INTO CASH ( PAYMENT_ID ) VALUES ( 
2); 
commit;
 
INSERT INTO CHEF ( ID, NAME, RESTAURANT_ID ) VALUES ( 
1, 'Chef1', 1); 
INSERT INTO CHEF ( ID, NAME, RESTAURANT_ID ) VALUES ( 
2, 'Chef2', 2); 
INSERT INTO CHEF ( ID, NAME, RESTAURANT_ID ) VALUES ( 
3, 'Chef3', 2); 
INSERT INTO CHEF ( ID, NAME, RESTAURANT_ID ) VALUES ( 
4, 'Chef4', NULL); 
commit;
 
INSERT INTO CHILD ( ID, NAME, FATHER_ID, MOTHER_ID ) VALUES ( 
1, 'Name1', 1, 2); 
INSERT INTO CHILD ( ID, NAME, FATHER_ID, MOTHER_ID ) VALUES ( 
2, 'Name2', 3, 4); 
INSERT INTO CHILD ( ID, NAME, FATHER_ID, MOTHER_ID ) VALUES ( 
3, 'Name3', 5, NULL); 
INSERT INTO CHILD ( ID, NAME, FATHER_ID, MOTHER_ID ) VALUES ( 
4, 'Name4', NULL, 6); 
INSERT INTO CHILD ( ID, NAME, FATHER_ID, MOTHER_ID ) VALUES ( 
5, 'Name5', NULL, NULL); 
commit;
 
INSERT INTO COMPUTER ( ID, TYPE ) VALUES ( 
1, 'Type1'); 
INSERT INTO COMPUTER ( ID, TYPE ) VALUES ( 
2, 'Type2'); 
INSERT INTO COMPUTER ( ID, TYPE ) VALUES ( 
3, 'Type3'); 
INSERT INTO COMPUTER ( ID, TYPE ) VALUES ( 
4, 'Type4'); 
INSERT INTO COMPUTER ( ID, TYPE ) VALUES ( 
5, 'Type5'); 
commit;
 
INSERT INTO CREDIT ( PAYMENT_ID, CARD_NUMBER, BANK_ID ) VALUES ( 
3, '3', 3); 
INSERT INTO CREDIT ( PAYMENT_ID, CARD_NUMBER, BANK_ID ) VALUES ( 
4, '4', 4); 
commit;
 
INSERT INTO CRT_MONITOR ( MONITOR_ID, REFRESH_RATE ) VALUES ( 
1, 45); 
commit;
 
INSERT INTO DECK ( ID, NAME ) VALUES ( 
1, 'My Deck 1'); 
commit;
 
INSERT INTO DISPLAY ( ID, WIDTH, HEIGHT ) VALUES ( 
1, 1, 1); 
INSERT INTO DISPLAY ( ID, WIDTH, HEIGHT ) VALUES ( 
2, 2, 2); 
INSERT INTO DISPLAY ( ID, WIDTH, HEIGHT ) VALUES ( 
3, 3, 3); 
INSERT INTO DISPLAY ( ID, WIDTH, HEIGHT ) VALUES ( 
4, 4, 4); 
INSERT INTO DISPLAY ( ID, WIDTH, HEIGHT ) VALUES ( 
5, 5, 5); 
commit;
 
INSERT INTO DOUBLE_KEY ( ID, NAME ) VALUES ( 
1.1, 'Name1.1'); 
INSERT INTO DOUBLE_KEY ( ID, NAME ) VALUES ( 
2.2, 'Name2.2'); 
INSERT INTO DOUBLE_KEY ( ID, NAME ) VALUES ( 
3.3, 'Name3.3'); 
INSERT INTO DOUBLE_KEY ( ID, NAME ) VALUES ( 
4.4, 'Name4.4'); 
INSERT INTO DOUBLE_KEY ( ID, NAME ) VALUES ( 
5.5, 'Name5.5'); 
commit;
 
INSERT INTO EMPLOYEE ( ID, NAME ) VALUES ( 
1, 'Name1'); 
INSERT INTO EMPLOYEE ( ID, NAME ) VALUES ( 
2, 'Name2'); 
INSERT INTO EMPLOYEE ( ID, NAME ) VALUES ( 
3, 'Name3'); 
INSERT INTO EMPLOYEE ( ID, NAME ) VALUES ( 
4, 'Name4'); 
INSERT INTO EMPLOYEE ( ID, NAME ) VALUES ( 
5, 'Name5'); 
INSERT INTO EMPLOYEE ( ID, NAME ) VALUES ( 
6, 'Name6'); 
INSERT INTO EMPLOYEE ( ID, NAME ) VALUES ( 
7, 'Name7'); 
INSERT INTO EMPLOYEE ( ID, NAME ) VALUES ( 
8, 'Name8'); 
INSERT INTO EMPLOYEE ( ID, NAME ) VALUES ( 
9, 'Name9'); 
INSERT INTO EMPLOYEE ( ID, NAME ) VALUES ( 
10, 'Name10'); 
commit;
 
INSERT INTO EMPLOYEE_PROJECT ( EMPLOYEE_ID, PROJECT_ID ) VALUES ( 
1, 1); 
INSERT INTO EMPLOYEE_PROJECT ( EMPLOYEE_ID, PROJECT_ID ) VALUES ( 
2, 2); 
INSERT INTO EMPLOYEE_PROJECT ( EMPLOYEE_ID, PROJECT_ID ) VALUES ( 
3, 2); 
INSERT INTO EMPLOYEE_PROJECT ( EMPLOYEE_ID, PROJECT_ID ) VALUES ( 
4, 4); 
INSERT INTO EMPLOYEE_PROJECT ( EMPLOYEE_ID, PROJECT_ID ) VALUES ( 
4, 5); 
INSERT INTO EMPLOYEE_PROJECT ( EMPLOYEE_ID, PROJECT_ID ) VALUES ( 
6, 5); 
commit;
 
INSERT INTO FLOAT_KEY ( ID, NAME ) VALUES ( 
1.1, 'Name1.1'); 
INSERT INTO FLOAT_KEY ( ID, NAME ) VALUES ( 
2.2, 'Name2.2'); 
INSERT INTO FLOAT_KEY ( ID, NAME ) VALUES ( 
3.3, 'Name3.3'); 
INSERT INTO FLOAT_KEY ( ID, NAME ) VALUES ( 
4.4, 'Name4.4'); 
INSERT INTO FLOAT_KEY ( ID, NAME ) VALUES ( 
5.5, 'Name5.5'); 
commit;
 
INSERT INTO GRADUATE_STUDENT ( STUDENT_ID, PROJECT_NAME ) VALUES ( 
6, 'Project_Name6'); 
INSERT INTO GRADUATE_STUDENT ( STUDENT_ID, PROJECT_NAME ) VALUES ( 
7, 'Project_Name7'); 
INSERT INTO GRADUATE_STUDENT ( STUDENT_ID, PROJECT_NAME ) VALUES ( 
8, 'Project_Name8'); 
INSERT INTO GRADUATE_STUDENT ( STUDENT_ID, PROJECT_NAME ) VALUES ( 
9, 'Project_Name9'); 
INSERT INTO GRADUATE_STUDENT ( STUDENT_ID, PROJECT_NAME ) VALUES ( 
10, 'Project_Name10'); 
commit;
 
INSERT INTO HAND ( ID ) VALUES ( 
1); 
INSERT INTO HAND ( ID ) VALUES ( 
2); 
INSERT INTO HAND ( ID ) VALUES ( 
3); 
INSERT INTO HAND ( ID ) VALUES ( 
4); 
INSERT INTO HAND ( ID ) VALUES ( 
5); 
commit;
 
INSERT INTO HAND_CARD ( HAND_ID, CARD_ID ) VALUES ( 
1, 1); 
INSERT INTO HAND_CARD ( HAND_ID, CARD_ID ) VALUES ( 
1, 25); 
INSERT INTO HAND_CARD ( HAND_ID, CARD_ID ) VALUES ( 
1, 52); 
INSERT INTO HAND_CARD ( HAND_ID, CARD_ID ) VALUES ( 
2, 2); 
INSERT INTO HAND_CARD ( HAND_ID, CARD_ID ) VALUES ( 
2, 3); 
INSERT INTO HAND_CARD ( HAND_ID, CARD_ID ) VALUES ( 
2, 5); 
INSERT INTO HAND_CARD ( HAND_ID, CARD_ID ) VALUES ( 
3, 6); 
INSERT INTO HAND_CARD ( HAND_ID, CARD_ID ) VALUES ( 
3, 14); 
INSERT INTO HAND_CARD ( HAND_ID, CARD_ID ) VALUES ( 
3, 15); 
INSERT INTO HAND_CARD ( HAND_ID, CARD_ID ) VALUES ( 
4, 26); 
INSERT INTO HAND_CARD ( HAND_ID, CARD_ID ) VALUES ( 
4, 27); 
INSERT INTO HAND_CARD ( HAND_ID, CARD_ID ) VALUES ( 
4, 30); 
INSERT INTO HAND_CARD ( HAND_ID, CARD_ID ) VALUES ( 
5, 39); 
INSERT INTO HAND_CARD ( HAND_ID, CARD_ID ) VALUES ( 
5, 40); 
INSERT INTO HAND_CARD ( HAND_ID, CARD_ID ) VALUES ( 
5, 41); 
commit;
 
INSERT INTO HARD_DRIVE ( ID, DRIVE_SIZE, COMPUTER_ID ) VALUES ( 
1, 1, 1); 
INSERT INTO HARD_DRIVE ( ID, DRIVE_SIZE, COMPUTER_ID ) VALUES ( 
2, 2, 2); 
INSERT INTO HARD_DRIVE ( ID, DRIVE_SIZE, COMPUTER_ID ) VALUES ( 
3, 3, 2); 
commit;
 
INSERT INTO HUMAN ( MAMMAL_ID, DIET ) VALUES ( 
1, 'DIET1'); 
INSERT INTO HUMAN ( MAMMAL_ID, DIET ) VALUES ( 
2, 'DIET2'); 
INSERT INTO HUMAN ( MAMMAL_ID, DIET ) VALUES ( 
3, 'DIET3'); 
INSERT INTO HUMAN ( MAMMAL_ID, DIET ) VALUES ( 
4, 'DIET4'); 
commit;
 
INSERT INTO INTEGER_KEY ( ID, NAME ) VALUES ( 
1, 'Name1'); 
INSERT INTO INTEGER_KEY ( ID, NAME ) VALUES ( 
2, 'Name2'); 
INSERT INTO INTEGER_KEY ( ID, NAME ) VALUES ( 
3, 'Name3'); 
INSERT INTO INTEGER_KEY ( ID, NAME ) VALUES ( 
4, 'Name4'); 
INSERT INTO INTEGER_KEY ( ID, NAME ) VALUES ( 
5, 'Name5'); 
commit;
 
INSERT INTO KEY ( ID, TYPE, KEYCHAIN_ID ) VALUES ( 
1, 'Type1', 1); 
INSERT INTO KEY ( ID, TYPE, KEYCHAIN_ID ) VALUES ( 
2, 'Type2', 2); 
INSERT INTO KEY ( ID, TYPE, KEYCHAIN_ID ) VALUES ( 
3, 'Type3', 2); 
commit;
 
INSERT INTO KEYCHAIN ( ID, NAME ) VALUES ( 
1, 'Name1'); 
INSERT INTO KEYCHAIN ( ID, NAME ) VALUES ( 
2, 'Name2'); 
INSERT INTO KEYCHAIN ( ID, NAME ) VALUES ( 
3, 'Name3'); 
INSERT INTO KEYCHAIN ( ID, NAME ) VALUES ( 
4, 'Name4'); 
INSERT INTO KEYCHAIN ( ID, NAME ) VALUES ( 
5, 'Name5'); 
commit;
 
INSERT INTO LCD_MONITOR ( MONITOR_ID, DPI_SUPPORTED ) VALUES ( 
2, 2323); 
INSERT INTO LCD_MONITOR ( MONITOR_ID, DPI_SUPPORTED ) VALUES ( 
3, 1212); 
commit;
 
INSERT INTO MAMMAL ( ID, HAIR_COLOR ) VALUES ( 
1, 'Hair_Color1'); 
INSERT INTO MAMMAL ( ID, HAIR_COLOR ) VALUES ( 
2, 'Hair_Color2'); 
INSERT INTO MAMMAL ( ID, HAIR_COLOR ) VALUES ( 
3, 'Hair_Color3'); 
INSERT INTO MAMMAL ( ID, HAIR_COLOR ) VALUES ( 
4, 'Hair_Color4'); 
INSERT INTO MAMMAL ( ID, HAIR_COLOR ) VALUES ( 
5, 'Hair_Color5'); 
commit;
 
INSERT INTO MONITOR ( DISPLAY_ID, BRAND ) VALUES ( 
1, 'A'); 
INSERT INTO MONITOR ( DISPLAY_ID, BRAND ) VALUES ( 
2, 'B'); 
INSERT INTO MONITOR ( DISPLAY_ID, BRAND ) VALUES ( 
3, 'C'); 
INSERT INTO MONITOR ( DISPLAY_ID, BRAND ) VALUES ( 
4, 'D'); 
commit;
 
INSERT INTO ORDERLINE ( ID, NAME ) VALUES ( 
1, 'Name1'); 
INSERT INTO ORDERLINE ( ID, NAME ) VALUES ( 
2, 'Name2'); 
INSERT INTO ORDERLINE ( ID, NAME ) VALUES ( 
3, 'Name3'); 
INSERT INTO ORDERLINE ( ID, NAME ) VALUES ( 
4, 'Name4'); 
INSERT INTO ORDERLINE ( ID, NAME ) VALUES ( 
5, 'Name5'); 
commit;
 
INSERT INTO PARENT ( ID, NAME ) VALUES ( 
1, 'Name1'); 
INSERT INTO PARENT ( ID, NAME ) VALUES ( 
2, 'Name2'); 
INSERT INTO PARENT ( ID, NAME ) VALUES ( 
3, 'Name3'); 
INSERT INTO PARENT ( ID, NAME ) VALUES ( 
4, 'Name4'); 
INSERT INTO PARENT ( ID, NAME ) VALUES ( 
5, 'Name5'); 
INSERT INTO PARENT ( ID, NAME ) VALUES ( 
6, 'Name6'); 
INSERT INTO PARENT ( ID, NAME ) VALUES ( 
7, 'Name7'); 
INSERT INTO PARENT ( ID, NAME ) VALUES ( 
8, 'Name8'); 
INSERT INTO PARENT ( ID, NAME ) VALUES ( 
9, 'Name9'); 
INSERT INTO PARENT ( ID, NAME ) VALUES ( 
10, 'Name10'); 
commit;
 
INSERT INTO PAYMENT ( ID, AMOUNT ) VALUES ( 
1, 1); 
INSERT INTO PAYMENT ( ID, AMOUNT ) VALUES ( 
2, 2); 
INSERT INTO PAYMENT ( ID, AMOUNT ) VALUES ( 
3, 3); 
INSERT INTO PAYMENT ( ID, AMOUNT ) VALUES ( 
4, 4); 
INSERT INTO PAYMENT ( ID, AMOUNT ) VALUES ( 
5, 5); 
commit;
 
INSERT INTO PERSON ( ID, NAME, ADDRESS_ID ) VALUES ( 
1, 'Name1', 1); 
INSERT INTO PERSON ( ID, NAME, ADDRESS_ID ) VALUES ( 
2, 'Name2', 2); 
INSERT INTO PERSON ( ID, NAME, ADDRESS_ID ) VALUES ( 
3, 'Name3', 3); 
INSERT INTO PERSON ( ID, NAME, ADDRESS_ID ) VALUES ( 
4, 'Name4', NULL); 
INSERT INTO PERSON ( ID, NAME, ADDRESS_ID ) VALUES ( 
5, 'Name5', NULL); 
commit;
 
INSERT INTO PRODUCT ( ID, NAME, ORDERLINE_ID ) VALUES ( 
1, 'Name1', 1); 
INSERT INTO PRODUCT ( ID, NAME, ORDERLINE_ID ) VALUES ( 
2, 'Name2', 2); 
INSERT INTO PRODUCT ( ID, NAME, ORDERLINE_ID ) VALUES ( 
3, 'Name3', NULL); 
commit;
 
INSERT INTO PROFESSOR ( ID, NAME ) VALUES ( 
1, 'Name1'); 
INSERT INTO PROFESSOR ( ID, NAME ) VALUES ( 
2, 'Name2'); 
INSERT INTO PROFESSOR ( ID, NAME ) VALUES ( 
3, 'Name3'); 
INSERT INTO PROFESSOR ( ID, NAME ) VALUES ( 
4, 'Name4'); 
INSERT INTO PROFESSOR ( ID, NAME ) VALUES ( 
5, 'Name5'); 
INSERT INTO PROFESSOR ( ID, NAME ) VALUES ( 
6, 'Name6'); 
INSERT INTO PROFESSOR ( ID, NAME ) VALUES ( 
7, 'Name7'); 
INSERT INTO PROFESSOR ( ID, NAME ) VALUES ( 
8, 'Name8'); 
INSERT INTO PROFESSOR ( ID, NAME ) VALUES ( 
9, 'Name9'); 
INSERT INTO PROFESSOR ( ID, NAME ) VALUES ( 
10, 'Name10'); 
INSERT INTO PROFESSOR ( ID, NAME ) VALUES ( 
11, 'Name11'); 
INSERT INTO PROFESSOR ( ID, NAME ) VALUES ( 
12, 'Name12'); 
INSERT INTO PROFESSOR ( ID, NAME ) VALUES ( 
13, 'Name13'); 
INSERT INTO PROFESSOR ( ID, NAME ) VALUES ( 
14, 'Name14'); 
INSERT INTO PROFESSOR ( ID, NAME ) VALUES ( 
15, 'Name15'); 
commit;
 
INSERT INTO PROJECT ( ID, NAME ) VALUES ( 
1, 'Name1'); 
INSERT INTO PROJECT ( ID, NAME ) VALUES ( 
2, 'Name2'); 
INSERT INTO PROJECT ( ID, NAME ) VALUES ( 
3, 'Name3'); 
INSERT INTO PROJECT ( ID, NAME ) VALUES ( 
4, 'Name4'); 
INSERT INTO PROJECT ( ID, NAME ) VALUES ( 
5, 'Name5'); 
INSERT INTO PROJECT ( ID, NAME ) VALUES ( 
6, 'Name6'); 
INSERT INTO PROJECT ( ID, NAME ) VALUES ( 
7, 'Name7'); 
INSERT INTO PROJECT ( ID, NAME ) VALUES ( 
8, 'Name8'); 
INSERT INTO PROJECT ( ID, NAME ) VALUES ( 
9, 'Name9'); 
INSERT INTO PROJECT ( ID, NAME ) VALUES ( 
10, 'Name10'); 
commit;
 
INSERT INTO RESTAURANT ( ID, NAME ) VALUES ( 
1, 'Rest1'); 
INSERT INTO RESTAURANT ( ID, NAME ) VALUES ( 
2, 'Rest2'); 
INSERT INTO RESTAURANT ( ID, NAME ) VALUES ( 
3, 'Rest3'); 
INSERT INTO RESTAURANT ( ID, NAME ) VALUES ( 
4, 'Rest4'); 
INSERT INTO RESTAURANT ( ID, NAME ) VALUES ( 
5, 'Rest5'); 
commit;
 
INSERT INTO STRING_KEY ( ID, NAME ) VALUES ( 
'ID1', 'Name1'); 
INSERT INTO STRING_KEY ( ID, NAME ) VALUES ( 
'ID2', 'Name2'); 
INSERT INTO STRING_KEY ( ID, NAME ) VALUES ( 
'ID3', 'Name3'); 
INSERT INTO STRING_KEY ( ID, NAME ) VALUES ( 
'ID4', 'Name4'); 
INSERT INTO STRING_KEY ( ID, NAME ) VALUES ( 
'ID5', 'Name5'); 
commit;
 
INSERT INTO STUDENT ( ID, NAME ) VALUES ( 
1, 'Name1'); 
INSERT INTO STUDENT ( ID, NAME ) VALUES ( 
2, 'Name2'); 
INSERT INTO STUDENT ( ID, NAME ) VALUES ( 
3, 'Name3'); 
INSERT INTO STUDENT ( ID, NAME ) VALUES ( 
4, 'Name4'); 
INSERT INTO STUDENT ( ID, NAME ) VALUES ( 
5, 'Name5'); 
INSERT INTO STUDENT ( ID, NAME ) VALUES ( 
6, 'Name6'); 
INSERT INTO STUDENT ( ID, NAME ) VALUES ( 
7, 'Name7'); 
INSERT INTO STUDENT ( ID, NAME ) VALUES ( 
8, 'Name8'); 
INSERT INTO STUDENT ( ID, NAME ) VALUES ( 
9, 'Name9'); 
INSERT INTO STUDENT ( ID, NAME ) VALUES ( 
10, 'Name10'); 
commit;
 
INSERT INTO SUIT ( ID, NAME, DECK_ID ) VALUES ( 
1, 'Spade', 1); 
INSERT INTO SUIT ( ID, NAME, DECK_ID ) VALUES ( 
2, 'Flower', 1); 
INSERT INTO SUIT ( ID, NAME, DECK_ID ) VALUES ( 
3, 'Diamond', 1); 
INSERT INTO SUIT ( ID, NAME, DECK_ID ) VALUES ( 
4, 'Heart', 1); 
commit;
 
INSERT INTO TENURED_PROFESSOR ( PROFESSOR_ID, TENURED_YEAR ) VALUES ( 
1, 1); 
INSERT INTO TENURED_PROFESSOR ( PROFESSOR_ID, TENURED_YEAR ) VALUES ( 
2, 2); 
INSERT INTO TENURED_PROFESSOR ( PROFESSOR_ID, TENURED_YEAR ) VALUES ( 
3, 3); 
INSERT INTO TENURED_PROFESSOR ( PROFESSOR_ID, TENURED_YEAR ) VALUES ( 
4, 4); 
INSERT INTO TENURED_PROFESSOR ( PROFESSOR_ID, TENURED_YEAR ) VALUES ( 
5, 5); 
commit;
 
INSERT INTO UNDERGRADUATE_STUDENT ( STUDENT_ID ) VALUES ( 
1); 
INSERT INTO UNDERGRADUATE_STUDENT ( STUDENT_ID ) VALUES ( 
2); 
INSERT INTO UNDERGRADUATE_STUDENT ( STUDENT_ID ) VALUES ( 
3); 
INSERT INTO UNDERGRADUATE_STUDENT ( STUDENT_ID ) VALUES ( 
4); 
INSERT INTO UNDERGRADUATE_STUDENT ( STUDENT_ID ) VALUES ( 
5); 
commit;
 
