-- This script assumes that 'public' schema is used for the particular database in postgres.
-- Structure =
-- > database->schema->tables
-- > database->schema->trigger
-- > database->schema->functions
-- > database->schema->indexes
-- Refer the postgres documentation for further details.
--
-- CREATE SCHEMA public;

SET search_path TO public;

DROP TABLE IF EXISTS CSM_APPLICATION CASCADE
;

DROP TABLE IF EXISTS CSM_GROUP CASCADE	
;

DROP TABLE IF EXISTS CSM_PRIVILEGE CASCADE	
;

DROP TABLE IF EXISTS CSM_PROTECTION_ELEMENT CASCADE	
;

DROP TABLE IF EXISTS CSM_PROTECTION_GROUP CASCADE	
;

DROP TABLE IF EXISTS CSM_PG_PE CASCADE	
;

DROP TABLE IF EXISTS CSM_ROLE CASCADE	
;

DROP TABLE IF EXISTS CSM_ROLE_PRIVILEGE CASCADE	
;

DROP TABLE IF EXISTS CSM_USER CASCADE	
;

DROP TABLE IF EXISTS CSM_USER_GROUP CASCADE	
;

DROP TABLE IF EXISTS CSM_USER_GROUP_ROLE_PG CASCADE	
;

DROP TABLE IF EXISTS CSM_USER_PE CASCADE	
;

DROP TABLE IF EXISTS CSM_FILTER_CLAUSE CASCADE;


DROP SEQUENCE  IF EXISTS CSM_FILTER_CLAUSE_SEQ
;

DROP SEQUENCE IF EXISTS CSM_APPLICATI_APPLICATION__SEQ
;

DROP SEQUENCE IF EXISTS CSM_GROUP_GROUP_ID_SEQ
;

DROP SEQUENCE IF EXISTS CSM_PG_PE_PG_PE_ID_SEQ
;

DROP SEQUENCE IF EXISTS CSM_PRIVILEGE_PRIVILEGE_ID_SEQ
;

DROP SEQUENCE IF EXISTS CSM_PROTECTIO_PROTECTION_E_SEQ
;

DROP SEQUENCE IF EXISTS CSM_PROTECTIO_PROTECTION_G_SEQ
;

DROP SEQUENCE IF EXISTS CSM_ROLE_ROLE_ID_SEQ
;

DROP SEQUENCE IF EXISTS CSM_ROLE_PRIV_ROLE_PRIVILE_SEQ
;

DROP SEQUENCE IF EXISTS CSM_USER_USER_ID_SEQ
;

DROP SEQUENCE IF EXISTS CSM_USER_GROU_USER_GROUP_I_SEQ
;

DROP SEQUENCE IF EXISTS CSM_USER_GROU_USER_GROUP_R_SEQ
;

DROP SEQUENCE IF EXISTS CSM_USER_PE_USER_PROTECTIO_SEQ
;


CREATE SEQUENCE CSM_APPLICATI_APPLICATION__SEQ
;

CREATE TABLE CSM_APPLICATION
(
APPLICATION_ID int8 default nextval('CSM_APPLICATI_APPLICATION__SEQ'),
APPLICATION_NAME character varying(255) NOT NULL,
APPLICATION_DESCRIPTION character varying(200) NOT NULL,
UPDATE_DATE date NOT NULL default current_date,
DATABASE_URL character varying(100),
DATABASE_USER_NAME character varying(100),
DATABASE_PASSWORD character varying(100),
DATABASE_DIALECT character varying(100),
DATABASE_DRIVER character varying(100),
DECLARATIVE_FLAG character varying(1) DEFAULT 0,
ACTIVE_FLAG character varying(1) DEFAULT 0,
CSM_VERSION character varying(20),
PRIMARY KEY (APPLICATION_ID)
) 
;

DROP TABLE IF EXISTS CSM_MAPPING CASCADE
;
DROP SEQUENCE IF EXISTS CSM_MAPPING_SEQ
;
CREATE SEQUENCE CSM_MAPPING_SEQ
;
CREATE TABLE CSM_MAPPING ( 
                MAPPING_ID int8 not null default nextval('CSM_MAPPING_SEQ'),
                APPLICATION_ID int8 NOT NULL,
                OBJECT_NAME character varying(100) NOT NULL,
                ATTRIBUTE_NAME character varying(100) NOT NULL,
                OBJECT_PACKAGE_NAME character varying(100),
                TABLE_NAME character varying(100),
                TABLE_NAME_GROUP character varying(100),
                TABLE_NAME_USER character varying(100),
                VIEW_NAME_GROUP character varying(100),
                VIEW_NAME_USER character varying(100),
                ACTIVE_FLAG character varying(1) DEFAULT 0,
                MAINTAINED_FLAG character varying(1) DEFAULT 0,
                UPDATE_DATE date NOT NULL default current_date,
                PRIMARY KEY(MAPPING_ID)       
);
ALTER TABLE CSM_MAPPING ADD CONSTRAINT FK_PE_APPLICATION 
FOREIGN KEY (APPLICATION_ID) REFERENCES CSM_APPLICATION (APPLICATION_ID)
ON DELETE CASCADE
;
ALTER TABLE CSM_MAPPING
ADD CONSTRAINT UQ_MP_OBJ_NAME_ATTRI_NAME_APP_ID UNIQUE (OBJECT_NAME,ATTRIBUTE_NAME,APPLICATION_ID)
;


CREATE SEQUENCE CSM_FILTER_CLAUSE_SEQ;
CREATE TABLE CSM_FILTER_CLAUSE ( 
	FILTER_CLAUSE_ID int8 not null default nextval('CSM_FILTER_CLAUSE_SEQ'),
	CLASS_NAME character varying(100) NOT NULL,
	FILTER_CHAIN character varying(2000) NOT NULL,
	TARGET_CLASS_NAME character varying(100) NOT NULL,
	TARGET_CLASS_ATTRIBUTE_NAME character varying(100) NOT NULL,
	TARGET_CLASS_ATTRIBUTE_TYPE character varying(100) NOT NULL,
	TARGET_CLASS_ALIAS character varying(100),
	TARGET_CLASS_ATTRIBUTE_ALIAS character varying(100),
	GENERATED_SQL_USER character varying(4000) NOT NULL,
	GENERATED_SQL_GROUP character varying(4000) NOT NULL,
	APPLICATION_ID int8 NOT NULL,
	UPDATE_DATE DATE NOT NULL default current_date,
	PRIMARY KEY(FILTER_CLAUSE_ID)	
);

CREATE SEQUENCE CSM_GROUP_GROUP_ID_SEQ	
;

CREATE TABLE CSM_GROUP
(
GROUP_ID int8 default nextval('CSM_GROUP_GROUP_ID_SEQ'), 
GROUP_NAME character varying(255) NOT NULL,
GROUP_DESC character varying(200) NOT NULL,
UPDATE_DATE date NOT NULL default current_date,
APPLICATION_ID int8 NOT NULL,
PRIMARY KEY (GROUP_ID)
) 
;


CREATE SEQUENCE CSM_PRIVILEGE_PRIVILEGE_ID_SEQ 
;

CREATE TABLE CSM_PRIVILEGE ( 
PRIVILEGE_ID int8 default nextval('CSM_PRIVILEGE_PRIVILEGE_ID_SEQ'), 
PRIVILEGE_NAME character varying(100) NOT NULL,
PRIVILEGE_DESCRIPTION character varying(200),
UPDATE_DATE date NOT NULL default current_date,
PRIMARY KEY(PRIVILEGE_ID)
)
;

CREATE SEQUENCE CSM_PROTECTIO_PROTECTION_E_SEQ
;

CREATE TABLE CSM_PROTECTION_ELEMENT (
PROTECTION_ELEMENT_ID int8 default nextval('CSM_PROTECTIO_PROTECTION_E_SEQ'), 
PROTECTION_ELEMENT_NAME character varying(100) NOT NULL,
PROTECTION_ELEMENT_DESCRIPTION character varying(200),
OBJECT_ID character varying(100) NOT NULL,
ATTRIBUTE character varying(100) ,
ATTRIBUTE_VALUE character varying(100) ,
PROTECTION_ELEMENT_TYPE character varying(100),
APPLICATION_ID int8 NOT NULL,
UPDATE_DATE date NOT NULL default current_date,
PRIMARY KEY(PROTECTION_ELEMENT_ID)
)
;

CREATE SEQUENCE CSM_PROTECTIO_PROTECTION_G_SEQ
;

CREATE TABLE CSM_PROTECTION_GROUP ( 
PROTECTION_GROUP_ID int8 default nextval('CSM_PROTECTIO_PROTECTION_G_SEQ'), 
PROTECTION_GROUP_NAME character varying(100) NOT NULL,
PROTECTION_GROUP_DESCRIPTION character varying(200),
APPLICATION_ID int8 NOT NULL,
LARGE_ELEMENT_COUNT_FLAG smallint NOT NULL,
UPDATE_DATE date NOT NULL default current_date,
PARENT_PROTECTION_GROUP_ID int8,
PRIMARY KEY(PROTECTION_GROUP_ID)
)
;


CREATE SEQUENCE CSM_PG_PE_PG_PE_ID_SEQ
;

CREATE TABLE CSM_PG_PE ( 
PG_PE_ID int8 default nextval('CSM_PG_PE_PG_PE_ID_SEQ'), 
PROTECTION_GROUP_ID int8 NOT NULL,
PROTECTION_ELEMENT_ID int8 NOT NULL,
UPDATE_DATE date default current_date,
PRIMARY KEY(PG_PE_ID)
)
;

DROP FUNCTION IF EXISTS SET_CSM_PG_PE_UPDATE_DATE();

--CREATE FUNCTION SET_CSM_PG_PE_UPDATE_DATE() RETURNS trigger AS $SET_CSM_PG_PE_UPDATE_DATE$
--BEGIN
--NEW.update_date := current_date;
--RETURN NEW;
--END;
--$SET_CSM_PG_PE_UPDATE_DATE$ LANGUAGE plpgsql
--;
--
--CREATE TRIGGER SET_CSM_PG_PE_UPDATE_DATE BEFORE UPDATE ON CSM_PG_PE
--FOR EACH ROW EXECUTE PROCEDURE SET_CSM_PG_PE_UPDATE_DATE()
--;

CREATE SEQUENCE CSM_ROLE_ROLE_ID_SEQ
;

CREATE TABLE CSM_ROLE ( 
ROLE_ID int8 default nextval('CSM_ROLE_ROLE_ID_SEQ'), 
ROLE_NAME character varying(100) NOT NULL,
ROLE_DESCRIPTION character varying(200),
APPLICATION_ID int8 NOT NULL,
ACTIVE_FLAG smallint NOT NULL,
UPDATE_DATE date NOT NULL default current_date,
PRIMARY KEY(ROLE_ID)
)
;

CREATE SEQUENCE CSM_ROLE_PRIV_ROLE_PRIVILE_SEQ
;

CREATE TABLE CSM_ROLE_PRIVILEGE ( 
ROLE_PRIVILEGE_ID int8 default nextval('CSM_ROLE_PRIV_ROLE_PRIVILE_SEQ'), 
ROLE_ID int8 NOT NULL,
PRIVILEGE_ID int8 NOT NULL,
PRIMARY KEY(ROLE_PRIVILEGE_ID)
)
;

CREATE SEQUENCE CSM_USER_USER_ID_SEQ
;

CREATE TABLE CSM_USER ( 
USER_ID int8 default nextval('CSM_USER_USER_ID_SEQ'), 
PREMGRT_LOGIN_NAME character varying(100),
MIGRATED_FLAG smallint DEFAULT 0 NOT NULL,
LOGIN_NAME character varying(500) NOT NULL,
FIRST_NAME character varying(100) NOT NULL,
LAST_NAME character varying(100) NOT NULL,
ORGANIZATION character varying(100),
DEPARTMENT character varying(100),
TITLE character varying(100),
PHONE_NUMBER character varying(15),
PASSWORD character varying(100),
EMAIL_ID character varying(100),
START_DATE DATE,
END_DATE DATE,
UPDATE_DATE date NOT NULL default current_date,
PRIMARY KEY(USER_ID)
)
;

CREATE SEQUENCE CSM_USER_GROU_USER_GROUP_I_SEQ
;

CREATE TABLE CSM_USER_GROUP ( 
USER_GROUP_ID int8 default nextval('CSM_USER_GROU_USER_GROUP_I_SEQ'), 
USER_ID int8 NOT NULL,
GROUP_ID int8 NOT NULL,
PRIMARY KEY(USER_GROUP_ID)
)
;

CREATE SEQUENCE CSM_USER_GROU_USER_GROUP_R_SEQ
;

CREATE TABLE CSM_USER_GROUP_ROLE_PG ( 
USER_GROUP_ROLE_PG_ID int8 default nextval('CSM_USER_GROU_USER_GROUP_R_SEQ'), 
USER_ID int8,
GROUP_ID int8,
ROLE_ID int8 NOT NULL,
PROTECTION_GROUP_ID int8 NOT NULL,
UPDATE_DATE date NOT NULL default current_date,
PRIMARY KEY(USER_GROUP_ROLE_PG_ID)
)
;

CREATE SEQUENCE CSM_USER_PE_USER_PROTECTIO_SEQ
;

CREATE TABLE CSM_USER_PE ( 
USER_PROTECTION_ELEMENT_ID int8 default nextval('CSM_USER_PE_USER_PROTECTIO_SEQ'), 
PROTECTION_ELEMENT_ID int8 NOT NULL,
USER_ID int8 NOT NULL,
PRIMARY KEY(USER_PROTECTION_ELEMENT_ID)
)
;

COMMIT
;

INSERT INTO CSM_APPLICATION (APPLICATION_ID, APPLICATION_NAME, APPLICATION_DESCRIPTION, DECLARATIVE_FLAG, ACTIVE_FLAG, UPDATE_DATE, DATABASE_URL, DATABASE_USER_NAME, DATABASE_PASSWORD, DATABASE_DIALECT, DATABASE_DRIVER, CSM_VERSION) VALUES (1, 'csmupt', 'UPT Super Admin Application', '0', '0', '2007-02-28', NULL, NULL, NULL, NULL, NULL, NULL);
INSERT INTO CSM_APPLICATION (APPLICATION_ID, APPLICATION_NAME, APPLICATION_DESCRIPTION, DECLARATIVE_FLAG, ACTIVE_FLAG, UPDATE_DATE, DATABASE_URL, DATABASE_USER_NAME, DATABASE_PASSWORD, DATABASE_DIALECT, DATABASE_DRIVER, CSM_VERSION) VALUES (2, 'sdk', 'sdk', '1', '1', '2008-04-02', '@CSM_DB_CONNECTION_URL@','@CSM_DB_USERNAME@', '2+crCBHCPUC8j2uyHEABIQ==', 'org.hibernate.dialect.PostgreSQLDialect', 'org.postgresql.Driver', NULL);

INSERT INTO csm_filter_clause (FILTER_CLAUSE_ID, CLASS_NAME, FILTER_CHAIN, TARGET_CLASS_NAME, TARGET_CLASS_ATTRIBUTE_NAME, TARGET_CLASS_ATTRIBUTE_TYPE, TARGET_CLASS_ALIAS, TARGET_CLASS_ATTRIBUTE_ALIAS, GENERATED_SQL_USER, GENERATED_SQL_GROUP, APPLICATION_ID, UPDATE_DATE) VALUES (17, 'gov.nih.nci.cacoresdk.domain.other.levelassociation.Card', 'suit, deck', 'gov.nih.nci.cacoresdk.domain.other.levelassociation.Deck - deck', 'id', 'java.lang.Integer', NULL, NULL, 'ID in (select table_name_csm_.ID   from CARD table_name_csm_, SUIT suit1_, DECK deck2_ where table_name_csm_.SUIT_ID=suit1_.ID and suit1_.DECK_ID=deck2_.ID and deck2_.ID in ( select pe.attribute_value from csm_protection_group pg, csm_protection_element pe, csm_pg_pe pgpe, csm_user_group_role_pg ugrpg, csm_user u, csm_role_privilege rp, csm_role r, csm_privilege p where ugrpg.role_id = r.role_id and ugrpg.user_id = u.user_id and ugrpg.protection_group_id = ANY (select pg1.protection_group_id from csm_protection_group pg1 where pg1.protection_group_id = pg.protection_group_id or pg1.protection_group_id = (select pg2.parent_protection_group_id from csm_protection_group pg2 where pg2.protection_group_id = pg.protection_group_id)) and pg.protection_group_id = pgpe.protection_group_id and pgpe.protection_element_id = pe.protection_element_id and r.role_id = rp.role_id and rp.privilege_id = p.privilege_id and pe.object_id= ''gov.nih.nci.cacoresdk.domain.other.levelassociation.Deck'' and pe.attribute=''id'' and p.privilege_name=''READ'' and u.login_name=:USER_NAME and pe.application_id=:APPLICATION_ID))', 'ID in (select table_name_csm_.ID   from CARD table_name_csm_, SUIT suit1_, DECK deck2_ where table_name_csm_.SUIT_ID=suit1_.ID and suit1_.DECK_ID=deck2_.ID and deck2_.ID in ( select distinct pe.attribute_value from csm_protection_group pg, 	csm_protection_element pe, 	csm_pg_pe pgpe,	csm_user_group_role_pg ugrpg, 	csm_group g, 	csm_role_privilege rp, 	csm_role r, 	csm_privilege p where ugrpg.role_id = r.role_id and ugrpg.group_id = g.group_id and ugrpg.protection_group_id = any ( select pg1.protection_group_id from csm_protection_group pg1  where pg1.protection_group_id = pg.protection_group_id or pg1.protection_group_id =  (select pg2.parent_protection_group_id from csm_protection_group pg2 where pg2.protection_group_id = pg.protection_group_id) ) and pg.protection_group_id = pgpe.protection_group_id and pgpe.protection_element_id = pe.protection_element_id and r.role_id = rp.role_id and rp.privilege_id = p.privilege_id and pe.object_id= ''gov.nih.nci.cacoresdk.domain.other.levelassociation.Deck'' and pe.attribute=''id'' and p.privilege_name=''READ'' and g.group_name IN (:GROUP_NAMES ) and pe.application_id=:APPLICATION_ID))', 2, '2008-06-30');

INSERT INTO csm_group (GROUP_ID, GROUP_NAME, GROUP_DESC, UPDATE_DATE, APPLICATION_ID) VALUES (2, 'Group1', 'Group 1 - Access to All PE''s.  Same as user1', '2008-06-30', 2);
INSERT INTO csm_group (GROUP_ID, GROUP_NAME, GROUP_DESC, UPDATE_DATE, APPLICATION_ID) VALUES (3, 'Group2', 'Group 2 - Same limited access as user2', '2008-06-30', 2);
INSERT INTO csm_group (GROUP_ID, GROUP_NAME, GROUP_DESC, UPDATE_DATE, APPLICATION_ID) VALUES (4, 'Group3', 'Group3 - No access', '2008-06-30', 2);

INSERT INTO csm_pg_pe (PG_PE_ID, PROTECTION_GROUP_ID, PROTECTION_ELEMENT_ID, UPDATE_DATE) VALUES (107, 2, 11, '2007-07-17');
INSERT INTO csm_pg_pe (PG_PE_ID, PROTECTION_GROUP_ID, PROTECTION_ELEMENT_ID, UPDATE_DATE) VALUES (108, 2, 24, '2007-07-17');
INSERT INTO csm_pg_pe (PG_PE_ID, PROTECTION_GROUP_ID, PROTECTION_ELEMENT_ID, UPDATE_DATE) VALUES (110, 2, 8, '2007-07-17');
INSERT INTO csm_pg_pe (PG_PE_ID, PROTECTION_GROUP_ID, PROTECTION_ELEMENT_ID, UPDATE_DATE) VALUES (111, 3, 37, '2007-07-17');
INSERT INTO csm_pg_pe (PG_PE_ID, PROTECTION_GROUP_ID, PROTECTION_ELEMENT_ID, UPDATE_DATE) VALUES (670, 1, 100, '2007-12-19');
INSERT INTO csm_pg_pe (PG_PE_ID, PROTECTION_GROUP_ID, PROTECTION_ELEMENT_ID, UPDATE_DATE) VALUES (671, 1, 33, '2007-12-19');
INSERT INTO csm_pg_pe (PG_PE_ID, PROTECTION_GROUP_ID, PROTECTION_ELEMENT_ID, UPDATE_DATE) VALUES (672, 1, 81, '2007-12-19');
INSERT INTO csm_pg_pe (PG_PE_ID, PROTECTION_GROUP_ID, PROTECTION_ELEMENT_ID, UPDATE_DATE) VALUES (673, 1, 108, '2007-12-19');
INSERT INTO csm_pg_pe (PG_PE_ID, PROTECTION_GROUP_ID, PROTECTION_ELEMENT_ID, UPDATE_DATE) VALUES (674, 1, 88, '2007-12-19');
INSERT INTO csm_pg_pe (PG_PE_ID, PROTECTION_GROUP_ID, PROTECTION_ELEMENT_ID, UPDATE_DATE) VALUES (675, 1, 83, '2007-12-19');
INSERT INTO csm_pg_pe (PG_PE_ID, PROTECTION_GROUP_ID, PROTECTION_ELEMENT_ID, UPDATE_DATE) VALUES (676, 1, 77, '2007-12-19');
INSERT INTO csm_pg_pe (PG_PE_ID, PROTECTION_GROUP_ID, PROTECTION_ELEMENT_ID, UPDATE_DATE) VALUES (677, 1, 4, '2007-12-19');
INSERT INTO csm_pg_pe (PG_PE_ID, PROTECTION_GROUP_ID, PROTECTION_ELEMENT_ID, UPDATE_DATE) VALUES (678, 1, 113, '2007-12-19');
INSERT INTO csm_pg_pe (PG_PE_ID, PROTECTION_GROUP_ID, PROTECTION_ELEMENT_ID, UPDATE_DATE) VALUES (679, 1, 17, '2007-12-19');
INSERT INTO csm_pg_pe (PG_PE_ID, PROTECTION_GROUP_ID, PROTECTION_ELEMENT_ID, UPDATE_DATE) VALUES (680, 1, 15, '2007-12-19');
INSERT INTO csm_pg_pe (PG_PE_ID, PROTECTION_GROUP_ID, PROTECTION_ELEMENT_ID, UPDATE_DATE) VALUES (681, 1, 65, '2007-12-19');
INSERT INTO csm_pg_pe (PG_PE_ID, PROTECTION_GROUP_ID, PROTECTION_ELEMENT_ID, UPDATE_DATE) VALUES (682, 1, 95, '2007-12-19');
INSERT INTO csm_pg_pe (PG_PE_ID, PROTECTION_GROUP_ID, PROTECTION_ELEMENT_ID, UPDATE_DATE) VALUES (683, 1, 93, '2007-12-19');
INSERT INTO csm_pg_pe (PG_PE_ID, PROTECTION_GROUP_ID, PROTECTION_ELEMENT_ID, UPDATE_DATE) VALUES (684, 1, 90, '2007-12-19');
INSERT INTO csm_pg_pe (PG_PE_ID, PROTECTION_GROUP_ID, PROTECTION_ELEMENT_ID, UPDATE_DATE) VALUES (685, 1, 103, '2007-12-19');
INSERT INTO csm_pg_pe (PG_PE_ID, PROTECTION_GROUP_ID, PROTECTION_ELEMENT_ID, UPDATE_DATE) VALUES (686, 1, 20, '2007-12-19');
INSERT INTO csm_pg_pe (PG_PE_ID, PROTECTION_GROUP_ID, PROTECTION_ELEMENT_ID, UPDATE_DATE) VALUES (687, 1, 101, '2007-12-19');
INSERT INTO csm_pg_pe (PG_PE_ID, PROTECTION_GROUP_ID, PROTECTION_ELEMENT_ID, UPDATE_DATE) VALUES (688, 1, 18, '2007-12-19');
INSERT INTO csm_pg_pe (PG_PE_ID, PROTECTION_GROUP_ID, PROTECTION_ELEMENT_ID, UPDATE_DATE) VALUES (689, 1, 67, '2007-12-19');
INSERT INTO csm_pg_pe (PG_PE_ID, PROTECTION_GROUP_ID, PROTECTION_ELEMENT_ID, UPDATE_DATE) VALUES (690, 1, 76, '2007-12-19');
INSERT INTO csm_pg_pe (PG_PE_ID, PROTECTION_GROUP_ID, PROTECTION_ELEMENT_ID, UPDATE_DATE) VALUES (691, 1, 92, '2007-12-19');
INSERT INTO csm_pg_pe (PG_PE_ID, PROTECTION_GROUP_ID, PROTECTION_ELEMENT_ID, UPDATE_DATE) VALUES (692, 1, 80, '2007-12-19');
INSERT INTO csm_pg_pe (PG_PE_ID, PROTECTION_GROUP_ID, PROTECTION_ELEMENT_ID, UPDATE_DATE) VALUES (693, 1, 82, '2007-12-19');
INSERT INTO csm_pg_pe (PG_PE_ID, PROTECTION_GROUP_ID, PROTECTION_ELEMENT_ID, UPDATE_DATE) VALUES (694, 1, 116, '2007-12-19');
INSERT INTO csm_pg_pe (PG_PE_ID, PROTECTION_GROUP_ID, PROTECTION_ELEMENT_ID, UPDATE_DATE) VALUES (695, 1, 24, '2007-12-19');
INSERT INTO csm_pg_pe (PG_PE_ID, PROTECTION_GROUP_ID, PROTECTION_ELEMENT_ID, UPDATE_DATE) VALUES (696, 1, 91, '2007-12-19');
INSERT INTO csm_pg_pe (PG_PE_ID, PROTECTION_GROUP_ID, PROTECTION_ELEMENT_ID, UPDATE_DATE) VALUES (697, 1, 98, '2007-12-19');
INSERT INTO csm_pg_pe (PG_PE_ID, PROTECTION_GROUP_ID, PROTECTION_ELEMENT_ID, UPDATE_DATE) VALUES (698, 1, 32, '2007-12-19');
INSERT INTO csm_pg_pe (PG_PE_ID, PROTECTION_GROUP_ID, PROTECTION_ELEMENT_ID, UPDATE_DATE) VALUES (699, 1, 14, '2007-12-19');
INSERT INTO csm_pg_pe (PG_PE_ID, PROTECTION_GROUP_ID, PROTECTION_ELEMENT_ID, UPDATE_DATE) VALUES (700, 1, 23, '2007-12-19');
INSERT INTO csm_pg_pe (PG_PE_ID, PROTECTION_GROUP_ID, PROTECTION_ELEMENT_ID, UPDATE_DATE) VALUES (701, 1, 75, '2007-12-19');
INSERT INTO csm_pg_pe (PG_PE_ID, PROTECTION_GROUP_ID, PROTECTION_ELEMENT_ID, UPDATE_DATE) VALUES (702, 1, 99, '2007-12-19');
INSERT INTO csm_pg_pe (PG_PE_ID, PROTECTION_GROUP_ID, PROTECTION_ELEMENT_ID, UPDATE_DATE) VALUES (703, 1, 16, '2007-12-19');
INSERT INTO csm_pg_pe (PG_PE_ID, PROTECTION_GROUP_ID, PROTECTION_ELEMENT_ID, UPDATE_DATE) VALUES (704, 1, 38, '2007-12-19');
INSERT INTO csm_pg_pe (PG_PE_ID, PROTECTION_GROUP_ID, PROTECTION_ELEMENT_ID, UPDATE_DATE) VALUES (705, 1, 66, '2007-12-19');
INSERT INTO csm_pg_pe (PG_PE_ID, PROTECTION_GROUP_ID, PROTECTION_ELEMENT_ID, UPDATE_DATE) VALUES (706, 1, 37, '2007-12-19');
INSERT INTO csm_pg_pe (PG_PE_ID, PROTECTION_GROUP_ID, PROTECTION_ELEMENT_ID, UPDATE_DATE) VALUES (708, 1, 30, '2007-12-19');
INSERT INTO csm_pg_pe (PG_PE_ID, PROTECTION_GROUP_ID, PROTECTION_ELEMENT_ID, UPDATE_DATE) VALUES (709, 1, 45, '2007-12-19');
INSERT INTO csm_pg_pe (PG_PE_ID, PROTECTION_GROUP_ID, PROTECTION_ELEMENT_ID, UPDATE_DATE) VALUES (710, 1, 35, '2007-12-19');
INSERT INTO csm_pg_pe (PG_PE_ID, PROTECTION_GROUP_ID, PROTECTION_ELEMENT_ID, UPDATE_DATE) VALUES (711, 1, 94, '2007-12-19');
INSERT INTO csm_pg_pe (PG_PE_ID, PROTECTION_GROUP_ID, PROTECTION_ELEMENT_ID, UPDATE_DATE) VALUES (712, 1, 41, '2007-12-19');
INSERT INTO csm_pg_pe (PG_PE_ID, PROTECTION_GROUP_ID, PROTECTION_ELEMENT_ID, UPDATE_DATE) VALUES (713, 1, 86, '2007-12-19');
INSERT INTO csm_pg_pe (PG_PE_ID, PROTECTION_GROUP_ID, PROTECTION_ELEMENT_ID, UPDATE_DATE) VALUES (714, 1, 79, '2007-12-19');
INSERT INTO csm_pg_pe (PG_PE_ID, PROTECTION_GROUP_ID, PROTECTION_ELEMENT_ID, UPDATE_DATE) VALUES (715, 1, 27, '2007-12-19');
INSERT INTO csm_pg_pe (PG_PE_ID, PROTECTION_GROUP_ID, PROTECTION_ELEMENT_ID, UPDATE_DATE) VALUES (716, 1, 13, '2007-12-19');
INSERT INTO csm_pg_pe (PG_PE_ID, PROTECTION_GROUP_ID, PROTECTION_ELEMENT_ID, UPDATE_DATE) VALUES (717, 1, 68, '2007-12-19');
INSERT INTO csm_pg_pe (PG_PE_ID, PROTECTION_GROUP_ID, PROTECTION_ELEMENT_ID, UPDATE_DATE) VALUES (718, 1, 71, '2007-12-19');
INSERT INTO csm_pg_pe (PG_PE_ID, PROTECTION_GROUP_ID, PROTECTION_ELEMENT_ID, UPDATE_DATE) VALUES (719, 1, 26, '2007-12-19');
INSERT INTO csm_pg_pe (PG_PE_ID, PROTECTION_GROUP_ID, PROTECTION_ELEMENT_ID, UPDATE_DATE) VALUES (720, 1, 7, '2007-12-19');
INSERT INTO csm_pg_pe (PG_PE_ID, PROTECTION_GROUP_ID, PROTECTION_ELEMENT_ID, UPDATE_DATE) VALUES (721, 1, 25, '2007-12-19');
INSERT INTO csm_pg_pe (PG_PE_ID, PROTECTION_GROUP_ID, PROTECTION_ELEMENT_ID, UPDATE_DATE) VALUES (722, 1, 115, '2007-12-19');
INSERT INTO csm_pg_pe (PG_PE_ID, PROTECTION_GROUP_ID, PROTECTION_ELEMENT_ID, UPDATE_DATE) VALUES (723, 1, 85, '2007-12-19');
INSERT INTO csm_pg_pe (PG_PE_ID, PROTECTION_GROUP_ID, PROTECTION_ELEMENT_ID, UPDATE_DATE) VALUES (724, 1, 110, '2007-12-19');
INSERT INTO csm_pg_pe (PG_PE_ID, PROTECTION_GROUP_ID, PROTECTION_ELEMENT_ID, UPDATE_DATE) VALUES (725, 1, 36, '2007-12-19');
INSERT INTO csm_pg_pe (PG_PE_ID, PROTECTION_GROUP_ID, PROTECTION_ELEMENT_ID, UPDATE_DATE) VALUES (726, 1, 31, '2007-12-19');
INSERT INTO csm_pg_pe (PG_PE_ID, PROTECTION_GROUP_ID, PROTECTION_ELEMENT_ID, UPDATE_DATE) VALUES (727, 1, 11, '2007-12-19');
INSERT INTO csm_pg_pe (PG_PE_ID, PROTECTION_GROUP_ID, PROTECTION_ELEMENT_ID, UPDATE_DATE) VALUES (728, 1, 74, '2007-12-19');
INSERT INTO csm_pg_pe (PG_PE_ID, PROTECTION_GROUP_ID, PROTECTION_ELEMENT_ID, UPDATE_DATE) VALUES (729, 1, 84, '2007-12-19');
INSERT INTO csm_pg_pe (PG_PE_ID, PROTECTION_GROUP_ID, PROTECTION_ELEMENT_ID, UPDATE_DATE) VALUES (730, 1, 102, '2007-12-19');
INSERT INTO csm_pg_pe (PG_PE_ID, PROTECTION_GROUP_ID, PROTECTION_ELEMENT_ID, UPDATE_DATE) VALUES (731, 1, 97, '2007-12-19');
INSERT INTO csm_pg_pe (PG_PE_ID, PROTECTION_GROUP_ID, PROTECTION_ELEMENT_ID, UPDATE_DATE) VALUES (732, 1, 8, '2007-12-19');
INSERT INTO csm_pg_pe (PG_PE_ID, PROTECTION_GROUP_ID, PROTECTION_ELEMENT_ID, UPDATE_DATE) VALUES (733, 1, 43, '2007-12-19');
INSERT INTO csm_pg_pe (PG_PE_ID, PROTECTION_GROUP_ID, PROTECTION_ELEMENT_ID, UPDATE_DATE) VALUES (734, 1, 42, '2007-12-19');
INSERT INTO csm_pg_pe (PG_PE_ID, PROTECTION_GROUP_ID, PROTECTION_ELEMENT_ID, UPDATE_DATE) VALUES (735, 1, 28, '2007-12-19');
INSERT INTO csm_pg_pe (PG_PE_ID, PROTECTION_GROUP_ID, PROTECTION_ELEMENT_ID, UPDATE_DATE) VALUES (736, 1, 70, '2007-12-19');
INSERT INTO csm_pg_pe (PG_PE_ID, PROTECTION_GROUP_ID, PROTECTION_ELEMENT_ID, UPDATE_DATE) VALUES (737, 1, 12, '2007-12-19');
INSERT INTO csm_pg_pe (PG_PE_ID, PROTECTION_GROUP_ID, PROTECTION_ELEMENT_ID, UPDATE_DATE) VALUES (738, 1, 29, '2007-12-19');
INSERT INTO csm_pg_pe (PG_PE_ID, PROTECTION_GROUP_ID, PROTECTION_ELEMENT_ID, UPDATE_DATE) VALUES (739, 1, 72, '2007-12-19');
INSERT INTO csm_pg_pe (PG_PE_ID, PROTECTION_GROUP_ID, PROTECTION_ELEMENT_ID, UPDATE_DATE) VALUES (740, 1, 44, '2007-12-19');
INSERT INTO csm_pg_pe (PG_PE_ID, PROTECTION_GROUP_ID, PROTECTION_ELEMENT_ID, UPDATE_DATE) VALUES (741, 1, 114, '2007-12-19');
INSERT INTO csm_pg_pe (PG_PE_ID, PROTECTION_GROUP_ID, PROTECTION_ELEMENT_ID, UPDATE_DATE) VALUES (742, 1, 22, '2007-12-19');
INSERT INTO csm_pg_pe (PG_PE_ID, PROTECTION_GROUP_ID, PROTECTION_ELEMENT_ID, UPDATE_DATE) VALUES (743, 1, 40, '2007-12-19');
INSERT INTO csm_pg_pe (PG_PE_ID, PROTECTION_GROUP_ID, PROTECTION_ELEMENT_ID, UPDATE_DATE) VALUES (744, 1, 6, '2007-12-19');
INSERT INTO csm_pg_pe (PG_PE_ID, PROTECTION_GROUP_ID, PROTECTION_ELEMENT_ID, UPDATE_DATE) VALUES (745, 1, 87, '2007-12-19');
INSERT INTO csm_pg_pe (PG_PE_ID, PROTECTION_GROUP_ID, PROTECTION_ELEMENT_ID, UPDATE_DATE) VALUES (746, 1, 21, '2007-12-19');
INSERT INTO csm_pg_pe (PG_PE_ID, PROTECTION_GROUP_ID, PROTECTION_ELEMENT_ID, UPDATE_DATE) VALUES (747, 1, 9, '2007-12-19');
INSERT INTO csm_pg_pe (PG_PE_ID, PROTECTION_GROUP_ID, PROTECTION_ELEMENT_ID, UPDATE_DATE) VALUES (748, 1, 34, '2007-12-19');
INSERT INTO csm_pg_pe (PG_PE_ID, PROTECTION_GROUP_ID, PROTECTION_ELEMENT_ID, UPDATE_DATE) VALUES (749, 1, 104, '2007-12-19');
INSERT INTO csm_pg_pe (PG_PE_ID, PROTECTION_GROUP_ID, PROTECTION_ELEMENT_ID, UPDATE_DATE) VALUES (750, 1, 89, '2007-12-19');
INSERT INTO csm_pg_pe (PG_PE_ID, PROTECTION_GROUP_ID, PROTECTION_ELEMENT_ID, UPDATE_DATE) VALUES (751, 1, 107, '2007-12-19');
INSERT INTO csm_pg_pe (PG_PE_ID, PROTECTION_GROUP_ID, PROTECTION_ELEMENT_ID, UPDATE_DATE) VALUES (752, 1, 19, '2007-12-19');
INSERT INTO csm_pg_pe (PG_PE_ID, PROTECTION_GROUP_ID, PROTECTION_ELEMENT_ID, UPDATE_DATE) VALUES (753, 1, 5, '2007-12-19');
INSERT INTO csm_pg_pe (PG_PE_ID, PROTECTION_GROUP_ID, PROTECTION_ELEMENT_ID, UPDATE_DATE) VALUES (754, 1, 96, '2007-12-19');
INSERT INTO csm_pg_pe (PG_PE_ID, PROTECTION_GROUP_ID, PROTECTION_ELEMENT_ID, UPDATE_DATE) VALUES (755, 1, 73, '2007-12-19');
INSERT INTO csm_pg_pe (PG_PE_ID, PROTECTION_GROUP_ID, PROTECTION_ELEMENT_ID, UPDATE_DATE) VALUES (765, 1, 39, '2007-12-27');
INSERT INTO csm_pg_pe (PG_PE_ID, PROTECTION_GROUP_ID, PROTECTION_ELEMENT_ID, UPDATE_DATE) VALUES (766, 4, 24, '2008-05-26');
INSERT INTO csm_pg_pe (PG_PE_ID, PROTECTION_GROUP_ID, PROTECTION_ELEMENT_ID, UPDATE_DATE) VALUES (773, 7, 40, '2008-06-30');
INSERT INTO csm_pg_pe (PG_PE_ID, PROTECTION_GROUP_ID, PROTECTION_ELEMENT_ID, UPDATE_DATE) VALUES (774, 7, 5, '2008-06-30');
INSERT INTO csm_pg_pe (PG_PE_ID, PROTECTION_GROUP_ID, PROTECTION_ELEMENT_ID, UPDATE_DATE) VALUES (775, 7, 39, '2008-06-30');
INSERT INTO csm_pg_pe (PG_PE_ID, PROTECTION_GROUP_ID, PROTECTION_ELEMENT_ID, UPDATE_DATE) VALUES (776, 7, 41, '2008-06-30');
INSERT INTO csm_pg_pe (PG_PE_ID, PROTECTION_GROUP_ID, PROTECTION_ELEMENT_ID, UPDATE_DATE) VALUES (777, 7, 114, '2008-06-30');
INSERT INTO csm_pg_pe (PG_PE_ID, PROTECTION_GROUP_ID, PROTECTION_ELEMENT_ID, UPDATE_DATE) VALUES (778, 7, 38, '2008-06-30');
INSERT INTO csm_pg_pe (PG_PE_ID, PROTECTION_GROUP_ID, PROTECTION_ELEMENT_ID, UPDATE_DATE) VALUES (779, 1, 117, '2008-09-05');

INSERT INTO csm_privilege (PRIVILEGE_ID, PRIVILEGE_NAME, PRIVILEGE_DESCRIPTION, UPDATE_DATE) VALUES (1, 'CREATE', 'This privilege grants permission to a user to create an entity. This entity can be an object, a database entry, or a resource such as a network connection', '2007-02-28');
INSERT INTO csm_privilege (PRIVILEGE_ID, PRIVILEGE_NAME, PRIVILEGE_DESCRIPTION, UPDATE_DATE) VALUES (2, 'ACCESS', 'This privilege allows a user to access a particular resource.  ', '2007-02-28');
INSERT INTO csm_privilege (PRIVILEGE_ID, PRIVILEGE_NAME, PRIVILEGE_DESCRIPTION, UPDATE_DATE) VALUES (3, 'READ', 'This privilege permits the user to read data from a file, URL, socket, database, or an object. ', '2007-02-28');
INSERT INTO csm_privilege (PRIVILEGE_ID, PRIVILEGE_NAME, PRIVILEGE_DESCRIPTION, UPDATE_DATE) VALUES (4, 'WRITE', 'This privilege allows a user to write data to a file, URL, socket, database, or object. ', '2007-02-28');
INSERT INTO csm_privilege (PRIVILEGE_ID, PRIVILEGE_NAME, PRIVILEGE_DESCRIPTION, UPDATE_DATE) VALUES (5, 'UPDATE', 'This privilege grants permission at an entity level and signifies that the user is allowed to update and modify data for a particular entity.', '2007-02-28');
INSERT INTO csm_privilege (PRIVILEGE_ID, PRIVILEGE_NAME, PRIVILEGE_DESCRIPTION, UPDATE_DATE) VALUES (6, 'DELETE', 'This privilege permits a user to delete a logical entity.', '2007-02-28');
INSERT INTO csm_privilege (PRIVILEGE_ID, PRIVILEGE_NAME, PRIVILEGE_DESCRIPTION, UPDATE_DATE) VALUES (7, 'EXECUTE', 'This privilege allows a user to execute a particular resource.', '2007-02-28');

INSERT INTO csm_protection_element (PROTECTION_ELEMENT_ID, PROTECTION_ELEMENT_NAME, PROTECTION_ELEMENT_DESCRIPTION, OBJECT_ID, ATTRIBUTE, ATTRIBUTE_VALUE, PROTECTION_ELEMENT_TYPE, APPLICATION_ID, UPDATE_DATE) VALUES (1, 'csmupt', 'UPT Super Admin Application', 'csmupt', NULL, NULL, NULL, 1, '2007-02-28');
INSERT INTO csm_protection_element (PROTECTION_ELEMENT_ID, PROTECTION_ELEMENT_NAME, PROTECTION_ELEMENT_DESCRIPTION, OBJECT_ID, ATTRIBUTE, ATTRIBUTE_VALUE, PROTECTION_ELEMENT_TYPE, APPLICATION_ID, UPDATE_DATE) VALUES (2, 'sdk', 'sdk Application', 'sdk', NULL, NULL, NULL, 1, '2008-04-02');
INSERT INTO csm_protection_element (PROTECTION_ELEMENT_ID, PROTECTION_ELEMENT_NAME, PROTECTION_ELEMENT_DESCRIPTION, OBJECT_ID, ATTRIBUTE, ATTRIBUTE_VALUE, PROTECTION_ELEMENT_TYPE, APPLICATION_ID, UPDATE_DATE) VALUES (4, 'gov.nih.nci.cacoresdk.domain.inheritance.childwithassociation.Cash', 'gov.nih.nci.cacoresdk.domain.inheritance.childwithassociation.Cash', 'gov.nih.nci.cacoresdk.domain.inheritance.childwithassociation.Cash', NULL, NULL, NULL, 2, '2007-03-01');
INSERT INTO csm_protection_element (PROTECTION_ELEMENT_ID, PROTECTION_ELEMENT_NAME, PROTECTION_ELEMENT_DESCRIPTION, OBJECT_ID, ATTRIBUTE, ATTRIBUTE_VALUE, PROTECTION_ELEMENT_TYPE, APPLICATION_ID, UPDATE_DATE) VALUES (5, 'gov.nih.nci.cacoresdk.domain.inheritance.childwithassociation.Credit', 'gov.nih.nci.cacoresdk.domain.inheritance.childwithassociation.Credit', 'gov.nih.nci.cacoresdk.domain.inheritance.childwithassociation.Credit', 'issuingBank', NULL, NULL, 2, '2007-12-17');
INSERT INTO csm_protection_element (PROTECTION_ELEMENT_ID, PROTECTION_ELEMENT_NAME, PROTECTION_ELEMENT_DESCRIPTION, OBJECT_ID, ATTRIBUTE, ATTRIBUTE_VALUE, PROTECTION_ELEMENT_TYPE, APPLICATION_ID, UPDATE_DATE) VALUES (6, 'gov.nih.nci.cacoresdk.domain.inheritance.childwithassociation.Payment', 'gov.nih.nci.cacoresdk.domain.inheritance.childwithassociation.Payment', 'gov.nih.nci.cacoresdk.domain.inheritance.childwithassociation.Payment', NULL, NULL, NULL, 2, '2007-03-01');
INSERT INTO csm_protection_element (PROTECTION_ELEMENT_ID, PROTECTION_ELEMENT_NAME, PROTECTION_ELEMENT_DESCRIPTION, OBJECT_ID, ATTRIBUTE, ATTRIBUTE_VALUE, PROTECTION_ELEMENT_TYPE, APPLICATION_ID, UPDATE_DATE) VALUES (7, 'gov.nih.nci.cacoresdk.domain.inheritance.multiplechild.GraduateStudent', 'gov.nih.nci.cacoresdk.domain.inheritance.multiplechild.GraduateStudent', 'gov.nih.nci.cacoresdk.domain.inheritance.multiplechild.GraduateStudent', NULL, NULL, NULL, 2, '2007-03-01');
INSERT INTO csm_protection_element (PROTECTION_ELEMENT_ID, PROTECTION_ELEMENT_NAME, PROTECTION_ELEMENT_DESCRIPTION, OBJECT_ID, ATTRIBUTE, ATTRIBUTE_VALUE, PROTECTION_ELEMENT_TYPE, APPLICATION_ID, UPDATE_DATE) VALUES (8, 'gov.nih.nci.cacoresdk.domain.inheritance.multiplechild.Student', 'gov.nih.nci.cacoresdk.domain.inheritance.multiplechild.Student', 'gov.nih.nci.cacoresdk.domain.inheritance.multiplechild.Student', NULL, NULL, NULL, 2, '2007-03-01');
INSERT INTO csm_protection_element (PROTECTION_ELEMENT_ID, PROTECTION_ELEMENT_NAME, PROTECTION_ELEMENT_DESCRIPTION, OBJECT_ID, ATTRIBUTE, ATTRIBUTE_VALUE, PROTECTION_ELEMENT_TYPE, APPLICATION_ID, UPDATE_DATE) VALUES (9, 'gov.nih.nci.cacoresdk.domain.inheritance.multiplechild.UndergraduateStudent', 'gov.nih.nci.cacoresdk.domain.inheritance.multiplechild.UndergraduateStudent', 'gov.nih.nci.cacoresdk.domain.inheritance.multiplechild.UndergraduateStudent', NULL, NULL, NULL, 2, '2007-03-01');
INSERT INTO csm_protection_element (PROTECTION_ELEMENT_ID, PROTECTION_ELEMENT_NAME, PROTECTION_ELEMENT_DESCRIPTION, OBJECT_ID, ATTRIBUTE, ATTRIBUTE_VALUE, PROTECTION_ELEMENT_TYPE, APPLICATION_ID, UPDATE_DATE) VALUES (11, 'gov.nih.nci.cacoresdk.domain.inheritance.onechild.Mammal', 'gov.nih.nci.cacoresdk.domain.inheritance.onechild.Mammal', 'gov.nih.nci.cacoresdk.domain.inheritance.onechild.Mammal', NULL, NULL, NULL, 2, '2007-03-01');
INSERT INTO csm_protection_element (PROTECTION_ELEMENT_ID, PROTECTION_ELEMENT_NAME, PROTECTION_ELEMENT_DESCRIPTION, OBJECT_ID, ATTRIBUTE, ATTRIBUTE_VALUE, PROTECTION_ELEMENT_TYPE, APPLICATION_ID, UPDATE_DATE) VALUES (12, 'gov.nih.nci.cacoresdk.domain.inheritance.parentwithassociation.Assistant', 'gov.nih.nci.cacoresdk.domain.inheritance.parentwithassociation.Assistant', 'gov.nih.nci.cacoresdk.domain.inheritance.parentwithassociation.Assistant', NULL, NULL, NULL, 2, '2007-03-01');
INSERT INTO csm_protection_element (PROTECTION_ELEMENT_ID, PROTECTION_ELEMENT_NAME, PROTECTION_ELEMENT_DESCRIPTION, OBJECT_ID, ATTRIBUTE, ATTRIBUTE_VALUE, PROTECTION_ELEMENT_TYPE, APPLICATION_ID, UPDATE_DATE) VALUES (13, 'gov.nih.nci.cacoresdk.domain.inheritance.parentwithassociation.AssistantProfessor', 'gov.nih.nci.cacoresdk.domain.inheritance.parentwithassociation.AssistantProfessor', 'gov.nih.nci.cacoresdk.domain.inheritance.parentwithassociation.AssistantProfessor', NULL, NULL, NULL, 2, '2007-03-01');
INSERT INTO csm_protection_element (PROTECTION_ELEMENT_ID, PROTECTION_ELEMENT_NAME, PROTECTION_ELEMENT_DESCRIPTION, OBJECT_ID, ATTRIBUTE, ATTRIBUTE_VALUE, PROTECTION_ELEMENT_TYPE, APPLICATION_ID, UPDATE_DATE) VALUES (14, 'gov.nih.nci.cacoresdk.domain.inheritance.parentwithassociation.AssociateProfessor', 'gov.nih.nci.cacoresdk.domain.inheritance.parentwithassociation.AssociateProfessor', 'gov.nih.nci.cacoresdk.domain.inheritance.parentwithassociation.AssociateProfessor', NULL, NULL, NULL, 2, '2007-03-01');
INSERT INTO csm_protection_element (PROTECTION_ELEMENT_ID, PROTECTION_ELEMENT_NAME, PROTECTION_ELEMENT_DESCRIPTION, OBJECT_ID, ATTRIBUTE, ATTRIBUTE_VALUE, PROTECTION_ELEMENT_TYPE, APPLICATION_ID, UPDATE_DATE) VALUES (15, 'gov.nih.nci.cacoresdk.domain.inheritance.parentwithassociation.Professor', 'gov.nih.nci.cacoresdk.domain.inheritance.parentwithassociation.Professor', 'gov.nih.nci.cacoresdk.domain.inheritance.parentwithassociation.Professor', NULL, NULL, NULL, 2, '2007-03-01');
INSERT INTO csm_protection_element (PROTECTION_ELEMENT_ID, PROTECTION_ELEMENT_NAME, PROTECTION_ELEMENT_DESCRIPTION, OBJECT_ID, ATTRIBUTE, ATTRIBUTE_VALUE, PROTECTION_ELEMENT_TYPE, APPLICATION_ID, UPDATE_DATE) VALUES (16, 'gov.nih.nci.cacoresdk.domain.inheritance.parentwithassociation.TenuredProfessor', 'gov.nih.nci.cacoresdk.domain.inheritance.parentwithassociation.TenuredProfessor', 'gov.nih.nci.cacoresdk.domain.inheritance.parentwithassociation.TenuredProfessor', NULL, NULL, NULL, 2, '2007-03-01');
INSERT INTO csm_protection_element (PROTECTION_ELEMENT_ID, PROTECTION_ELEMENT_NAME, PROTECTION_ELEMENT_DESCRIPTION, OBJECT_ID, ATTRIBUTE, ATTRIBUTE_VALUE, PROTECTION_ELEMENT_TYPE, APPLICATION_ID, UPDATE_DATE) VALUES (17, 'gov.nih.nci.cacoresdk.domain.inheritance.twolevelinheritance.CRTMonitor', 'gov.nih.nci.cacoresdk.domain.inheritance.twolevelinheritance.CRTMonitor', 'gov.nih.nci.cacoresdk.domain.inheritance.twolevelinheritance.CRTMonitor', NULL, NULL, NULL, 2, '2007-03-01');
INSERT INTO csm_protection_element (PROTECTION_ELEMENT_ID, PROTECTION_ELEMENT_NAME, PROTECTION_ELEMENT_DESCRIPTION, OBJECT_ID, ATTRIBUTE, ATTRIBUTE_VALUE, PROTECTION_ELEMENT_TYPE, APPLICATION_ID, UPDATE_DATE) VALUES (18, 'gov.nih.nci.cacoresdk.domain.inheritance.twolevelinheritance.Display', 'gov.nih.nci.cacoresdk.domain.inheritance.twolevelinheritance.Display', 'gov.nih.nci.cacoresdk.domain.inheritance.twolevelinheritance.Display', NULL, NULL, NULL, 2, '2007-03-01');
INSERT INTO csm_protection_element (PROTECTION_ELEMENT_ID, PROTECTION_ELEMENT_NAME, PROTECTION_ELEMENT_DESCRIPTION, OBJECT_ID, ATTRIBUTE, ATTRIBUTE_VALUE, PROTECTION_ELEMENT_TYPE, APPLICATION_ID, UPDATE_DATE) VALUES (19, 'gov.nih.nci.cacoresdk.domain.inheritance.twolevelinheritance.LCDMonitor', 'gov.nih.nci.cacoresdk.domain.inheritance.twolevelinheritance.LCDMonitor', 'gov.nih.nci.cacoresdk.domain.inheritance.twolevelinheritance.LCDMonitor', NULL, NULL, NULL, 2, '2007-03-01');
INSERT INTO csm_protection_element (PROTECTION_ELEMENT_ID, PROTECTION_ELEMENT_NAME, PROTECTION_ELEMENT_DESCRIPTION, OBJECT_ID, ATTRIBUTE, ATTRIBUTE_VALUE, PROTECTION_ELEMENT_TYPE, APPLICATION_ID, UPDATE_DATE) VALUES (20, 'gov.nih.nci.cacoresdk.domain.inheritance.twolevelinheritance.Monitor', 'gov.nih.nci.cacoresdk.domain.inheritance.twolevelinheritance.Monitor', 'gov.nih.nci.cacoresdk.domain.inheritance.twolevelinheritance.Monitor', NULL, NULL, NULL, 2, '2007-03-01');
INSERT INTO csm_protection_element (PROTECTION_ELEMENT_ID, PROTECTION_ELEMENT_NAME, PROTECTION_ELEMENT_DESCRIPTION, OBJECT_ID, ATTRIBUTE, ATTRIBUTE_VALUE, PROTECTION_ELEMENT_TYPE, APPLICATION_ID, UPDATE_DATE) VALUES (21, 'gov.nih.nci.cacoresdk.domain.manytomany.bidirectional.Employee', 'gov.nih.nci.cacoresdk.domain.manytomany.bidirectional.Employee', 'gov.nih.nci.cacoresdk.domain.manytomany.bidirectional.Employee', NULL, NULL, NULL, 2, '2007-03-01');
INSERT INTO csm_protection_element (PROTECTION_ELEMENT_ID, PROTECTION_ELEMENT_NAME, PROTECTION_ELEMENT_DESCRIPTION, OBJECT_ID, ATTRIBUTE, ATTRIBUTE_VALUE, PROTECTION_ELEMENT_TYPE, APPLICATION_ID, UPDATE_DATE) VALUES (22, 'gov.nih.nci.cacoresdk.domain.manytomany.bidirectional.Project', 'gov.nih.nci.cacoresdk.domain.manytomany.bidirectional.Project', 'gov.nih.nci.cacoresdk.domain.manytomany.bidirectional.Project', NULL, NULL, NULL, 2, '2007-03-01');
INSERT INTO csm_protection_element (PROTECTION_ELEMENT_ID, PROTECTION_ELEMENT_NAME, PROTECTION_ELEMENT_DESCRIPTION, OBJECT_ID, ATTRIBUTE, ATTRIBUTE_VALUE, PROTECTION_ELEMENT_TYPE, APPLICATION_ID, UPDATE_DATE) VALUES (23, 'gov.nih.nci.cacoresdk.domain.manytomany.unidirectional.Author', 'gov.nih.nci.cacoresdk.domain.manytomany.unidirectional.Author', 'gov.nih.nci.cacoresdk.domain.manytomany.unidirectional.Author', NULL, NULL, NULL, 2, '2007-03-01');
INSERT INTO csm_protection_element (PROTECTION_ELEMENT_ID, PROTECTION_ELEMENT_NAME, PROTECTION_ELEMENT_DESCRIPTION, OBJECT_ID, ATTRIBUTE, ATTRIBUTE_VALUE, PROTECTION_ELEMENT_TYPE, APPLICATION_ID, UPDATE_DATE) VALUES (24, 'gov.nih.nci.cacoresdk.domain.manytomany.unidirectional.Book', 'gov.nih.nci.cacoresdk.domain.manytomany.unidirectional.Book', 'gov.nih.nci.cacoresdk.domain.manytomany.unidirectional.Book', NULL, NULL, NULL, 2, '2007-03-01');
INSERT INTO csm_protection_element (PROTECTION_ELEMENT_ID, PROTECTION_ELEMENT_NAME, PROTECTION_ELEMENT_DESCRIPTION, OBJECT_ID, ATTRIBUTE, ATTRIBUTE_VALUE, PROTECTION_ELEMENT_TYPE, APPLICATION_ID, UPDATE_DATE) VALUES (25, 'gov.nih.nci.cacoresdk.domain.manytoone.unidirectional.Chef', 'gov.nih.nci.cacoresdk.domain.manytoone.unidirectional.Chef', 'gov.nih.nci.cacoresdk.domain.manytoone.unidirectional.Chef', NULL, NULL, NULL, 2, '2007-03-01');
INSERT INTO csm_protection_element (PROTECTION_ELEMENT_ID, PROTECTION_ELEMENT_NAME, PROTECTION_ELEMENT_DESCRIPTION, OBJECT_ID, ATTRIBUTE, ATTRIBUTE_VALUE, PROTECTION_ELEMENT_TYPE, APPLICATION_ID, UPDATE_DATE) VALUES (26, 'gov.nih.nci.cacoresdk.domain.manytoone.unidirectional.Restaurant', 'gov.nih.nci.cacoresdk.domain.manytoone.unidirectional.Restaurant', 'gov.nih.nci.cacoresdk.domain.manytoone.unidirectional.Restaurant', NULL, NULL, NULL, 2, '2007-03-01');
INSERT INTO csm_protection_element (PROTECTION_ELEMENT_ID, PROTECTION_ELEMENT_NAME, PROTECTION_ELEMENT_DESCRIPTION, OBJECT_ID, ATTRIBUTE, ATTRIBUTE_VALUE, PROTECTION_ELEMENT_TYPE, APPLICATION_ID, UPDATE_DATE) VALUES (27, 'gov.nih.nci.cacoresdk.domain.onetomany.bidirectional.Computer', 'gov.nih.nci.cacoresdk.domain.onetomany.bidirectional.Computer', 'gov.nih.nci.cacoresdk.domain.onetomany.bidirectional.Computer', NULL, NULL, NULL, 2, '2007-03-01');
INSERT INTO csm_protection_element (PROTECTION_ELEMENT_ID, PROTECTION_ELEMENT_NAME, PROTECTION_ELEMENT_DESCRIPTION, OBJECT_ID, ATTRIBUTE, ATTRIBUTE_VALUE, PROTECTION_ELEMENT_TYPE, APPLICATION_ID, UPDATE_DATE) VALUES (28, 'gov.nih.nci.cacoresdk.domain.onetomany.bidirectional.HardDrive', 'gov.nih.nci.cacoresdk.domain.onetomany.bidirectional.HardDrive', 'gov.nih.nci.cacoresdk.domain.onetomany.bidirectional.HardDrive', NULL, NULL, NULL, 2, '2007-03-01');
INSERT INTO csm_protection_element (PROTECTION_ELEMENT_ID, PROTECTION_ELEMENT_NAME, PROTECTION_ELEMENT_DESCRIPTION, OBJECT_ID, ATTRIBUTE, ATTRIBUTE_VALUE, PROTECTION_ELEMENT_TYPE, APPLICATION_ID, UPDATE_DATE) VALUES (29, 'gov.nih.nci.cacoresdk.domain.onetomany.unidirectional.Key', 'gov.nih.nci.cacoresdk.domain.onetomany.unidirectional.Key', 'gov.nih.nci.cacoresdk.domain.onetomany.unidirectional.Key', NULL, NULL, NULL, 2, '2007-03-01');
INSERT INTO csm_protection_element (PROTECTION_ELEMENT_ID, PROTECTION_ELEMENT_NAME, PROTECTION_ELEMENT_DESCRIPTION, OBJECT_ID, ATTRIBUTE, ATTRIBUTE_VALUE, PROTECTION_ELEMENT_TYPE, APPLICATION_ID, UPDATE_DATE) VALUES (30, 'gov.nih.nci.cacoresdk.domain.onetomany.unidirectional.KeyChain', 'gov.nih.nci.cacoresdk.domain.onetomany.unidirectional.KeyChain', 'gov.nih.nci.cacoresdk.domain.onetomany.unidirectional.KeyChain', NULL, NULL, NULL, 2, '2007-03-01');
INSERT INTO csm_protection_element (PROTECTION_ELEMENT_ID, PROTECTION_ELEMENT_NAME, PROTECTION_ELEMENT_DESCRIPTION, OBJECT_ID, ATTRIBUTE, ATTRIBUTE_VALUE, PROTECTION_ELEMENT_TYPE, APPLICATION_ID, UPDATE_DATE) VALUES (31, 'gov.nih.nci.cacoresdk.domain.onetoone.bidirectional.OrderLine', 'gov.nih.nci.cacoresdk.domain.onetoone.bidirectional.OrderLine', 'gov.nih.nci.cacoresdk.domain.onetoone.bidirectional.OrderLine', NULL, NULL, NULL, 2, '2007-03-01');
INSERT INTO csm_protection_element (PROTECTION_ELEMENT_ID, PROTECTION_ELEMENT_NAME, PROTECTION_ELEMENT_DESCRIPTION, OBJECT_ID, ATTRIBUTE, ATTRIBUTE_VALUE, PROTECTION_ELEMENT_TYPE, APPLICATION_ID, UPDATE_DATE) VALUES (32, 'gov.nih.nci.cacoresdk.domain.onetoone.bidirectional.Product', 'gov.nih.nci.cacoresdk.domain.onetoone.bidirectional.Product', 'gov.nih.nci.cacoresdk.domain.onetoone.bidirectional.Product', NULL, NULL, NULL, 2, '2007-03-01');
INSERT INTO csm_protection_element (PROTECTION_ELEMENT_ID, PROTECTION_ELEMENT_NAME, PROTECTION_ELEMENT_DESCRIPTION, OBJECT_ID, ATTRIBUTE, ATTRIBUTE_VALUE, PROTECTION_ELEMENT_TYPE, APPLICATION_ID, UPDATE_DATE) VALUES (33, 'gov.nih.nci.cacoresdk.domain.onetoone.multipleassociation.Child', 'gov.nih.nci.cacoresdk.domain.onetoone.multipleassociation.Child', 'gov.nih.nci.cacoresdk.domain.onetoone.multipleassociation.Child', NULL, NULL, NULL, 2, '2007-03-01');
INSERT INTO csm_protection_element (PROTECTION_ELEMENT_ID, PROTECTION_ELEMENT_NAME, PROTECTION_ELEMENT_DESCRIPTION, OBJECT_ID, ATTRIBUTE, ATTRIBUTE_VALUE, PROTECTION_ELEMENT_TYPE, APPLICATION_ID, UPDATE_DATE) VALUES (34, 'gov.nih.nci.cacoresdk.domain.onetoone.multipleassociation.Parent', 'gov.nih.nci.cacoresdk.domain.onetoone.multipleassociation.Parent', 'gov.nih.nci.cacoresdk.domain.onetoone.multipleassociation.Parent', NULL, NULL, NULL, 2, '2007-03-01');
INSERT INTO csm_protection_element (PROTECTION_ELEMENT_ID, PROTECTION_ELEMENT_NAME, PROTECTION_ELEMENT_DESCRIPTION, OBJECT_ID, ATTRIBUTE, ATTRIBUTE_VALUE, PROTECTION_ELEMENT_TYPE, APPLICATION_ID, UPDATE_DATE) VALUES (35, 'gov.nih.nci.cacoresdk.domain.onetoone.unidirectional.Address', 'gov.nih.nci.cacoresdk.domain.onetoone.unidirectional.Address', 'gov.nih.nci.cacoresdk.domain.onetoone.unidirectional.Address', NULL, NULL, NULL, 2, '2007-03-01');
INSERT INTO csm_protection_element (PROTECTION_ELEMENT_ID, PROTECTION_ELEMENT_NAME, PROTECTION_ELEMENT_DESCRIPTION, OBJECT_ID, ATTRIBUTE, ATTRIBUTE_VALUE, PROTECTION_ELEMENT_TYPE, APPLICATION_ID, UPDATE_DATE) VALUES (36, 'gov.nih.nci.cacoresdk.domain.onetoone.unidirectional.Person', 'gov.nih.nci.cacoresdk.domain.onetoone.unidirectional.Person', 'gov.nih.nci.cacoresdk.domain.onetoone.unidirectional.Person', NULL, NULL, NULL, 2, '2007-03-01');
INSERT INTO csm_protection_element (PROTECTION_ELEMENT_ID, PROTECTION_ELEMENT_NAME, PROTECTION_ELEMENT_DESCRIPTION, OBJECT_ID, ATTRIBUTE, ATTRIBUTE_VALUE, PROTECTION_ELEMENT_TYPE, APPLICATION_ID, UPDATE_DATE) VALUES (37, 'gov.nih.nci.cacoresdk.domain.other.datatype.AllDataType', 'gov.nih.nci.cacoresdk.domain.other.datatype.AllDataType', 'gov.nih.nci.cacoresdk.domain.other.datatype.AllDataType', NULL, NULL, NULL, 2, '2007-03-01');
INSERT INTO csm_protection_element (PROTECTION_ELEMENT_ID, PROTECTION_ELEMENT_NAME, PROTECTION_ELEMENT_DESCRIPTION, OBJECT_ID, ATTRIBUTE, ATTRIBUTE_VALUE, PROTECTION_ELEMENT_TYPE, APPLICATION_ID, UPDATE_DATE) VALUES (38, 'gov.nih.nci.cacoresdk.domain.other.levelassociation.Card', 'gov.nih.nci.cacoresdk.domain.other.levelassociation.Card', 'gov.nih.nci.cacoresdk.domain.other.levelassociation.Card', 'Name', 'Ace', NULL, 2, '2007-12-21');
INSERT INTO csm_protection_element (PROTECTION_ELEMENT_ID, PROTECTION_ELEMENT_NAME, PROTECTION_ELEMENT_DESCRIPTION, OBJECT_ID, ATTRIBUTE, ATTRIBUTE_VALUE, PROTECTION_ELEMENT_TYPE, APPLICATION_ID, UPDATE_DATE) VALUES (39, 'gov.nih.nci.cacoresdk.domain.other.levelassociation.Deck', 'gov.nih.nci.cacoresdk.domain.other.levelassociation.Deck', 'gov.nih.nci.cacoresdk.domain.other.levelassociation.Deck', 'id', '1', NULL, 2, '2008-06-30');
INSERT INTO csm_protection_element (PROTECTION_ELEMENT_ID, PROTECTION_ELEMENT_NAME, PROTECTION_ELEMENT_DESCRIPTION, OBJECT_ID, ATTRIBUTE, ATTRIBUTE_VALUE, PROTECTION_ELEMENT_TYPE, APPLICATION_ID, UPDATE_DATE) VALUES (40, 'gov.nih.nci.cacoresdk.domain.other.levelassociation.Hand', 'gov.nih.nci.cacoresdk.domain.other.levelassociation.Hand', 'gov.nih.nci.cacoresdk.domain.other.levelassociation.Hand', NULL, NULL, NULL, 2, '2007-03-01');
INSERT INTO csm_protection_element (PROTECTION_ELEMENT_ID, PROTECTION_ELEMENT_NAME, PROTECTION_ELEMENT_DESCRIPTION, OBJECT_ID, ATTRIBUTE, ATTRIBUTE_VALUE, PROTECTION_ELEMENT_TYPE, APPLICATION_ID, UPDATE_DATE) VALUES (41, 'gov.nih.nci.cacoresdk.domain.other.levelassociation.Suit', 'gov.nih.nci.cacoresdk.domain.other.levelassociation.Suit', 'gov.nih.nci.cacoresdk.domain.other.levelassociation.Suit', 'cardCollection', NULL, NULL, 2, '2007-12-27');
INSERT INTO csm_protection_element (PROTECTION_ELEMENT_ID, PROTECTION_ELEMENT_NAME, PROTECTION_ELEMENT_DESCRIPTION, OBJECT_ID, ATTRIBUTE, ATTRIBUTE_VALUE, PROTECTION_ELEMENT_TYPE, APPLICATION_ID, UPDATE_DATE) VALUES (42, 'gov.nih.nci.cacoresdk.domain.other.primarykey.DoubleKey', 'gov.nih.nci.cacoresdk.domain.other.primarykey.DoubleKey', 'gov.nih.nci.cacoresdk.domain.other.primarykey.DoubleKey', NULL, NULL, NULL, 2, '2007-03-01');
INSERT INTO csm_protection_element (PROTECTION_ELEMENT_ID, PROTECTION_ELEMENT_NAME, PROTECTION_ELEMENT_DESCRIPTION, OBJECT_ID, ATTRIBUTE, ATTRIBUTE_VALUE, PROTECTION_ELEMENT_TYPE, APPLICATION_ID, UPDATE_DATE) VALUES (43, 'gov.nih.nci.cacoresdk.domain.other.primarykey.FloatKey', 'gov.nih.nci.cacoresdk.domain.other.primarykey.FloatKey', 'gov.nih.nci.cacoresdk.domain.other.primarykey.FloatKey', NULL, NULL, NULL, 2, '2007-03-01');
INSERT INTO csm_protection_element (PROTECTION_ELEMENT_ID, PROTECTION_ELEMENT_NAME, PROTECTION_ELEMENT_DESCRIPTION, OBJECT_ID, ATTRIBUTE, ATTRIBUTE_VALUE, PROTECTION_ELEMENT_TYPE, APPLICATION_ID, UPDATE_DATE) VALUES (44, 'gov.nih.nci.cacoresdk.domain.other.primarykey.IntegerKey', 'gov.nih.nci.cacoresdk.domain.other.primarykey.IntegerKey', 'gov.nih.nci.cacoresdk.domain.other.primarykey.IntegerKey', NULL, NULL, NULL, 2, '2007-03-01');
INSERT INTO csm_protection_element (PROTECTION_ELEMENT_ID, PROTECTION_ELEMENT_NAME, PROTECTION_ELEMENT_DESCRIPTION, OBJECT_ID, ATTRIBUTE, ATTRIBUTE_VALUE, PROTECTION_ELEMENT_TYPE, APPLICATION_ID, UPDATE_DATE) VALUES (45, 'gov.nih.nci.cacoresdk.domain.other.primarykey.StringKey', 'gov.nih.nci.cacoresdk.domain.other.primarykey.StringKey', 'gov.nih.nci.cacoresdk.domain.other.primarykey.StringKey', NULL, NULL, NULL, 2, '2007-03-01');
INSERT INTO csm_protection_element (PROTECTION_ELEMENT_ID, PROTECTION_ELEMENT_NAME, PROTECTION_ELEMENT_DESCRIPTION, OBJECT_ID, ATTRIBUTE, ATTRIBUTE_VALUE, PROTECTION_ELEMENT_TYPE, APPLICATION_ID, UPDATE_DATE) VALUES (65, 'gov.nih.nci.cacoresdk.domain.inheritance.childwithassociation.sametable.DesignerShoes', 'gov.nih.nci.cacoresdk.domain.inheritance.childwithassociation.sametable.DesignerShoes', 'gov.nih.nci.cacoresdk.domain.inheritance.childwithassociation.sametable.DesignerShoes', NULL, NULL, NULL, 2, '2007-12-13');
INSERT INTO csm_protection_element (PROTECTION_ELEMENT_ID, PROTECTION_ELEMENT_NAME, PROTECTION_ELEMENT_DESCRIPTION, OBJECT_ID, ATTRIBUTE, ATTRIBUTE_VALUE, PROTECTION_ELEMENT_TYPE, APPLICATION_ID, UPDATE_DATE) VALUES (66, 'gov.nih.nci.cacoresdk.domain.inheritance.childwithassociation.sametable.Designer', 'gov.nih.nci.cacoresdk.domain.inheritance.childwithassociation.sametable.Designer', 'gov.nih.nci.cacoresdk.domain.inheritance.childwithassociation.sametable.Designer', NULL, NULL, NULL, 2, '2007-12-13');
INSERT INTO csm_protection_element (PROTECTION_ELEMENT_ID, PROTECTION_ELEMENT_NAME, PROTECTION_ELEMENT_DESCRIPTION, OBJECT_ID, ATTRIBUTE, ATTRIBUTE_VALUE, PROTECTION_ELEMENT_TYPE, APPLICATION_ID, UPDATE_DATE) VALUES (67, 'gov.nih.nci.cacoresdk.domain.inheritance.childwithassociation.sametable.Shoes', 'gov.nih.nci.cacoresdk.domain.inheritance.childwithassociation.sametable.Shoes', 'gov.nih.nci.cacoresdk.domain.inheritance.childwithassociation.sametable.Shoes', NULL, NULL, NULL, 2, '2007-12-13');
INSERT INTO csm_protection_element (PROTECTION_ELEMENT_ID, PROTECTION_ELEMENT_NAME, PROTECTION_ELEMENT_DESCRIPTION, OBJECT_ID, ATTRIBUTE, ATTRIBUTE_VALUE, PROTECTION_ELEMENT_TYPE, APPLICATION_ID, UPDATE_DATE) VALUES (68, 'gov.nih.nci.cacoresdk.domain.inheritance.childwithassociation.sametable.SportsShoes', 'gov.nih.nci.cacoresdk.domain.inheritance.childwithassociation.sametable.SportsShoes', 'gov.nih.nci.cacoresdk.domain.inheritance.childwithassociation.sametable.SportsShoes', NULL, NULL, NULL, 2, '2007-12-13');
INSERT INTO csm_protection_element (PROTECTION_ELEMENT_ID, PROTECTION_ELEMENT_NAME, PROTECTION_ELEMENT_DESCRIPTION, OBJECT_ID, ATTRIBUTE, ATTRIBUTE_VALUE, PROTECTION_ELEMENT_TYPE, APPLICATION_ID, UPDATE_DATE) VALUES (70, 'gov.nih.nci.cacoresdk.domain.inheritance.multiplechild.sametable.GovtOrganization', 'gov.nih.nci.cacoresdk.domain.inheritance.multiplechild.sametable.GovtOrganization', 'gov.nih.nci.cacoresdk.domain.inheritance.multiplechild.sametable.GovtOrganization', NULL, NULL, NULL, 2, '2007-12-13');
INSERT INTO csm_protection_element (PROTECTION_ELEMENT_ID, PROTECTION_ELEMENT_NAME, PROTECTION_ELEMENT_DESCRIPTION, OBJECT_ID, ATTRIBUTE, ATTRIBUTE_VALUE, PROTECTION_ELEMENT_TYPE, APPLICATION_ID, UPDATE_DATE) VALUES (71, 'gov.nih.nci.cacoresdk.domain.inheritance.multiplechild.sametable.Organization', 'gov.nih.nci.cacoresdk.domain.inheritance.multiplechild.sametable.Organization', 'gov.nih.nci.cacoresdk.domain.inheritance.multiplechild.sametable.Organization', NULL, NULL, NULL, 2, '2007-12-13');
INSERT INTO csm_protection_element (PROTECTION_ELEMENT_ID, PROTECTION_ELEMENT_NAME, PROTECTION_ELEMENT_DESCRIPTION, OBJECT_ID, ATTRIBUTE, ATTRIBUTE_VALUE, PROTECTION_ELEMENT_TYPE, APPLICATION_ID, UPDATE_DATE) VALUES (72, 'gov.nih.nci.cacoresdk.domain.inheritance.multiplechild.sametable.PvtOrganization', 'gov.nih.nci.cacoresdk.domain.inheritance.multiplechild.sametable.PvtOrganization', 'gov.nih.nci.cacoresdk.domain.inheritance.multiplechild.sametable.PvtOrganization', NULL, NULL, NULL, 2, '2007-12-13');
INSERT INTO csm_protection_element (PROTECTION_ELEMENT_ID, PROTECTION_ELEMENT_NAME, PROTECTION_ELEMENT_DESCRIPTION, OBJECT_ID, ATTRIBUTE, ATTRIBUTE_VALUE, PROTECTION_ELEMENT_TYPE, APPLICATION_ID, UPDATE_DATE) VALUES (73, 'gov.nih.nci.cacoresdk.domain.inheritance.onechild.sametable.Currency', 'gov.nih.nci.cacoresdk.domain.inheritance.onechild.sametable.Currency', 'gov.nih.nci.cacoresdk.domain.inheritance.onechild.sametable.Currency', NULL, NULL, NULL, 2, '2007-12-13');
INSERT INTO csm_protection_element (PROTECTION_ELEMENT_ID, PROTECTION_ELEMENT_NAME, PROTECTION_ELEMENT_DESCRIPTION, OBJECT_ID, ATTRIBUTE, ATTRIBUTE_VALUE, PROTECTION_ELEMENT_TYPE, APPLICATION_ID, UPDATE_DATE) VALUES (74, 'gov.nih.nci.cacoresdk.domain.inheritance.onechild.sametable.Note', 'gov.nih.nci.cacoresdk.domain.inheritance.onechild.sametable.Note', 'gov.nih.nci.cacoresdk.domain.inheritance.onechild.sametable.Note', NULL, NULL, NULL, 2, '2007-12-13');
INSERT INTO csm_protection_element (PROTECTION_ELEMENT_ID, PROTECTION_ELEMENT_NAME, PROTECTION_ELEMENT_DESCRIPTION, OBJECT_ID, ATTRIBUTE, ATTRIBUTE_VALUE, PROTECTION_ELEMENT_TYPE, APPLICATION_ID, UPDATE_DATE) VALUES (75, 'gov.nih.nci.cacoresdk.domain.inheritance.parentwithassociation.sametable.HardTop', 'gov.nih.nci.cacoresdk.domain.inheritance.parentwithassociation.sametable.HardTop', 'gov.nih.nci.cacoresdk.domain.inheritance.parentwithassociation.sametable.HardTop', NULL, NULL, NULL, 2, '2007-12-13');
INSERT INTO csm_protection_element (PROTECTION_ELEMENT_ID, PROTECTION_ELEMENT_NAME, PROTECTION_ELEMENT_DESCRIPTION, OBJECT_ID, ATTRIBUTE, ATTRIBUTE_VALUE, PROTECTION_ELEMENT_TYPE, APPLICATION_ID, UPDATE_DATE) VALUES (76, 'gov.nih.nci.cacoresdk.domain.inheritance.parentwithassociation.sametable.Luggage', 'gov.nih.nci.cacoresdk.domain.inheritance.parentwithassociation.sametable.Luggage', 'gov.nih.nci.cacoresdk.domain.inheritance.parentwithassociation.sametable.Luggage', NULL, NULL, NULL, 2, '2007-12-13');
INSERT INTO csm_protection_element (PROTECTION_ELEMENT_ID, PROTECTION_ELEMENT_NAME, PROTECTION_ELEMENT_DESCRIPTION, OBJECT_ID, ATTRIBUTE, ATTRIBUTE_VALUE, PROTECTION_ELEMENT_TYPE, APPLICATION_ID, UPDATE_DATE) VALUES (77, 'gov.nih.nci.cacoresdk.domain.inheritance.parentwithassociation.sametable.SoftTop', 'gov.nih.nci.cacoresdk.domain.inheritance.parentwithassociation.sametable.SoftTop', 'gov.nih.nci.cacoresdk.domain.inheritance.parentwithassociation.sametable.SoftTop', NULL, NULL, NULL, 2, '2007-12-13');
INSERT INTO csm_protection_element (PROTECTION_ELEMENT_ID, PROTECTION_ELEMENT_NAME, PROTECTION_ELEMENT_DESCRIPTION, OBJECT_ID, ATTRIBUTE, ATTRIBUTE_VALUE, PROTECTION_ELEMENT_TYPE, APPLICATION_ID, UPDATE_DATE) VALUES (79, 'gov.nih.nci.cacoresdk.domain.inheritance.parentwithassociation.sametable.Wheel', 'gov.nih.nci.cacoresdk.domain.inheritance.parentwithassociation.sametable.Wheel', 'gov.nih.nci.cacoresdk.domain.inheritance.parentwithassociation.sametable.Wheel', NULL, NULL, NULL, 2, '2007-12-13');
INSERT INTO csm_protection_element (PROTECTION_ELEMENT_ID, PROTECTION_ELEMENT_NAME, PROTECTION_ELEMENT_DESCRIPTION, OBJECT_ID, ATTRIBUTE, ATTRIBUTE_VALUE, PROTECTION_ELEMENT_TYPE, APPLICATION_ID, UPDATE_DATE) VALUES (80, 'gov.nih.nci.cacoresdk.domain.inheritance.twolevelinheritance.sametable.CommunistGovt', 'gov.nih.nci.cacoresdk.domain.inheritance.twolevelinheritance.sametable.CommunistGovt', 'gov.nih.nci.cacoresdk.domain.inheritance.twolevelinheritance.sametable.CommunistGovt', NULL, NULL, NULL, 2, '2007-12-13');
INSERT INTO csm_protection_element (PROTECTION_ELEMENT_ID, PROTECTION_ELEMENT_NAME, PROTECTION_ELEMENT_DESCRIPTION, OBJECT_ID, ATTRIBUTE, ATTRIBUTE_VALUE, PROTECTION_ELEMENT_TYPE, APPLICATION_ID, UPDATE_DATE) VALUES (81, 'gov.nih.nci.cacoresdk.domain.inheritance.twolevelinheritance.sametable.DemocraticGovt', 'gov.nih.nci.cacoresdk.domain.inheritance.twolevelinheritance.sametable.DemocraticGovt', 'gov.nih.nci.cacoresdk.domain.inheritance.twolevelinheritance.sametable.DemocraticGovt', NULL, NULL, NULL, 2, '2007-12-13');
INSERT INTO csm_protection_element (PROTECTION_ELEMENT_ID, PROTECTION_ELEMENT_NAME, PROTECTION_ELEMENT_DESCRIPTION, OBJECT_ID, ATTRIBUTE, ATTRIBUTE_VALUE, PROTECTION_ELEMENT_TYPE, APPLICATION_ID, UPDATE_DATE) VALUES (82, 'gov.nih.nci.cacoresdk.domain.inheritance.twolevelinheritance.sametable.Goverment', 'gov.nih.nci.cacoresdk.domain.inheritance.twolevelinheritance.sametable.Goverment', 'gov.nih.nci.cacoresdk.domain.inheritance.twolevelinheritance.sametable.Goverment', NULL, NULL, NULL, 2, '2007-12-13');
INSERT INTO csm_protection_element (PROTECTION_ELEMENT_ID, PROTECTION_ELEMENT_NAME, PROTECTION_ELEMENT_DESCRIPTION, OBJECT_ID, ATTRIBUTE, ATTRIBUTE_VALUE, PROTECTION_ELEMENT_TYPE, APPLICATION_ID, UPDATE_DATE) VALUES (83, 'gov.nih.nci.cacoresdk.domain.inheritance.twolevelinheritance.sametable.ParliamantaryGovt', 'gov.nih.nci.cacoresdk.domain.inheritance.twolevelinheritance.sametable.ParliamantaryGovt', 'gov.nih.nci.cacoresdk.domain.inheritance.twolevelinheritance.sametable.ParliamantaryGovt', NULL, NULL, NULL, 2, '2007-12-13');
INSERT INTO csm_protection_element (PROTECTION_ELEMENT_ID, PROTECTION_ELEMENT_NAME, PROTECTION_ELEMENT_DESCRIPTION, OBJECT_ID, ATTRIBUTE, ATTRIBUTE_VALUE, PROTECTION_ELEMENT_TYPE, APPLICATION_ID, UPDATE_DATE) VALUES (84, 'gov.nih.nci.cacoresdk.domain.inheritance.twolevelinheritance.sametable.PresidentialGovt', 'gov.nih.nci.cacoresdk.domain.inheritance.twolevelinheritance.sametable.PresidentialGovt', 'gov.nih.nci.cacoresdk.domain.inheritance.twolevelinheritance.sametable.PresidentialGovt', NULL, NULL, NULL, 2, '2007-12-13');
INSERT INTO csm_protection_element (PROTECTION_ELEMENT_ID, PROTECTION_ELEMENT_NAME, PROTECTION_ELEMENT_DESCRIPTION, OBJECT_ID, ATTRIBUTE, ATTRIBUTE_VALUE, PROTECTION_ELEMENT_TYPE, APPLICATION_ID, UPDATE_DATE) VALUES (85, 'gov.nih.nci.cacoresdk.domain.inheritance.twolevelinheritance.sametablerootlevel.Calculator', 'gov.nih.nci.cacoresdk.domain.inheritance.twolevelinheritance.sametablerootlevel.Calculator', 'gov.nih.nci.cacoresdk.domain.inheritance.twolevelinheritance.sametablerootlevel.Calculator', NULL, NULL, NULL, 2, '2007-12-13');
INSERT INTO csm_protection_element (PROTECTION_ELEMENT_ID, PROTECTION_ELEMENT_NAME, PROTECTION_ELEMENT_DESCRIPTION, OBJECT_ID, ATTRIBUTE, ATTRIBUTE_VALUE, PROTECTION_ELEMENT_TYPE, APPLICATION_ID, UPDATE_DATE) VALUES (86, 'gov.nih.nci.cacoresdk.domain.inheritance.twolevelinheritance.sametablerootlevel.FinancialCalculator', 'gov.nih.nci.cacoresdk.domain.inheritance.twolevelinheritance.sametablerootlevel.FinancialCalculator', 'gov.nih.nci.cacoresdk.domain.inheritance.twolevelinheritance.sametablerootlevel.FinancialCalculator', NULL, NULL, NULL, 2, '2007-12-13');
INSERT INTO csm_protection_element (PROTECTION_ELEMENT_ID, PROTECTION_ELEMENT_NAME, PROTECTION_ELEMENT_DESCRIPTION, OBJECT_ID, ATTRIBUTE, ATTRIBUTE_VALUE, PROTECTION_ELEMENT_TYPE, APPLICATION_ID, UPDATE_DATE) VALUES (87, 'gov.nih.nci.cacoresdk.domain.inheritance.twolevelinheritance.sametablerootlevel.GraphicCalculator', 'gov.nih.nci.cacoresdk.domain.inheritance.twolevelinheritance.sametablerootlevel.GraphicCalculator', 'gov.nih.nci.cacoresdk.domain.inheritance.twolevelinheritance.sametablerootlevel.GraphicCalculator', NULL, NULL, NULL, 2, '2007-12-13');
INSERT INTO csm_protection_element (PROTECTION_ELEMENT_ID, PROTECTION_ELEMENT_NAME, PROTECTION_ELEMENT_DESCRIPTION, OBJECT_ID, ATTRIBUTE, ATTRIBUTE_VALUE, PROTECTION_ELEMENT_TYPE, APPLICATION_ID, UPDATE_DATE) VALUES (88, 'gov.nih.nci.cacoresdk.domain.inheritance.twolevelinheritance.sametablerootlevel.ScientificCalculator', 'gov.nih.nci.cacoresdk.domain.inheritance.twolevelinheritance.sametablerootlevel.ScientificCalculator', 'gov.nih.nci.cacoresdk.domain.inheritance.twolevelinheritance.sametablerootlevel.ScientificCalculator', NULL, NULL, NULL, 2, '2007-12-13');
INSERT INTO csm_protection_element (PROTECTION_ELEMENT_ID, PROTECTION_ELEMENT_NAME, PROTECTION_ELEMENT_DESCRIPTION, OBJECT_ID, ATTRIBUTE, ATTRIBUTE_VALUE, PROTECTION_ELEMENT_TYPE, APPLICATION_ID, UPDATE_DATE) VALUES (89, 'gov.nih.nci.cacoresdk.domain.manytoone.unidirectional.withjoin.Album', 'gov.nih.nci.cacoresdk.domain.manytoone.unidirectional.withjoin.Album', 'gov.nih.nci.cacoresdk.domain.manytoone.unidirectional.withjoin.Album', NULL, NULL, NULL, 2, '2007-12-13');
INSERT INTO csm_protection_element (PROTECTION_ELEMENT_ID, PROTECTION_ELEMENT_NAME, PROTECTION_ELEMENT_DESCRIPTION, OBJECT_ID, ATTRIBUTE, ATTRIBUTE_VALUE, PROTECTION_ELEMENT_TYPE, APPLICATION_ID, UPDATE_DATE) VALUES (90, 'gov.nih.nci.cacoresdk.domain.manytoone.unidirectional.withjoin.Song', 'gov.nih.nci.cacoresdk.domain.manytoone.unidirectional.withjoin.Song', 'gov.nih.nci.cacoresdk.domain.manytoone.unidirectional.withjoin.Song', NULL, NULL, NULL, 2, '2007-12-13');
INSERT INTO csm_protection_element (PROTECTION_ELEMENT_ID, PROTECTION_ELEMENT_NAME, PROTECTION_ELEMENT_DESCRIPTION, OBJECT_ID, ATTRIBUTE, ATTRIBUTE_VALUE, PROTECTION_ELEMENT_TYPE, APPLICATION_ID, UPDATE_DATE) VALUES (91, 'gov.nih.nci.cacoresdk.domain.onetomany.bidirectional.withjoin.Flight', 'gov.nih.nci.cacoresdk.domain.onetomany.bidirectional.withjoin.Flight', 'gov.nih.nci.cacoresdk.domain.onetomany.bidirectional.withjoin.Flight', NULL, NULL, NULL, 2, '2007-12-13');
INSERT INTO csm_protection_element (PROTECTION_ELEMENT_ID, PROTECTION_ELEMENT_NAME, PROTECTION_ELEMENT_DESCRIPTION, OBJECT_ID, ATTRIBUTE, ATTRIBUTE_VALUE, PROTECTION_ELEMENT_TYPE, APPLICATION_ID, UPDATE_DATE) VALUES (92, 'gov.nih.nci.cacoresdk.domain.onetomany.unidirectional.withjoin.Shirt', 'gov.nih.nci.cacoresdk.domain.onetomany.unidirectional.withjoin.Shirt', 'gov.nih.nci.cacoresdk.domain.onetomany.unidirectional.withjoin.Shirt', NULL, NULL, NULL, 2, '2007-12-13');
INSERT INTO csm_protection_element (PROTECTION_ELEMENT_ID, PROTECTION_ELEMENT_NAME, PROTECTION_ELEMENT_DESCRIPTION, OBJECT_ID, ATTRIBUTE, ATTRIBUTE_VALUE, PROTECTION_ELEMENT_TYPE, APPLICATION_ID, UPDATE_DATE) VALUES (93, 'gov.nih.nci.cacoresdk.domain.onetoone.bidirectional.withjoin.Chain', 'gov.nih.nci.cacoresdk.domain.onetoone.bidirectional.withjoin.Chain', 'gov.nih.nci.cacoresdk.domain.onetoone.bidirectional.withjoin.Chain', NULL, NULL, NULL, 2, '2007-12-13');
INSERT INTO csm_protection_element (PROTECTION_ELEMENT_ID, PROTECTION_ELEMENT_NAME, PROTECTION_ELEMENT_DESCRIPTION, OBJECT_ID, ATTRIBUTE, ATTRIBUTE_VALUE, PROTECTION_ELEMENT_TYPE, APPLICATION_ID, UPDATE_DATE) VALUES (94, 'gov.nih.nci.cacoresdk.domain.onetoone.bidirectional.withjoin.Pendant', 'gov.nih.nci.cacoresdk.domain.onetoone.bidirectional.withjoin.Pendant', 'gov.nih.nci.cacoresdk.domain.onetoone.bidirectional.withjoin.Pendant', NULL, NULL, NULL, 2, '2007-12-13');
INSERT INTO csm_protection_element (PROTECTION_ELEMENT_ID, PROTECTION_ELEMENT_NAME, PROTECTION_ELEMENT_DESCRIPTION, OBJECT_ID, ATTRIBUTE, ATTRIBUTE_VALUE, PROTECTION_ELEMENT_TYPE, APPLICATION_ID, UPDATE_DATE) VALUES (95, 'gov.nih.nci.cacoresdk.domain.onetoone.multipleassociation.withjoin.Bride', 'gov.nih.nci.cacoresdk.domain.onetoone.multipleassociation.withjoin.Bride', 'gov.nih.nci.cacoresdk.domain.onetoone.multipleassociation.withjoin.Bride', NULL, NULL, NULL, 2, '2007-12-13');
INSERT INTO csm_protection_element (PROTECTION_ELEMENT_ID, PROTECTION_ELEMENT_NAME, PROTECTION_ELEMENT_DESCRIPTION, OBJECT_ID, ATTRIBUTE, ATTRIBUTE_VALUE, PROTECTION_ELEMENT_TYPE, APPLICATION_ID, UPDATE_DATE) VALUES (96, 'gov.nih.nci.cacoresdk.domain.onetoone.multipleassociation.withjoin.InLaw', 'gov.nih.nci.cacoresdk.domain.onetoone.multipleassociation.withjoin.InLaw', 'gov.nih.nci.cacoresdk.domain.onetoone.multipleassociation.withjoin.InLaw', NULL, NULL, NULL, 2, '2007-12-13');
INSERT INTO csm_protection_element (PROTECTION_ELEMENT_ID, PROTECTION_ELEMENT_NAME, PROTECTION_ELEMENT_DESCRIPTION, OBJECT_ID, ATTRIBUTE, ATTRIBUTE_VALUE, PROTECTION_ELEMENT_TYPE, APPLICATION_ID, UPDATE_DATE) VALUES (97, 'gov.nih.nci.cacoresdk.domain.onetoone.unidirectional.withjoin.Bag', 'gov.nih.nci.cacoresdk.domain.onetoone.unidirectional.withjoin.Bag', 'gov.nih.nci.cacoresdk.domain.onetoone.unidirectional.withjoin.Bag', NULL, NULL, NULL, 2, '2007-12-13');
INSERT INTO csm_protection_element (PROTECTION_ELEMENT_ID, PROTECTION_ELEMENT_NAME, PROTECTION_ELEMENT_DESCRIPTION, OBJECT_ID, ATTRIBUTE, ATTRIBUTE_VALUE, PROTECTION_ELEMENT_TYPE, APPLICATION_ID, UPDATE_DATE) VALUES (98, 'gov.nih.nci.cacoresdk.domain.onetoone.unidirectional.withjoin.Handle', 'gov.nih.nci.cacoresdk.domain.onetoone.unidirectional.withjoin.Handle', 'gov.nih.nci.cacoresdk.domain.onetoone.unidirectional.withjoin.Handle', NULL, NULL, NULL, 2, '2007-12-13');
INSERT INTO csm_protection_element (PROTECTION_ELEMENT_ID, PROTECTION_ELEMENT_NAME, PROTECTION_ELEMENT_DESCRIPTION, OBJECT_ID, ATTRIBUTE, ATTRIBUTE_VALUE, PROTECTION_ELEMENT_TYPE, APPLICATION_ID, UPDATE_DATE) VALUES (99, 'gov.nih.nci.cacoresdk.domain.other.primarykey.CharacterKey', 'gov.nih.nci.cacoresdk.domain.other.primarykey.CharacterKey', 'gov.nih.nci.cacoresdk.domain.other.primarykey.CharacterKey', NULL, NULL, NULL, 2, '2007-12-13');
INSERT INTO csm_protection_element (PROTECTION_ELEMENT_ID, PROTECTION_ELEMENT_NAME, PROTECTION_ELEMENT_DESCRIPTION, OBJECT_ID, ATTRIBUTE, ATTRIBUTE_VALUE, PROTECTION_ELEMENT_TYPE, APPLICATION_ID, UPDATE_DATE) VALUES (100, 'gov.nih.nci.cacoresdk.domain.other.primarykey.CharacterPrimitiveKey', 'gov.nih.nci.cacoresdk.domain.other.primarykey.CharacterPrimitiveKey', 'gov.nih.nci.cacoresdk.domain.other.primarykey.CharacterPrimitiveKey', NULL, NULL, NULL, 2, '2007-12-13');
INSERT INTO csm_protection_element (PROTECTION_ELEMENT_ID, PROTECTION_ELEMENT_NAME, PROTECTION_ELEMENT_DESCRIPTION, OBJECT_ID, ATTRIBUTE, ATTRIBUTE_VALUE, PROTECTION_ELEMENT_TYPE, APPLICATION_ID, UPDATE_DATE) VALUES (101, 'gov.nih.nci.cacoresdk.domain.other.primarykey.DoublePrimitiveKey', 'gov.nih.nci.cacoresdk.domain.other.primarykey.DoublePrimitiveKey', 'gov.nih.nci.cacoresdk.domain.other.primarykey.DoublePrimitiveKey', NULL, NULL, NULL, 2, '2007-12-13');
INSERT INTO csm_protection_element (PROTECTION_ELEMENT_ID, PROTECTION_ELEMENT_NAME, PROTECTION_ELEMENT_DESCRIPTION, OBJECT_ID, ATTRIBUTE, ATTRIBUTE_VALUE, PROTECTION_ELEMENT_TYPE, APPLICATION_ID, UPDATE_DATE) VALUES (102, 'gov.nih.nci.cacoresdk.domain.other.primarykey.FloatPrimitiveKey', 'gov.nih.nci.cacoresdk.domain.other.primarykey.FloatPrimitiveKey', 'gov.nih.nci.cacoresdk.domain.other.primarykey.FloatPrimitiveKey', NULL, NULL, NULL, 2, '2007-12-13');
INSERT INTO csm_protection_element (PROTECTION_ELEMENT_ID, PROTECTION_ELEMENT_NAME, PROTECTION_ELEMENT_DESCRIPTION, OBJECT_ID, ATTRIBUTE, ATTRIBUTE_VALUE, PROTECTION_ELEMENT_TYPE, APPLICATION_ID, UPDATE_DATE) VALUES (103, 'gov.nih.nci.cacoresdk.domain.other.primarykey.IntegerPrimitiveKey', 'gov.nih.nci.cacoresdk.domain.other.primarykey.IntegerPrimitiveKey', 'gov.nih.nci.cacoresdk.domain.other.primarykey.IntegerPrimitiveKey', NULL, NULL, NULL, 2, '2007-12-13');
INSERT INTO csm_protection_element (PROTECTION_ELEMENT_ID, PROTECTION_ELEMENT_NAME, PROTECTION_ELEMENT_DESCRIPTION, OBJECT_ID, ATTRIBUTE, ATTRIBUTE_VALUE, PROTECTION_ELEMENT_TYPE, APPLICATION_ID, UPDATE_DATE) VALUES (104, 'gov.nih.nci.cacoresdk.domain.other.primarykey.LongKey', 'gov.nih.nci.cacoresdk.domain.other.primarykey.LongKey', 'gov.nih.nci.cacoresdk.domain.other.primarykey.LongKey', NULL, NULL, NULL, 2, '2007-12-13');
INSERT INTO csm_protection_element (PROTECTION_ELEMENT_ID, PROTECTION_ELEMENT_NAME, PROTECTION_ELEMENT_DESCRIPTION, OBJECT_ID, ATTRIBUTE, ATTRIBUTE_VALUE, PROTECTION_ELEMENT_TYPE, APPLICATION_ID, UPDATE_DATE) VALUES (107, 'gov.nih.nci.cacoresdk.domain.other.primarykey.LongPrimitiveKey', 'gov.nih.nci.cacoresdk.domain.other.primarykey.LongPrimitiveKey', 'gov.nih.nci.cacoresdk.domain.other.primarykey.LongPrimitiveKey', NULL, NULL, NULL, 2, '2007-12-13');
INSERT INTO csm_protection_element (PROTECTION_ELEMENT_ID, PROTECTION_ELEMENT_NAME, PROTECTION_ELEMENT_DESCRIPTION, OBJECT_ID, ATTRIBUTE, ATTRIBUTE_VALUE, PROTECTION_ELEMENT_TYPE, APPLICATION_ID, UPDATE_DATE) VALUES (108, 'gov.nih.nci.cacoresdk.domain.other.primarykey.NoIdKey', 'gov.nih.nci.cacoresdk.domain.other.primarykey.NoIdKey', 'gov.nih.nci.cacoresdk.domain.other.primarykey.NoIdKey', NULL, NULL, NULL, 2, '2007-12-13');
INSERT INTO csm_protection_element (PROTECTION_ELEMENT_ID, PROTECTION_ELEMENT_NAME, PROTECTION_ELEMENT_DESCRIPTION, OBJECT_ID, ATTRIBUTE, ATTRIBUTE_VALUE, PROTECTION_ELEMENT_TYPE, APPLICATION_ID, UPDATE_DATE) VALUES (110, 'gov.nih.nci.cacoresdk.domain.other.primarykey.StringPrimitiveKey', 'gov.nih.nci.cacoresdk.domain.other.primarykey.StringPrimitiveKey', 'gov.nih.nci.cacoresdk.domain.other.primarykey.StringPrimitiveKey', NULL, NULL, NULL, 2, '2007-12-13');
INSERT INTO csm_protection_element (PROTECTION_ELEMENT_ID, PROTECTION_ELEMENT_NAME, PROTECTION_ELEMENT_DESCRIPTION, OBJECT_ID, ATTRIBUTE, ATTRIBUTE_VALUE, PROTECTION_ELEMENT_TYPE, APPLICATION_ID, UPDATE_DATE) VALUES (113, 'gov.nih.nci.cacoresdk.domain.inheritance.onechild.Human', 'gov.nih.nci.cacoresdk.domain.inheritance.onechild.Human', 'gov.nih.nci.cacoresdk.domain.inheritance.onechild.Human', NULL, NULL, NULL, 2, '2007-12-17');
INSERT INTO csm_protection_element (PROTECTION_ELEMENT_ID, PROTECTION_ELEMENT_NAME, PROTECTION_ELEMENT_DESCRIPTION, OBJECT_ID, ATTRIBUTE, ATTRIBUTE_VALUE, PROTECTION_ELEMENT_TYPE, APPLICATION_ID, UPDATE_DATE) VALUES (114, 'gov.nih.nci.cacoresdk.domain.inheritance.childwithassociation.Bank', 'PE for ''name'' attribute of Bank object', 'gov.nih.nci.cacoresdk.domain.inheritance.childwithassociation.Bank', 'name', NULL, NULL, 2, '2007-12-17');
INSERT INTO csm_protection_element (PROTECTION_ELEMENT_ID, PROTECTION_ELEMENT_NAME, PROTECTION_ELEMENT_DESCRIPTION, OBJECT_ID, ATTRIBUTE, ATTRIBUTE_VALUE, PROTECTION_ELEMENT_TYPE, APPLICATION_ID, UPDATE_DATE) VALUES (115, 'gov.nih.nci.cacoresdk.domain.inheritance.childwithassociation.Credit.amount', 'PE for Credit.amount attribute', 'gov.nih.nci.cacoresdk.domain.inheritance.childwithassociation.Credit', 'amount', NULL, NULL, 2, '2007-12-19');
INSERT INTO csm_protection_element (PROTECTION_ELEMENT_ID, PROTECTION_ELEMENT_NAME, PROTECTION_ELEMENT_DESCRIPTION, OBJECT_ID, ATTRIBUTE, ATTRIBUTE_VALUE, PROTECTION_ELEMENT_TYPE, APPLICATION_ID, UPDATE_DATE) VALUES (116, 'gov.nih.nci.cacoresdk.domain.inheritance.childwithassociation.Credit.cardNumber', 'PE for Credit.cardNumber attribute', 'gov.nih.nci.cacoresdk.domain.inheritance.childwithassociation.Credit', 'cardNumber', NULL, NULL, 2, '2007-12-19');
INSERT INTO csm_protection_element (PROTECTION_ELEMENT_ID, PROTECTION_ELEMENT_NAME, PROTECTION_ELEMENT_DESCRIPTION, OBJECT_ID, ATTRIBUTE, ATTRIBUTE_VALUE, PROTECTION_ELEMENT_TYPE, APPLICATION_ID, UPDATE_DATE) VALUES (117, 'gov.nih.nci.cacoresdk.domain.other.validationtype.AllValidationType', 'gov.nih.nci.cacoresdk.domain.other.validationtype.AllValidationType', 'gov.nih.nci.cacoresdk.domain.other.validationtype.AllValidationType', NULL, NULL, NULL, 2, '2008-09-05');

INSERT INTO csm_protection_group (PROTECTION_GROUP_ID, PROTECTION_GROUP_NAME, PROTECTION_GROUP_DESCRIPTION, APPLICATION_ID, LARGE_ELEMENT_COUNT_FLAG, UPDATE_DATE, PARENT_PROTECTION_GROUP_ID) VALUES (1, 'All PEs', 'Contains all of the PEs in the entire test sdk system', 2, '0', '2007-12-19', NULL);
INSERT INTO csm_protection_group (PROTECTION_GROUP_ID, PROTECTION_GROUP_NAME, PROTECTION_GROUP_DESCRIPTION, APPLICATION_ID, LARGE_ELEMENT_COUNT_FLAG, UPDATE_DATE, PARENT_PROTECTION_GROUP_ID) VALUES (2, 'Bank', NULL, 2, '0', '2007-03-01', NULL);
INSERT INTO csm_protection_group (PROTECTION_GROUP_ID, PROTECTION_GROUP_NAME, PROTECTION_GROUP_DESCRIPTION, APPLICATION_ID, LARGE_ELEMENT_COUNT_FLAG, UPDATE_DATE, PARENT_PROTECTION_GROUP_ID) VALUES (3, 'AllDataType', NULL, 2, '0', '2007-03-23', NULL);
INSERT INTO csm_protection_group (PROTECTION_GROUP_ID, PROTECTION_GROUP_NAME, PROTECTION_GROUP_DESCRIPTION, APPLICATION_ID, LARGE_ELEMENT_COUNT_FLAG, UPDATE_DATE, PARENT_PROTECTION_GROUP_ID) VALUES (4, 'Book', NULL, 2, '0', '2007-03-23', NULL);
INSERT INTO csm_protection_group (PROTECTION_GROUP_ID, PROTECTION_GROUP_NAME, PROTECTION_GROUP_DESCRIPTION, APPLICATION_ID, LARGE_ELEMENT_COUNT_FLAG, UPDATE_DATE, PARENT_PROTECTION_GROUP_ID) VALUES (7, 'Limited Access', 'JUnit Security Test Group with limited access to a handful of Classes and Attributes', 2, '0', '2007-12-19', NULL);

INSERT INTO csm_role (ROLE_ID, ROLE_NAME, ROLE_DESCRIPTION, APPLICATION_ID, ACTIVE_FLAG, UPDATE_DATE) VALUES (1, 'SuperAdmin', 'SuperAdmin', 2, '1', '2007-03-01');
INSERT INTO csm_role (ROLE_ID, ROLE_NAME, ROLE_DESCRIPTION, APPLICATION_ID, ACTIVE_FLAG, UPDATE_DATE) VALUES (2, 'Read', NULL, 2, '1', '2007-03-01');
INSERT INTO csm_role (ROLE_ID, ROLE_NAME, ROLE_DESCRIPTION, APPLICATION_ID, ACTIVE_FLAG, UPDATE_DATE) VALUES (3, 'Create', NULL, 2, '1', '2007-03-23');
INSERT INTO csm_role (ROLE_ID, ROLE_NAME, ROLE_DESCRIPTION, APPLICATION_ID, ACTIVE_FLAG, UPDATE_DATE) VALUES (5, 'Update', NULL, 2, '1', '2008-06-30');
INSERT INTO csm_role (ROLE_ID, ROLE_NAME, ROLE_DESCRIPTION, APPLICATION_ID, ACTIVE_FLAG, UPDATE_DATE) VALUES (6, 'Delete', NULL, 2, '1', '2008-06-30');

INSERT INTO csm_role_privilege (ROLE_PRIVILEGE_ID, ROLE_ID, PRIVILEGE_ID) VALUES (1, 2, 3);
INSERT INTO csm_role_privilege (ROLE_PRIVILEGE_ID, ROLE_ID, PRIVILEGE_ID) VALUES (2, 1, 5);
INSERT INTO csm_role_privilege (ROLE_PRIVILEGE_ID, ROLE_ID, PRIVILEGE_ID) VALUES (3, 1, 1);
INSERT INTO csm_role_privilege (ROLE_PRIVILEGE_ID, ROLE_ID, PRIVILEGE_ID) VALUES (4, 1, 2);
INSERT INTO csm_role_privilege (ROLE_PRIVILEGE_ID, ROLE_ID, PRIVILEGE_ID) VALUES (5, 1, 7);
INSERT INTO csm_role_privilege (ROLE_PRIVILEGE_ID, ROLE_ID, PRIVILEGE_ID) VALUES (6, 1, 4);
INSERT INTO csm_role_privilege (ROLE_PRIVILEGE_ID, ROLE_ID, PRIVILEGE_ID) VALUES (7, 1, 3);
INSERT INTO csm_role_privilege (ROLE_PRIVILEGE_ID, ROLE_ID, PRIVILEGE_ID) VALUES (8, 1, 6);
INSERT INTO csm_role_privilege (ROLE_PRIVILEGE_ID, ROLE_ID, PRIVILEGE_ID) VALUES (9, 3, 1);
INSERT INTO csm_role_privilege (ROLE_PRIVILEGE_ID, ROLE_ID, PRIVILEGE_ID) VALUES (14, 5, 5);
INSERT INTO csm_role_privilege (ROLE_PRIVILEGE_ID, ROLE_ID, PRIVILEGE_ID) VALUES (15, 6, 6);

INSERT INTO csm_user (USER_ID, LOGIN_NAME, MIGRATED_FLAG, FIRST_NAME, LAST_NAME, ORGANIZATION, DEPARTMENT, TITLE, PHONE_NUMBER, PASSWORD, EMAIL_ID, START_DATE, END_DATE, UPDATE_DATE, PREMGRT_LOGIN_NAME) VALUES (1, 'SuperAdmin', '0', 'Super', 'Admin', NULL, NULL, NULL, NULL, 'zJPWCwDeSgG8j2uyHEABIQ==', NULL, NULL, NULL, '2008-05-23', NULL);
INSERT INTO csm_user (USER_ID, LOGIN_NAME, MIGRATED_FLAG, FIRST_NAME, LAST_NAME, ORGANIZATION, DEPARTMENT, TITLE, PHONE_NUMBER, PASSWORD, EMAIL_ID, START_DATE, END_DATE, UPDATE_DATE, PREMGRT_LOGIN_NAME) VALUES (2, 'SDKUser1', '0', 'user1', 'junit', NULL, NULL, NULL, NULL, '/3+jJvECOxQI2TxoU2+Xvw==', NULL, NULL, NULL, '2008-06-30', NULL);
INSERT INTO csm_user (USER_ID, LOGIN_NAME, MIGRATED_FLAG, FIRST_NAME, LAST_NAME, ORGANIZATION, DEPARTMENT, TITLE, PHONE_NUMBER, PASSWORD, EMAIL_ID, START_DATE, END_DATE, UPDATE_DATE, PREMGRT_LOGIN_NAME) VALUES (3, 'SDKUser2', '0', 'user2', 'junit', NULL, NULL, NULL, NULL, '/3+jJvECOxQI2TxoU2+Xvw==', NULL, NULL, NULL, '2008-06-30', NULL);
INSERT INTO csm_user (USER_ID, LOGIN_NAME, MIGRATED_FLAG, FIRST_NAME, LAST_NAME, ORGANIZATION, DEPARTMENT, TITLE, PHONE_NUMBER, PASSWORD, EMAIL_ID, START_DATE, END_DATE, UPDATE_DATE, PREMGRT_LOGIN_NAME) VALUES (13, '/O=caBIG/OU=caGrid/OU=Training/OU=Dorian/CN=SDKUser1', '0', 'user1', 'junit', NULL, NULL, NULL, NULL, '/3+jJvECOxQI2TxoU2+Xvw==', NULL, NULL, NULL, '2008-06-30', NULL);
INSERT INTO csm_user (USER_ID, LOGIN_NAME, MIGRATED_FLAG, FIRST_NAME, LAST_NAME, ORGANIZATION, DEPARTMENT, TITLE, PHONE_NUMBER, PASSWORD, EMAIL_ID, START_DATE, END_DATE, UPDATE_DATE, PREMGRT_LOGIN_NAME) VALUES (14, '/O=caBIG/OU=caGrid/OU=Training/OU=Dorian/CN=SDKUser2', '0', 'user2', 'junit', NULL, NULL, NULL, NULL, '/3+jJvECOxQI2TxoU2+Xvw==', NULL, NULL, NULL, '2008-06-30', NULL);

INSERT INTO csm_user_group (USER_GROUP_ID, USER_ID, GROUP_ID) VALUES (2, 13, 2);
INSERT INTO csm_user_group (USER_GROUP_ID, USER_ID, GROUP_ID) VALUES (3, 14, 3);
INSERT INTO csm_user_group (USER_GROUP_ID, USER_ID, GROUP_ID) VALUES (4, 2, 2);
INSERT INTO csm_user_group (USER_GROUP_ID, USER_ID, GROUP_ID) VALUES (5, 3, 3);

INSERT INTO csm_user_group_role_pg (USER_GROUP_ROLE_PG_ID, USER_ID, GROUP_ID, ROLE_ID, PROTECTION_GROUP_ID, UPDATE_DATE) VALUES (1, 1, NULL, 1, 1, '2007-03-01');
--INSERT INTO csm_user_group_role_pg (USER_GROUP_ROLE_PG_ID, USER_ID, GROUP_ID, ROLE_ID, PROTECTION_GROUP_ID, UPDATE_DATE) VALUES (10, 9, NULL, 1, 1, '2007-03-23');
--INSERT INTO csm_user_group_role_pg (USER_GROUP_ROLE_PG_ID, USER_ID, GROUP_ID, ROLE_ID, PROTECTION_GROUP_ID, UPDATE_DATE) VALUES (16, 12, NULL, 1, 1, '2007-12-12');
INSERT INTO csm_user_group_role_pg (USER_GROUP_ROLE_PG_ID, USER_ID, GROUP_ID, ROLE_ID, PROTECTION_GROUP_ID, UPDATE_DATE) VALUES (17, 13, NULL, 3, 1, '2007-12-19');
INSERT INTO csm_user_group_role_pg (USER_GROUP_ROLE_PG_ID, USER_ID, GROUP_ID, ROLE_ID, PROTECTION_GROUP_ID, UPDATE_DATE) VALUES (18, 13, NULL, 2, 1, '2007-12-19');
INSERT INTO csm_user_group_role_pg (USER_GROUP_ROLE_PG_ID, USER_ID, GROUP_ID, ROLE_ID, PROTECTION_GROUP_ID, UPDATE_DATE) VALUES (19, 2, NULL, 3, 1, '2007-12-19');
INSERT INTO csm_user_group_role_pg (USER_GROUP_ROLE_PG_ID, USER_ID, GROUP_ID, ROLE_ID, PROTECTION_GROUP_ID, UPDATE_DATE) VALUES (20, 2, NULL, 2, 1, '2007-12-19');
INSERT INTO csm_user_group_role_pg (USER_GROUP_ROLE_PG_ID, USER_ID, GROUP_ID, ROLE_ID, PROTECTION_GROUP_ID, UPDATE_DATE) VALUES (23, NULL, 2, 3, 1, '2008-06-30');
INSERT INTO csm_user_group_role_pg (USER_GROUP_ROLE_PG_ID, USER_ID, GROUP_ID, ROLE_ID, PROTECTION_GROUP_ID, UPDATE_DATE) VALUES (24, NULL, 2, 2, 1, '2008-06-30');
INSERT INTO csm_user_group_role_pg (USER_GROUP_ROLE_PG_ID, USER_ID, GROUP_ID, ROLE_ID, PROTECTION_GROUP_ID, UPDATE_DATE) VALUES (30, 2, NULL, 6, 1, '2008-06-30');
INSERT INTO csm_user_group_role_pg (USER_GROUP_ROLE_PG_ID, USER_ID, GROUP_ID, ROLE_ID, PROTECTION_GROUP_ID, UPDATE_DATE) VALUES (31, 2, NULL, 5, 1, '2008-06-30');
INSERT INTO csm_user_group_role_pg (USER_GROUP_ROLE_PG_ID, USER_ID, GROUP_ID, ROLE_ID, PROTECTION_GROUP_ID, UPDATE_DATE) VALUES (32, 3, NULL, 3, 7, '2008-06-30');
INSERT INTO csm_user_group_role_pg (USER_GROUP_ROLE_PG_ID, USER_ID, GROUP_ID, ROLE_ID, PROTECTION_GROUP_ID, UPDATE_DATE) VALUES (33, 3, NULL, 2, 7, '2008-06-30');
INSERT INTO csm_user_group_role_pg (USER_GROUP_ROLE_PG_ID, USER_ID, GROUP_ID, ROLE_ID, PROTECTION_GROUP_ID, UPDATE_DATE) VALUES (34, 13, NULL, 6, 1, '2008-06-30');
INSERT INTO csm_user_group_role_pg (USER_GROUP_ROLE_PG_ID, USER_ID, GROUP_ID, ROLE_ID, PROTECTION_GROUP_ID, UPDATE_DATE) VALUES (35, 13, NULL, 5, 1, '2008-06-30');
INSERT INTO csm_user_group_role_pg (USER_GROUP_ROLE_PG_ID, USER_ID, GROUP_ID, ROLE_ID, PROTECTION_GROUP_ID, UPDATE_DATE) VALUES (38, 14, NULL, 3, 7, '2008-06-30');
INSERT INTO csm_user_group_role_pg (USER_GROUP_ROLE_PG_ID, USER_ID, GROUP_ID, ROLE_ID, PROTECTION_GROUP_ID, UPDATE_DATE) VALUES (39, 14, NULL, 2, 7, '2008-06-30');
INSERT INTO csm_user_group_role_pg (USER_GROUP_ROLE_PG_ID, USER_ID, GROUP_ID, ROLE_ID, PROTECTION_GROUP_ID, UPDATE_DATE) VALUES (40, NULL, 3, 3, 7, '2008-06-30');
INSERT INTO csm_user_group_role_pg (USER_GROUP_ROLE_PG_ID, USER_ID, GROUP_ID, ROLE_ID, PROTECTION_GROUP_ID, UPDATE_DATE) VALUES (41, NULL, 3, 2, 7, '2008-06-30');

INSERT INTO csm_user_pe (USER_PROTECTION_ELEMENT_ID, PROTECTION_ELEMENT_ID, USER_ID) VALUES (3, 1, 1);
--INSERT INTO csm_user_pe (USER_PROTECTION_ELEMENT_ID, PROTECTION_ELEMENT_ID, USER_ID) VALUES (7, 2, 9);
INSERT INTO csm_user_pe (USER_PROTECTION_ELEMENT_ID, PROTECTION_ELEMENT_ID, USER_ID) VALUES (8, 2, 1);


ALTER TABLE CSM_APPLICATION
ADD CONSTRAINT UQ_APPLICATION_NAME UNIQUE (APPLICATION_NAME)
;

CREATE INDEX idx_APPLICATION_ID ON CSM_GROUP USING btree (APPLICATION_ID)
;

ALTER TABLE CSM_GROUP
ADD CONSTRAINT UQ_GROUP_GROUP_NAME UNIQUE (APPLICATION_ID, GROUP_NAME)
;

ALTER TABLE CSM_PRIVILEGE
ADD CONSTRAINT UQ_PRIVILEGE_NAME UNIQUE (PRIVILEGE_NAME)
;

CREATE INDEX idx_APPLICATION_ID_PE ON CSM_PROTECTION_ELEMENT USING btree (APPLICATION_ID)
;

ALTER TABLE CSM_PROTECTION_ELEMENT
ADD CONSTRAINT UQ_PE_PE_NAME_ATTRIBUTE_APP_ID UNIQUE (OBJECT_ID, ATTRIBUTE, APPLICATION_ID)
;

CREATE INDEX idx_APPLICATION_ID_PG ON CSM_PROTECTION_GROUP USING btree (APPLICATION_ID)
;

ALTER TABLE CSM_PROTECTION_GROUP
ADD CONSTRAINT UQ_PROTECTION_GROUP_PROTECTION_GROUP_NAME UNIQUE (APPLICATION_ID, PROTECTION_GROUP_NAME)
;

CREATE INDEX idx_PARENT_PROTECTION_GROUP_ID ON CSM_PROTECTION_GROUP USING btree (PARENT_PROTECTION_GROUP_ID)
;

CREATE INDEX idx_PROTECTION_ELEMENT_ID ON CSM_PG_PE USING btree (PROTECTION_ELEMENT_ID)
;

CREATE INDEX idx_PROTECTION_GROUP_ID_PGPE ON CSM_PG_PE USING btree (PROTECTION_GROUP_ID)
;

ALTER TABLE CSM_PG_PE
ADD CONSTRAINT UQ_PROTECTION_GROUP_PROTECTION_ELEMENT_PROTECTION_GROUP_ID UNIQUE (PROTECTION_ELEMENT_ID, PROTECTION_GROUP_ID)
;

CREATE INDEX idx_APPLICATION_ID_R ON CSM_ROLE USING btree (APPLICATION_ID)
;

ALTER TABLE CSM_ROLE
ADD CONSTRAINT UQ_ROLE_ROLE_NAME UNIQUE (APPLICATION_ID, ROLE_NAME)
;

CREATE INDEX idx_PRIVILEGE_ID ON CSM_ROLE_PRIVILEGE USING btree (PRIVILEGE_ID)
;

ALTER TABLE CSM_ROLE_PRIVILEGE
ADD CONSTRAINT UQ_ROLE_PRIVILEGE_ROLE_ID UNIQUE (PRIVILEGE_ID, ROLE_ID)
;

CREATE INDEX idx_ROLE_ID ON CSM_ROLE_PRIVILEGE USING btree (ROLE_ID)
;

ALTER TABLE CSM_USER
ADD CONSTRAINT UQ_LOGIN_NAME UNIQUE (LOGIN_NAME)
;

CREATE INDEX idx_USER_ID ON CSM_USER_GROUP USING btree (USER_ID)
;

CREATE INDEX idx_GROUP_ID ON CSM_USER_GROUP USING btree (GROUP_ID)
;

CREATE INDEX idx_GROUP_ID_UGRPG ON CSM_USER_GROUP_ROLE_PG USING btree (GROUP_ID)
;

CREATE INDEX idx_ROLE_ID_UGRPG ON CSM_USER_GROUP_ROLE_PG USING btree (ROLE_ID)
;

CREATE INDEX idx_PROTECTION_GROUP_ID_UGRPG ON CSM_USER_GROUP_ROLE_PG USING btree (PROTECTION_GROUP_ID)
;

CREATE INDEX idx_USER_ID_UGRPG ON CSM_USER_GROUP_ROLE_PG USING btree (USER_ID)
;

CREATE INDEX idx_USER_ID_UPE ON CSM_USER_PE USING btree (USER_ID)
;

CREATE INDEX idx_PROTECTION_ELEMENT_ID_UPE ON CSM_USER_PE USING btree (PROTECTION_ELEMENT_ID)
;

ALTER TABLE CSM_USER_PE
ADD CONSTRAINT UQ_USER_PROTECTION_ELEMENT_PROTECTION_ELEMENT_ID UNIQUE (USER_ID, PROTECTION_ELEMENT_ID)
;

ALTER TABLE CSM_GROUP ADD CONSTRAINT FK_APPLICATION_GROUP 
FOREIGN KEY (APPLICATION_ID) REFERENCES CSM_APPLICATION (APPLICATION_ID)
ON DELETE CASCADE
;

ALTER TABLE CSM_PROTECTION_ELEMENT ADD CONSTRAINT FK_PE_APPLICATION 
FOREIGN KEY (APPLICATION_ID) REFERENCES CSM_APPLICATION (APPLICATION_ID)
ON DELETE CASCADE
;

ALTER TABLE CSM_PROTECTION_GROUP ADD CONSTRAINT FK_PG_APPLICATION
FOREIGN KEY (APPLICATION_ID) REFERENCES CSM_APPLICATION (APPLICATION_ID)
ON DELETE CASCADE
;

ALTER TABLE CSM_PROTECTION_GROUP ADD CONSTRAINT FK_PROTECTION_GROUP 
FOREIGN KEY (PARENT_PROTECTION_GROUP_ID) REFERENCES CSM_PROTECTION_GROUP (PROTECTION_GROUP_ID)
;

ALTER TABLE CSM_PG_PE ADD CONSTRAINT FK_PROTECTION_ELEMENT_PROTECTION_GROUP 
FOREIGN KEY (PROTECTION_ELEMENT_ID) REFERENCES CSM_PROTECTION_ELEMENT (PROTECTION_ELEMENT_ID)
ON DELETE CASCADE
;

ALTER TABLE CSM_PG_PE ADD CONSTRAINT FK_PROTECTION_GROUP_PROTECTION_ELEMENT 
FOREIGN KEY (PROTECTION_GROUP_ID) REFERENCES CSM_PROTECTION_GROUP (PROTECTION_GROUP_ID)
ON DELETE CASCADE
;

ALTER TABLE CSM_ROLE ADD CONSTRAINT FK_APPLICATION_ROLE 
FOREIGN KEY (APPLICATION_ID) REFERENCES CSM_APPLICATION (APPLICATION_ID)
ON DELETE CASCADE
;

ALTER TABLE CSM_ROLE_PRIVILEGE ADD CONSTRAINT FK_PRIVILEGE_ROLE 
FOREIGN KEY (PRIVILEGE_ID) REFERENCES CSM_PRIVILEGE (PRIVILEGE_ID)
ON DELETE CASCADE
;

ALTER TABLE CSM_ROLE_PRIVILEGE ADD CONSTRAINT FK_ROLE
FOREIGN KEY (ROLE_ID) REFERENCES CSM_ROLE (ROLE_ID)
ON DELETE CASCADE
;

ALTER TABLE CSM_USER_GROUP ADD CONSTRAINT FK_USER_GROUP 
FOREIGN KEY (USER_ID) REFERENCES CSM_USER (USER_ID)
ON DELETE CASCADE
;

ALTER TABLE CSM_USER_GROUP ADD CONSTRAINT FK_UG_GROUP 
FOREIGN KEY (GROUP_ID) REFERENCES CSM_GROUP (GROUP_ID)
ON DELETE CASCADE
;

ALTER TABLE CSM_USER_GROUP_ROLE_PG ADD CONSTRAINT FK_USER_GROUP_ROLE_PROTECTION_GROUP_GROUPS 
FOREIGN KEY (GROUP_ID) REFERENCES CSM_GROUP (GROUP_ID)
ON DELETE CASCADE
;

ALTER TABLE CSM_USER_GROUP_ROLE_PG ADD CONSTRAINT FK_USER_GROUP_ROLE_PROTECTION_GROUP_ROLE 
FOREIGN KEY (ROLE_ID) REFERENCES CSM_ROLE (ROLE_ID)
ON DELETE CASCADE
;

ALTER TABLE CSM_USER_GROUP_ROLE_PG ADD CONSTRAINT FK_USER_GROUP_ROLE_PROTECTION_GROUP_PROTECTION_GROUP 
FOREIGN KEY (PROTECTION_GROUP_ID) REFERENCES CSM_PROTECTION_GROUP (PROTECTION_GROUP_ID)
ON DELETE CASCADE
;

ALTER TABLE CSM_USER_GROUP_ROLE_PG ADD CONSTRAINT FK_USER_GROUP_ROLE_PROTECTION_GROUP_USER 
FOREIGN KEY (USER_ID) REFERENCES CSM_USER (USER_ID)
ON DELETE CASCADE
;

ALTER TABLE CSM_USER_PE ADD CONSTRAINT FK_PE_USER 
FOREIGN KEY (USER_ID) REFERENCES CSM_USER (USER_ID)
ON DELETE CASCADE
;

ALTER TABLE CSM_USER_PE ADD CONSTRAINT FK_PROTECTION_ELEMENT_USER 
FOREIGN KEY (PROTECTION_ELEMENT_ID) REFERENCES CSM_PROTECTION_ELEMENT (PROTECTION_ELEMENT_ID)
ON DELETE CASCADE
;

COMMIT
;