<application-policy name="@CSM_PROJECT_NAME@">
	<authentication>
		<login-module code="gov.nih.nci.security.authentication.loginmodules.RDBMSLoginModule" flag="required"> 
			<module-option name="driver">@DB_DRIVER@</module-option>
			<module-option name="url">@DB_CONNECTION_URL@</module-option>
			<module-option name="user">@DB_USERNAME@</module-option>
			<module-option name="passwd">@DB_PASSWORD@</module-option>
			<module-option name="query">SELECT * FROM CSM_USER WHERE LOGIN_NAME=? and PASSWORD=?  </module-option>
			<module-option name="encryption-enabled">YES </module-option>
		</login-module>
	</authentication>
</application-policy>

