INSERT INTO  PROTEIN_FEATURE (DESCRIPTION,BEGIN,END,PROTEIN_FEATURE_ID) VALUES  ('Breast cancer type 1 susceptibility protein homolog',1,1863,1);
INSERT INTO  PROTEIN_FEATURE (DESCRIPTION,BEGIN,END,PROTEIN_FEATURE_ID) VALUES  ('BRCT 1',1642.00,1736.00,2);
INSERT INTO  PROTEIN_FEATURE (DESCRIPTION,BEGIN,END,PROTEIN_FEATURE_ID) VALUES  ('BRCT 2',1756.00,1855.00,3);
INSERT INTO  PROTEIN_FEATURE (DESCRIPTION,BEGIN,END,PROTEIN_FEATURE_ID) VALUES  ('RING-type',24.00,65.00,4);
INSERT INTO  PROTEIN_FEATURE (DESCRIPTION,BEGIN,END,PROTEIN_FEATURE_ID) VALUES  ('Poly-Lys',65.00,654.00,5);
INSERT INTO  PROTEIN_FEATURE (DESCRIPTION,BEGIN,END,PROTEIN_FEATURE_ID) VALUES  ('Phosphoserine',840.00,840.00,6);
INSERT INTO  PROTEIN_FEATURE (DESCRIPTION,BEGIN,END,PROTEIN_FEATURE_ID) VALUES  ('Phosphoserine',1211.00,1211.00,7);
INSERT INTO  PROTEIN_FEATURE (DESCRIPTION,BEGIN,END,PROTEIN_FEATURE_ID) VALUES  ('Phosphoserine',1212.00,1212.00,8);
INSERT INTO  PROTEIN_FEATURE (DESCRIPTION,BEGIN,END,PROTEIN_FEATURE_ID) VALUES  ('Phosphoserine',1217.00,1217.00,9);
INSERT INTO  PROTEIN_FEATURE (DESCRIPTION,BEGIN,END,PROTEIN_FEATURE_ID) VALUES  ('Phosphoserine',1218.00,1218.00,10);
INSERT INTO  PROTEIN_FEATURE (DESCRIPTION,BEGIN,END,PROTEIN_FEATURE_ID) VALUES  ('Phosphoserine',1239.00,1239.00,11);
INSERT INTO  PROTEIN_FEATURE (DESCRIPTION,BEGIN,END,PROTEIN_FEATURE_ID) VALUES  ('Phosphoserine',1245.00,1245.00,12);
INSERT INTO  PROTEIN_FEATURE (DESCRIPTION,BEGIN,END,PROTEIN_FEATURE_ID) VALUES  ('Phosphoserine',1330.00,1330.00,13);
INSERT INTO  PROTEIN_FEATURE (DESCRIPTION,BEGIN,END,PROTEIN_FEATURE_ID) VALUES  ('Phosphoserine',1336.00,1336.00,14);
INSERT INTO  PROTEIN_FEATURE (DESCRIPTION,BEGIN,END,PROTEIN_FEATURE_ID) VALUES  ('Phosphoserine',1342.00,1342.00,15);
INSERT INTO  PROTEIN_FEATURE (DESCRIPTION,BEGIN,END,PROTEIN_FEATURE_ID) VALUES  ('Phosphoserine',1387.00,1387.00,16);
INSERT INTO  PROTEIN_FEATURE (DESCRIPTION,BEGIN,END,PROTEIN_FEATURE_ID) VALUES  ('Phosphoserine',1423.00,1423.00,17);
INSERT INTO  PROTEIN_FEATURE (DESCRIPTION,BEGIN,END,PROTEIN_FEATURE_ID) VALUES  ('Phosphoserine',1466.00,1466.00,18);
INSERT INTO  PROTEIN_FEATURE (DESCRIPTION,BEGIN,END,PROTEIN_FEATURE_ID) VALUES  ('Phosphoserine',1524,1524,19);
INSERT INTO  PROTEIN_FEATURE (DESCRIPTION,BEGIN,END,PROTEIN_FEATURE_ID) VALUES  ('Phosphothreonine',1700.00,1700.00,20);
INSERT INTO  PROTEIN_FEATURE (DESCRIPTION,BEGIN,END,PROTEIN_FEATURE_ID) VALUES  ('Phosphothreonine',1720.00,1720.00,21);
INSERT INTO  PROTEIN_FEATURE (DESCRIPTION,BEGIN,END,PROTEIN_FEATURE_ID) VALUES  (NULL,309.00,309.00,22);
INSERT INTO  PROTEIN_FEATURE (DESCRIPTION,BEGIN,END,PROTEIN_FEATURE_ID) VALUES  (NULL,590.00,590.00,23);
INSERT INTO  PROTEIN_FEATURE (DESCRIPTION,BEGIN,END,PROTEIN_FEATURE_ID) VALUES  (NULL,731.00,731.00,24);
INSERT INTO  PROTEIN_FEATURE (DESCRIPTION,BEGIN,END,PROTEIN_FEATURE_ID) VALUES  (NULL,1100.00,1100.00,25);
INSERT INTO  PROTEIN_FEATURE (DESCRIPTION,BEGIN,END,PROTEIN_FEATURE_ID) VALUES  (NULL,427.00,427.00,26);
INSERT INTO  PROTEIN_FEATURE (DESCRIPTION,BEGIN,END,PROTEIN_FEATURE_ID) VALUES  (NULL,925.00,925.00,27);
INSERT INTO  PROTEIN_FEATURE (DESCRIPTION,BEGIN,END,PROTEIN_FEATURE_ID) VALUES  (NULL,1520.00,1520.00,28);
INSERT INTO  PROTEIN_FEATURE (DESCRIPTION,BEGIN,END,PROTEIN_FEATURE_ID) VALUES  ('Phosphoserine',974.00,974.00,29);
INSERT INTO  PROTEIN_FEATURE (DESCRIPTION,BEGIN,END,PROTEIN_FEATURE_ID) VALUES  (NULL,755.00,755.00,30);
INSERT INTO  PROTEIN_FEATURE (DESCRIPTION,BEGIN,END,PROTEIN_FEATURE_ID) VALUES  ('Phosphoserine',839.00,839.00,31);
INSERT INTO  PROTEIN_FEATURE (DESCRIPTION,BEGIN,END,PROTEIN_FEATURE_ID) VALUES  (NULL,366.00,366.00,32);
INSERT INTO  PROTEIN_FEATURE (DESCRIPTION,BEGIN,END,PROTEIN_FEATURE_ID) VALUES  (NULL,569.00,569.00,33);
INSERT INTO  PROTEIN_FEATURE (DESCRIPTION,BEGIN,END,PROTEIN_FEATURE_ID) VALUES  (NULL,717.00,717.00,34);
INSERT INTO  PROTEIN_FEATURE (DESCRIPTION,BEGIN,END,PROTEIN_FEATURE_ID) VALUES  (NULL,750.00,750.00,35);
INSERT INTO  PROTEIN_FEATURE (DESCRIPTION,BEGIN,END,PROTEIN_FEATURE_ID) VALUES  (NULL,773.00,773.00,36);
INSERT INTO  PROTEIN_FEATURE (DESCRIPTION,BEGIN,END,PROTEIN_FEATURE_ID) VALUES  (NULL,913.00,913.00,37);
INSERT INTO  PROTEIN_FEATURE (DESCRIPTION,BEGIN,END,PROTEIN_FEATURE_ID) VALUES  (NULL,1016.00,1016.00,38);
INSERT INTO  PROTEIN_FEATURE (DESCRIPTION,BEGIN,END,PROTEIN_FEATURE_ID) VALUES  (NULL,1063.00,1063.00,39);
INSERT INTO  PROTEIN_FEATURE (DESCRIPTION,BEGIN,END,PROTEIN_FEATURE_ID) VALUES  (NULL,1167,1167.00,40);
INSERT INTO  PROTEIN_FEATURE (DESCRIPTION,BEGIN,END,PROTEIN_FEATURE_ID) VALUES  (NULL,1203.00,1203,41);
INSERT INTO  PROTEIN_FEATURE (DESCRIPTION,BEGIN,END,PROTEIN_FEATURE_ID) VALUES  ('Breast cancer type 1 susceptibility protein homolog',1.00,1812.00,42);
INSERT INTO  PROTEIN_FEATURE (DESCRIPTION,BEGIN,END,PROTEIN_FEATURE_ID) VALUES  ('BRCT 1',1585.00,1679.00,43);
INSERT INTO  PROTEIN_FEATURE (DESCRIPTION,BEGIN,END,PROTEIN_FEATURE_ID) VALUES  ('BRCT 2',1698.00,1797.00,44);
INSERT INTO  PROTEIN_FEATURE (DESCRIPTION,BEGIN,END,PROTEIN_FEATURE_ID) VALUES  ('Poly-Ala',1562.00,1567.00,45);
INSERT INTO  PROTEIN_FEATURE (DESCRIPTION,BEGIN,END,PROTEIN_FEATURE_ID) VALUES  ('Phosphoserine',831.00,831.00,46);
INSERT INTO  PROTEIN_FEATURE (DESCRIPTION,BEGIN,END,PROTEIN_FEATURE_ID) VALUES  ('Phosphoserine',957.00,957.00,47);
INSERT INTO  PROTEIN_FEATURE (DESCRIPTION,BEGIN,END,PROTEIN_FEATURE_ID) VALUES  ('Phosphoserine',1174.00,1174.00,48);
INSERT INTO  PROTEIN_FEATURE (DESCRIPTION,BEGIN,END,PROTEIN_FEATURE_ID) VALUES  ('Phosphoserine',1175.00,1175.00,49);
INSERT INTO  PROTEIN_FEATURE (DESCRIPTION,BEGIN,END,PROTEIN_FEATURE_ID) VALUES  ('Phosphoserine',1180.00,1180.00,50);
INSERT INTO  PROTEIN_FEATURE (DESCRIPTION,BEGIN,END,PROTEIN_FEATURE_ID) VALUES  ('Phosphoserine',1206.00,1206.00,51);
INSERT INTO  PROTEIN_FEATURE (DESCRIPTION,BEGIN,END,PROTEIN_FEATURE_ID) VALUES  ('Phosphoserine',1297.00,1297.00,52);
INSERT INTO  PROTEIN_FEATURE (DESCRIPTION,BEGIN,END,PROTEIN_FEATURE_ID) VALUES  ('Phosphoserine',1303.00,1303.00,53);
INSERT INTO  PROTEIN_FEATURE (DESCRIPTION,BEGIN,END,PROTEIN_FEATURE_ID) VALUES  ('Phosphoserine',1343.00,1343.00,54);
INSERT INTO  PROTEIN_FEATURE (DESCRIPTION,BEGIN,END,PROTEIN_FEATURE_ID) VALUES  ('Phosphoserine',1422.00,1422.00,55);
INSERT INTO  PROTEIN_FEATURE (DESCRIPTION,BEGIN,END,PROTEIN_FEATURE_ID) VALUES  ('Phosphoserine',1481.00,1481.00,56);
INSERT INTO  PROTEIN_FEATURE (DESCRIPTION,BEGIN,END,PROTEIN_FEATURE_ID) VALUES  ('Phosphothreonine',1643.00,1643.00,57);
INSERT INTO  PROTEIN_FEATURE (DESCRIPTION,BEGIN,END,PROTEIN_FEATURE_ID) VALUES  (NULL,93.00,93.00,58);
INSERT INTO  PROTEIN_FEATURE (DESCRIPTION,BEGIN,END,PROTEIN_FEATURE_ID) VALUES  (NULL,305.00,305.00,59);
INSERT INTO  PROTEIN_FEATURE (DESCRIPTION,BEGIN,END,PROTEIN_FEATURE_ID) VALUES  (NULL,319.00,319.00,60);
INSERT INTO  PROTEIN_FEATURE (DESCRIPTION,BEGIN,END,PROTEIN_FEATURE_ID) VALUES  (NULL,377.00,377.00,61);
INSERT INTO  PROTEIN_FEATURE (DESCRIPTION,BEGIN,END,PROTEIN_FEATURE_ID) VALUES  (NULL,550.00,550.00,62);
INSERT INTO  PROTEIN_FEATURE (DESCRIPTION,BEGIN,END,PROTEIN_FEATURE_ID) VALUES  (NULL,652.00,652.00,63);
INSERT INTO  PROTEIN_FEATURE (DESCRIPTION,BEGIN,END,PROTEIN_FEATURE_ID) VALUES  (NULL,765.00,765.00,64);
INSERT INTO  PROTEIN_FEATURE (DESCRIPTION,BEGIN,END,PROTEIN_FEATURE_ID) VALUES  (NULL,917.00,917.00,65);
INSERT INTO  PROTEIN_FEATURE (DESCRIPTION,BEGIN,END,PROTEIN_FEATURE_ID) VALUES  (NULL,933.00,933.00,66);
INSERT INTO  PROTEIN_FEATURE (DESCRIPTION,BEGIN,END,PROTEIN_FEATURE_ID) VALUES  (NULL,1122.00,1122.00,67);
INSERT INTO  PROTEIN_FEATURE (DESCRIPTION,BEGIN,END,PROTEIN_FEATURE_ID) VALUES  (NULL,1206.00,1206.00,68);
INSERT INTO  PROTEIN_FEATURE (DESCRIPTION,BEGIN,END,PROTEIN_FEATURE_ID) VALUES  (NULL,1212.00,1213.00,69);
INSERT INTO  PROTEIN_FEATURE (DESCRIPTION,BEGIN,END,PROTEIN_FEATURE_ID) VALUES  (NULL,1255.00,1255.00,70);
INSERT INTO  PROTEIN_FEATURE (DESCRIPTION,BEGIN,END,PROTEIN_FEATURE_ID) VALUES  (NULL,1261.00,1261.00,71);
INSERT INTO  PROTEIN_FEATURE (DESCRIPTION,BEGIN,END,PROTEIN_FEATURE_ID) VALUES  (NULL,1264.00,1264.00,72);
INSERT INTO  PROTEIN_FEATURE (DESCRIPTION,BEGIN,END,PROTEIN_FEATURE_ID) VALUES  (NULL,1269.00,1269.00,73);
INSERT INTO  PROTEIN_FEATURE (DESCRIPTION,BEGIN,END,PROTEIN_FEATURE_ID) VALUES  (NULL,1283.00,1283.00,74);
INSERT INTO  PROTEIN_FEATURE (DESCRIPTION,BEGIN,END,PROTEIN_FEATURE_ID) VALUES  (NULL,1337.00,1337.00,75);
INSERT INTO  PROTEIN_FEATURE (DESCRIPTION,BEGIN,END,PROTEIN_FEATURE_ID) VALUES  (NULL,1349.00,1349.00,76);
INSERT INTO  PROTEIN_FEATURE (DESCRIPTION,BEGIN,END,PROTEIN_FEATURE_ID) VALUES  (NULL,1352.00,1353.00,77);
INSERT INTO  PROTEIN_FEATURE (DESCRIPTION,BEGIN,END,PROTEIN_FEATURE_ID) VALUES  (NULL,1381.00,1381.00,78);
INSERT INTO  PROTEIN_FEATURE (DESCRIPTION,BEGIN,END,PROTEIN_FEATURE_ID) VALUES  (NULL,1390.00,1390.00,79);
INSERT INTO  PROTEIN_FEATURE (DESCRIPTION,BEGIN,END,PROTEIN_FEATURE_ID) VALUES  (NULL,1400.00,1400.00,80);

INSERT INTO  ACTIVE_SITE (ACTIVE_SITE_ID) VALUES  (1);
INSERT INTO  ACTIVE_SITE (ACTIVE_SITE_ID) VALUES  (2);
INSERT INTO  ACTIVE_SITE (ACTIVE_SITE_ID) VALUES  (3);
INSERT INTO  ACTIVE_SITE (ACTIVE_SITE_ID) VALUES  (4);
INSERT INTO  ACTIVE_SITE (ACTIVE_SITE_ID) VALUES  (5);
INSERT INTO  ACTIVE_SITE (ACTIVE_SITE_ID) VALUES  (6);

INSERT INTO  BINDING_SITE (BINDING_SITE_ID) VALUES  (1);
INSERT INTO  BINDING_SITE (BINDING_SITE_ID) VALUES  (2);
INSERT INTO  BINDING_SITE (BINDING_SITE_ID) VALUES  (3);
INSERT INTO  BINDING_SITE (BINDING_SITE_ID) VALUES  (4);
INSERT INTO  BINDING_SITE (BINDING_SITE_ID) VALUES  (5);
INSERT INTO  BINDING_SITE (BINDING_SITE_ID) VALUES  (6);

INSERT INTO  PROTEIN (PROTEIN_ID,PROTEIN_TYPE,UNIPROTKB_ENTRY_NAME,UNIPROTKB_PRIMARY_ACCESSION) VALUES  ('Q9GKK8','full sequence','BRCA1_PANTR','1');
INSERT INTO  PROTEIN (PROTEIN_ID,PROTEIN_TYPE,UNIPROTKB_ENTRY_NAME,UNIPROTKB_PRIMARY_ACCESSION) VALUES  ('Q6J6J0','full sequence','BRCA1_PONPY','2');
INSERT INTO  PROTEIN (PROTEIN_ID,PROTEIN_TYPE,UNIPROTKB_ENTRY_NAME,UNIPROTKB_PRIMARY_ACCESSION) VALUES  ('Q6J6I9','full sequence','BRCA1_MACMU','3');
INSERT INTO  PROTEIN (PROTEIN_ID,PROTEIN_TYPE,UNIPROTKB_ENTRY_NAME,UNIPROTKB_PRIMARY_ACCESSION) VALUES  ('P48754','full sequence','BRCA1_MOUSE','4');
INSERT INTO  PROTEIN (PROTEIN_ID,PROTEIN_TYPE,UNIPROTKB_ENTRY_NAME,UNIPROTKB_PRIMARY_ACCESSION) VALUES  ('O54952','full sequence','BRCA1_RAT','5');
INSERT INTO  PROTEIN (PROTEIN_ID,PROTEIN_TYPE,UNIPROTKB_ENTRY_NAME,UNIPROTKB_PRIMARY_ACCESSION) VALUES  ('O35923','full sequence','BRCA2_RAT','6');
INSERT INTO  PROTEIN (PROTEIN_ID,PROTEIN_TYPE,UNIPROTKB_ENTRY_NAME,UNIPROTKB_PRIMARY_ACCESSION) VALUES  ('Q95153','full sequence','BRCA1_CANFA','7');
INSERT INTO  PROTEIN (PROTEIN_ID,PROTEIN_TYPE,UNIPROTKB_ENTRY_NAME,UNIPROTKB_PRIMARY_ACCESSION) VALUES  ('Q864U1','full sequence','BRCA1_BOVIN','8');
INSERT INTO  PROTEIN (PROTEIN_ID,PROTEIN_TYPE,UNIPROTKB_ENTRY_NAME,UNIPROTKB_PRIMARY_ACCESSION) VALUES  ('P38398','full sequence','BRCA1_HUMAN','9');
INSERT INTO  PROTEIN (PROTEIN_ID,PROTEIN_TYPE,UNIPROTKB_ENTRY_NAME,UNIPROTKB_PRIMARY_ACCESSION) VALUES  ('Q864S8','full sequence','BRCA2_FELCA','10');
INSERT INTO  PROTEIN (PROTEIN_ID,PROTEIN_TYPE,UNIPROTKB_ENTRY_NAME,UNIPROTKB_PRIMARY_ACCESSION) VALUES  ('P51587','full sequence','BRCA2_HUMAN','11');
INSERT INTO  PROTEIN (PROTEIN_ID,PROTEIN_TYPE,UNIPROTKB_ENTRY_NAME,UNIPROTKB_PRIMARY_ACCESSION) VALUES  ('P97929','full sequence','BRCA2_MOUSE','12');
INSERT INTO  PROTEIN (PROTEIN_ID,PROTEIN_TYPE,UNIPROTKB_ENTRY_NAME,UNIPROTKB_PRIMARY_ACCESSION) VALUES  ('Q6J6I8','full sequence','BRCA1_GORGO','13');

INSERT INTO  ORGANISM_NAME (VALUE,ORGANISM_NAME_ID) VALUES  ('Chimpanzee',1);
INSERT INTO  ORGANISM_NAME (VALUE,ORGANISM_NAME_ID) VALUES  ('Pan troglodytes',2);
INSERT INTO  ORGANISM_NAME (VALUE,ORGANISM_NAME_ID) VALUES  ('Orangutan',3);
INSERT INTO  ORGANISM_NAME (VALUE,ORGANISM_NAME_ID) VALUES  ('Pongo pygmaeus',4);
INSERT INTO  ORGANISM_NAME (VALUE,ORGANISM_NAME_ID) VALUES  ('Rhesus macaque',5);
INSERT INTO  ORGANISM_NAME (VALUE,ORGANISM_NAME_ID) VALUES  ('Macaca mulatta',6);
INSERT INTO  ORGANISM_NAME (VALUE,ORGANISM_NAME_ID) VALUES  ('Mouse',7);
INSERT INTO  ORGANISM_NAME (VALUE,ORGANISM_NAME_ID) VALUES  ('Mus musculus',8);
INSERT INTO  ORGANISM_NAME (VALUE,ORGANISM_NAME_ID) VALUES  ('Rat',9);
INSERT INTO  ORGANISM_NAME (VALUE,ORGANISM_NAME_ID) VALUES  ('Rattus norvegicus',10);
INSERT INTO  ORGANISM_NAME (VALUE,ORGANISM_NAME_ID) VALUES  ('Dog',11);
INSERT INTO  ORGANISM_NAME (VALUE,ORGANISM_NAME_ID) VALUES  ('Canis familiaris',12);
INSERT INTO  ORGANISM_NAME (VALUE,ORGANISM_NAME_ID) VALUES  ('Bovine',13);
INSERT INTO  ORGANISM_NAME (VALUE,ORGANISM_NAME_ID) VALUES  ('Bos taurus',14);
INSERT INTO  ORGANISM_NAME (VALUE,ORGANISM_NAME_ID) VALUES  ('Homo sapiens',16);
INSERT INTO  ORGANISM_NAME (VALUE,ORGANISM_NAME_ID) VALUES  ('Cat',17);
INSERT INTO  ORGANISM_NAME (VALUE,ORGANISM_NAME_ID) VALUES  ('Felis silvestris catus',18);
INSERT INTO  ORGANISM_NAME (VALUE,ORGANISM_NAME_ID) VALUES  ('Lowland gorilla',19);
INSERT INTO  ORGANISM_NAME (VALUE,ORGANISM_NAME_ID)VALUES  ('Gorilla gorilla gorilla',20);

INSERT INTO  PROTEIN_NAME (VALUE,PROTEIN_NAME_ID) VALUES  ('Breast cancer type 1 susceptibility protein homolog',1);
INSERT INTO  PROTEIN_NAME (VALUE,PROTEIN_NAME_ID) VALUES  ('Breast cancer type 2 susceptibility protein homolog',2);
INSERT INTO  PROTEIN_NAME (VALUE,PROTEIN_NAME_ID) VALUES  ('Fanconi anemia group D1 protein homolog',3);
INSERT INTO  PROTEIN_NAME (VALUE,PROTEIN_NAME_ID) VALUES  ('Breast cancer type 1 susceptibility protein',4);
INSERT INTO  PROTEIN_NAME (VALUE,PROTEIN_NAME_ID) VALUES  ('RING finger protein 53',5);
INSERT INTO  PROTEIN_NAME (VALUE,PROTEIN_NAME_ID) VALUES  ('Breast cancer type 2 susceptibility protein',6);
INSERT INTO  PROTEIN_NAME (VALUE,PROTEIN_NAME_ID) VALUES  ('Fanconi anemia group D1 protein',7);

INSERT INTO  PROTEIN_SEQUENCE (PROTEIN_SEQUENCE_ID, PROTEIN,LENGTH,MOLECULAR_WEIGHT_IN_DALTONS,CHECKSUM,VALUE,SEQUENCE_IN_FASTA_FORMAT) VALUES  ('1','Q9GKK8',1863,207899,'49673829CCFA756E','','MDLSALRVEEVQNVINAMQKILECPICLELIKEPVSTKCDHIFCKF');
INSERT INTO  PROTEIN_SEQUENCE (PROTEIN_SEQUENCE_ID, PROTEIN,LENGTH,MOLECULAR_WEIGHT_IN_DALTONS,CHECKSUM,VALUE,SEQUENCE_IN_FASTA_FORMAT) VALUES  ('2','Q6J6J0',1863,207954,'D2C2569CEB3EA83B','','MDLSAVRVEEVQNVINAMQKILECPICLELIKEPVSTKCDHIFCKF');
INSERT INTO  PROTEIN_SEQUENCE (PROTEIN_SEQUENCE_ID, PROTEIN,LENGTH,MOLECULAR_WEIGHT_IN_DALTONS,CHECKSUM,VALUE,SEQUENCE_IN_FASTA_FORMAT) VALUES  ('3','Q6J6I9',1863,207790,'6AA0DE2AA9A983BC','','MDLSAVRVEEVQNVINAMQKILECPICLELIKEPVSTKCDHIFCRF');
INSERT INTO  PROTEIN_SEQUENCE (PROTEIN_SEQUENCE_ID, PROTEIN,LENGTH,MOLECULAR_WEIGHT_IN_DALTONS,CHECKSUM,VALUE,SEQUENCE_IN_FASTA_FORMAT) VALUES  ('4','P48754',1812,198670,'2291EA74150BB86A','','MDLSAVQIQEVQNVLHAMQKILECPICLELIKEPVSTKCDHIFCKF');
INSERT INTO  PROTEIN_SEQUENCE (PROTEIN_SEQUENCE_ID, PROTEIN,LENGTH,MOLECULAR_WEIGHT_IN_DALTONS,CHECKSUM,VALUE,SEQUENCE_IN_FASTA_FORMAT) VALUES  ('5','O54952',1817,199879,'C0B4760F0E349A01','','MDLSAVRIQEVQNVLHAMQKILECPICLELIKEPVSTQCDHIFCKF');
INSERT INTO  PROTEIN_SEQUENCE (PROTEIN_SEQUENCE_ID, PROTEIN,LENGTH,MOLECULAR_WEIGHT_IN_DALTONS,CHECKSUM,VALUE,SEQUENCE_IN_FASTA_FORMAT) VALUES  ('6','O35923',3343,372216,'653DB110D2302A8D','','MTVEYKRRPTFWEIFKARCSTADLGPISLNWFEELFSEAPPYNTEH');
INSERT INTO  PROTEIN_SEQUENCE (PROTEIN_SEQUENCE_ID, PROTEIN,LENGTH,MOLECULAR_WEIGHT_IN_DALTONS,CHECKSUM,VALUE,SEQUENCE_IN_FASTA_FORMAT) VALUES  ('7','Q95153',1878,208447,'4799B65030327C4F','','MDLSADRVEEVQNVLNAMQKILECPICLELIKEPVSTKCDHIFCKF');
INSERT INTO  PROTEIN_SEQUENCE (PROTEIN_SEQUENCE_ID, PROTEIN,LENGTH,MOLECULAR_WEIGHT_IN_DALTONS,CHECKSUM,VALUE,SEQUENCE_IN_FASTA_FORMAT) VALUES  ('8','Q864U1',1849,206279,'66354C5D0BAFE8A8','','MDLSADHVEEVQNVLNAMQKILECPICLELIKEPVSTKCDHIFCKF');
INSERT INTO  PROTEIN_SEQUENCE (PROTEIN_SEQUENCE_ID, PROTEIN,LENGTH,MOLECULAR_WEIGHT_IN_DALTONS,CHECKSUM,VALUE,SEQUENCE_IN_FASTA_FORMAT) VALUES  ('9','P38398',1863,207721,'89C6D83FF56312AF','','MDLSALRVEEVQNVINAMQKILECPICLELIKEPVSTKCDHIFCKF');
INSERT INTO  PROTEIN_SEQUENCE (PROTEIN_SEQUENCE_ID, PROTEIN,LENGTH,MOLECULAR_WEIGHT_IN_DALTONS,CHECKSUM,VALUE,SEQUENCE_IN_FASTA_FORMAT) VALUES  ('10','Q864S8',3372,377345,'37F23DA23CA94665','','MPIGCKERPTFFEIFRTRCNKADLGPISLNWFEELCLEAPPYNSEP');
INSERT INTO  PROTEIN_SEQUENCE (PROTEIN_SEQUENCE_ID, PROTEIN,LENGTH,MOLECULAR_WEIGHT_IN_DALTONS,CHECKSUM,VALUE,SEQUENCE_IN_FASTA_FORMAT) VALUES  ('11','P51587',3418,384225,'2D14D996FD8241C2','','MPIGSKERPTFFEIFKTRCNKADLGPISLNWFEELSSEAPPYNSEP');
INSERT INTO  PROTEIN_SEQUENCE (PROTEIN_SEQUENCE_ID, PROTEIN,LENGTH,MOLECULAR_WEIGHT_IN_DALTONS,CHECKSUM,VALUE,SEQUENCE_IN_FASTA_FORMAT) VALUES  ('12','P97929',3329,370664,'A3B269AF8F05A5D1','','MPVEYKRRPTFWEIFKARCSTADLGPISLNWFEELSSEAPPYNSEP');
INSERT INTO  PROTEIN_SEQUENCE (PROTEIN_SEQUENCE_ID, PROTEIN,LENGTH,MOLECULAR_WEIGHT_IN_DALTONS,CHECKSUM,VALUE,SEQUENCE_IN_FASTA_FORMAT) VALUES   ('13','Q6J6I8',1863,207761,'6B5D0B281A9DBE8A','','MDLSALRVEEVQNVINAMQKILECPICLELIKEPVSTKCDHIFCKF');



INSERT INTO  GENE (NAME,ENTREZ_GENE_ID,GENE_ID)  VALUES  ('BRCA1',449497,1);
INSERT INTO  GENE (NAME,ENTREZ_GENE_ID,GENE_ID)  VALUES  ('BRCA1',NULL,2);
INSERT INTO  GENE (NAME,ENTREZ_GENE_ID,GENE_ID)  VALUES  ('Brca1',12189,3);
INSERT INTO  GENE (NAME,ENTREZ_GENE_ID,GENE_ID)  VALUES  ('Brca1',497672,4);
INSERT INTO  GENE (NAME,ENTREZ_GENE_ID,GENE_ID)  VALUES  ('Brca2',360254,5);
INSERT INTO  GENE (NAME,ENTREZ_GENE_ID,GENE_ID)  VALUES  ('Fancd1',360254,6);
INSERT INTO  GENE (NAME,ENTREZ_GENE_ID,GENE_ID)  VALUES  ('BRCA1',403437,7);
INSERT INTO  GENE (NAME,ENTREZ_GENE_ID,GENE_ID)  VALUES  ('BRCA1',353120,8);
INSERT INTO  GENE (NAME,ENTREZ_GENE_ID,GENE_ID)  VALUES  ('BRCA1',672,9);
INSERT INTO  GENE (NAME,ENTREZ_GENE_ID,GENE_ID)  VALUES  ('RNF53',672,10);
INSERT INTO  GENE (NAME,ENTREZ_GENE_ID,GENE_ID)  VALUES  ('BRCA2',493878,11);
INSERT INTO  GENE (NAME,ENTREZ_GENE_ID,GENE_ID)  VALUES  ('FANCD1',493878,12);
INSERT INTO  GENE (NAME,ENTREZ_GENE_ID,GENE_ID)  VALUES  ('BRCA2',675,13);
INSERT INTO  GENE (NAME,ENTREZ_GENE_ID,GENE_ID)  VALUES  ('FACD',675,14);
INSERT INTO  GENE (NAME,ENTREZ_GENE_ID,GENE_ID)  VALUES  ('FANCD1',675,15);
INSERT INTO  GENE (NAME,ENTREZ_GENE_ID,GENE_ID)  VALUES  ('Brca2',NULL,16);
INSERT INTO  GENE (NAME,ENTREZ_GENE_ID,GENE_ID)  VALUES  ('Fancd1',NULL,17);

INSERT INTO  ORGANISM (NCBI_TAXONOMY_ID,COMMON_NAME,SCIENTIFIC_NAME,ORGANISM_ID) VALUES  (9598,'Chimpanzee','Pan troglodytes',1);
INSERT INTO  ORGANISM (NCBI_TAXONOMY_ID,COMMON_NAME,SCIENTIFIC_NAME,ORGANISM_ID) VALUES  (9600,'Orangutan','Pongo pygmaeus',2);
INSERT INTO  ORGANISM (NCBI_TAXONOMY_ID,COMMON_NAME,SCIENTIFIC_NAME,ORGANISM_ID) VALUES  (9544,'Rhesus macaque','Macaca mulatta',3);
INSERT INTO  ORGANISM (NCBI_TAXONOMY_ID,COMMON_NAME,SCIENTIFIC_NAME,ORGANISM_ID) VALUES  (10090,'Mouse','Mus musculus',4);
INSERT INTO  ORGANISM (NCBI_TAXONOMY_ID,COMMON_NAME,SCIENTIFIC_NAME,ORGANISM_ID) VALUES  (10116,'Rat','Rattus norvegicus',5);
INSERT INTO  ORGANISM (NCBI_TAXONOMY_ID,COMMON_NAME,SCIENTIFIC_NAME,ORGANISM_ID) VALUES  (9615,'Dog','Canis familiaris',6);
INSERT INTO  ORGANISM (NCBI_TAXONOMY_ID,COMMON_NAME,SCIENTIFIC_NAME,ORGANISM_ID) VALUES  (9913,'Bovine','Bos taurus',7);
INSERT INTO  ORGANISM (NCBI_TAXONOMY_ID,COMMON_NAME,SCIENTIFIC_NAME,ORGANISM_ID) VALUES  (9606,'Human','Homo sapiens',8);
INSERT INTO  ORGANISM (NCBI_TAXONOMY_ID,COMMON_NAME,SCIENTIFIC_NAME,ORGANISM_ID) VALUES  (9685,'Cat','Felis silvestris catus',9);
INSERT INTO  ORGANISM (NCBI_TAXONOMY_ID,COMMON_NAME,SCIENTIFIC_NAME,ORGANISM_ID) VALUES  (9595,'Lowland gorilla','Gorilla gorilla gorilla',10);


INSERT INTO  JOIN_PROTEIN_GENE (PROTEIN_ID,GENE_ID) VALUES  ('Q9GKK8',1);
INSERT INTO  JOIN_PROTEIN_GENE (PROTEIN_ID,GENE_ID) VALUES  ('Q6J6J0',2);
INSERT INTO  JOIN_PROTEIN_GENE (PROTEIN_ID,GENE_ID) VALUES  ('Q6J6I9',2);
INSERT INTO  JOIN_PROTEIN_GENE (PROTEIN_ID,GENE_ID) VALUES  ('P48754',3);
INSERT INTO  JOIN_PROTEIN_GENE (PROTEIN_ID,GENE_ID) VALUES  ('O54952',4);
INSERT INTO  JOIN_PROTEIN_GENE (PROTEIN_ID,GENE_ID) VALUES  ('O35923',5);
INSERT INTO  JOIN_PROTEIN_GENE (PROTEIN_ID,GENE_ID) VALUES  ('O35923',6);
INSERT INTO  JOIN_PROTEIN_GENE (PROTEIN_ID,GENE_ID) VALUES  ('Q95153',7);
INSERT INTO  JOIN_PROTEIN_GENE (PROTEIN_ID,GENE_ID) VALUES  ('Q864U1',8);
INSERT INTO  JOIN_PROTEIN_GENE (PROTEIN_ID,GENE_ID) VALUES  ('P38398',9);
INSERT INTO  JOIN_PROTEIN_GENE (PROTEIN_ID,GENE_ID) VALUES  ('P38398',10);
INSERT INTO  JOIN_PROTEIN_GENE (PROTEIN_ID,GENE_ID) VALUES  ('Q864S8',11);
INSERT INTO  JOIN_PROTEIN_GENE (PROTEIN_ID,GENE_ID) VALUES  ('Q864S8',12);
INSERT INTO  JOIN_PROTEIN_GENE (PROTEIN_ID,GENE_ID) VALUES  ('P51587',13);
INSERT INTO  JOIN_PROTEIN_GENE (PROTEIN_ID,GENE_ID) VALUES  ('P51587',14);
INSERT INTO  JOIN_PROTEIN_GENE (PROTEIN_ID,GENE_ID) VALUES  ('P51587',15);
INSERT INTO  JOIN_PROTEIN_GENE (PROTEIN_ID,GENE_ID) VALUES  ('P97929',16);
INSERT INTO  JOIN_PROTEIN_GENE (PROTEIN_ID,GENE_ID) VALUES  ('P97929',17);
INSERT INTO  JOIN_PROTEIN_GENE (PROTEIN_ID,GENE_ID) VALUES  ('Q6J6I8',2);

INSERT INTO  JOIN_PROTEIN_ORGANISM (PROTEIN_ID,ORGANISM_ID) VALUES  ('Q9GKK8',1);
INSERT INTO  JOIN_PROTEIN_ORGANISM (PROTEIN_ID,ORGANISM_ID) VALUES  ('Q6J6J0',2);
INSERT INTO  JOIN_PROTEIN_ORGANISM (PROTEIN_ID,ORGANISM_ID) VALUES  ('Q6J6I9',3);
INSERT INTO  JOIN_PROTEIN_ORGANISM (PROTEIN_ID,ORGANISM_ID) VALUES  ('P48754',4);
INSERT INTO  JOIN_PROTEIN_ORGANISM (PROTEIN_ID,ORGANISM_ID) VALUES  ('O54952',5);
INSERT INTO  JOIN_PROTEIN_ORGANISM (PROTEIN_ID,ORGANISM_ID) VALUES  ('O35923',5);
INSERT INTO  JOIN_PROTEIN_ORGANISM (PROTEIN_ID,ORGANISM_ID) VALUES  ('Q95153',6);
INSERT INTO  JOIN_PROTEIN_ORGANISM (PROTEIN_ID,ORGANISM_ID) VALUES  ('Q864U1',7);
INSERT INTO  JOIN_PROTEIN_ORGANISM (PROTEIN_ID,ORGANISM_ID) VALUES  ('P38398',8);
INSERT INTO  JOIN_PROTEIN_ORGANISM (PROTEIN_ID,ORGANISM_ID) VALUES  ('Q864S8',9);
INSERT INTO  JOIN_PROTEIN_ORGANISM (PROTEIN_ID,ORGANISM_ID) VALUES  ('P51587',8);
INSERT INTO  JOIN_PROTEIN_ORGANISM (PROTEIN_ID,ORGANISM_ID) VALUES  ('P97929',4);
INSERT INTO  JOIN_PROTEIN_ORGANISM (PROTEIN_ID,ORGANISM_ID) VALUES  ('Q6J6I8',10);

INSERT INTO  JOIN_PROTEIN_PROTEIN_NAME (PROTEIN_ID,PROTEIN_NAME_ID) VALUES  ('Q9GKK8',1);
INSERT INTO  JOIN_PROTEIN_PROTEIN_NAME (PROTEIN_ID,PROTEIN_NAME_ID) VALUES  ('Q6J6J0',1);
INSERT INTO  JOIN_PROTEIN_PROTEIN_NAME (PROTEIN_ID,PROTEIN_NAME_ID) VALUES  ('Q6J6I9',1);
INSERT INTO  JOIN_PROTEIN_PROTEIN_NAME (PROTEIN_ID,PROTEIN_NAME_ID) VALUES  ('P48754',1);
INSERT INTO  JOIN_PROTEIN_PROTEIN_NAME (PROTEIN_ID,PROTEIN_NAME_ID) VALUES  ('O54952',1);
INSERT INTO  JOIN_PROTEIN_PROTEIN_NAME (PROTEIN_ID,PROTEIN_NAME_ID) VALUES  ('O35923',2);
INSERT INTO  JOIN_PROTEIN_PROTEIN_NAME (PROTEIN_ID,PROTEIN_NAME_ID) VALUES  ('O35923',3);
INSERT INTO  JOIN_PROTEIN_PROTEIN_NAME (PROTEIN_ID,PROTEIN_NAME_ID) VALUES  ('Q95153',1);
INSERT INTO  JOIN_PROTEIN_PROTEIN_NAME (PROTEIN_ID,PROTEIN_NAME_ID) VALUES  ('Q864U1',1);
INSERT INTO  JOIN_PROTEIN_PROTEIN_NAME (PROTEIN_ID,PROTEIN_NAME_ID) VALUES  ('P38398',4);
INSERT INTO  JOIN_PROTEIN_PROTEIN_NAME (PROTEIN_ID,PROTEIN_NAME_ID) VALUES  ('P38398',5);
INSERT INTO  JOIN_PROTEIN_PROTEIN_NAME (PROTEIN_ID,PROTEIN_NAME_ID) VALUES  ('Q864S8',2);
INSERT INTO  JOIN_PROTEIN_PROTEIN_NAME (PROTEIN_ID,PROTEIN_NAME_ID) VALUES  ('Q864S8',3);
INSERT INTO  JOIN_PROTEIN_PROTEIN_NAME (PROTEIN_ID,PROTEIN_NAME_ID) VALUES  ('P51587',6);
INSERT INTO  JOIN_PROTEIN_PROTEIN_NAME (PROTEIN_ID,PROTEIN_NAME_ID) VALUES  ('P51587',7);
INSERT INTO  JOIN_PROTEIN_PROTEIN_NAME (PROTEIN_ID,PROTEIN_NAME_ID) VALUES  ('P97929',2);
INSERT INTO  JOIN_PROTEIN_PROTEIN_NAME (PROTEIN_ID,PROTEIN_NAME_ID) VALUES  ('P97929',3);
INSERT INTO  JOIN_PROTEIN_PROTEIN_NAME (PROTEIN_ID,PROTEIN_NAME_ID) VALUES  ('Q6J6I8',1);

INSERT INTO  JOIN_ORGANISM_ORGANISM_NAME (ORGANISM_ID,ORGANISM_NAME_ID) VALUES  (1,1);
INSERT INTO  JOIN_ORGANISM_ORGANISM_NAME (ORGANISM_ID,ORGANISM_NAME_ID) VALUES  (1,2);
INSERT INTO  JOIN_ORGANISM_ORGANISM_NAME (ORGANISM_ID,ORGANISM_NAME_ID) VALUES  (2,3);
INSERT INTO  JOIN_ORGANISM_ORGANISM_NAME (ORGANISM_ID,ORGANISM_NAME_ID) VALUES  (2,4);
INSERT INTO  JOIN_ORGANISM_ORGANISM_NAME (ORGANISM_ID,ORGANISM_NAME_ID) VALUES  (3,5);
INSERT INTO  JOIN_ORGANISM_ORGANISM_NAME (ORGANISM_ID,ORGANISM_NAME_ID) VALUES  (3,6);
INSERT INTO  JOIN_ORGANISM_ORGANISM_NAME (ORGANISM_ID,ORGANISM_NAME_ID) VALUES  (4,7);
INSERT INTO  JOIN_ORGANISM_ORGANISM_NAME (ORGANISM_ID,ORGANISM_NAME_ID) VALUES  (4,8);
INSERT INTO  JOIN_ORGANISM_ORGANISM_NAME (ORGANISM_ID,ORGANISM_NAME_ID) VALUES  (5,9);
INSERT INTO  JOIN_ORGANISM_ORGANISM_NAME (ORGANISM_ID,ORGANISM_NAME_ID) VALUES  (5,10);
INSERT INTO  JOIN_ORGANISM_ORGANISM_NAME (ORGANISM_ID,ORGANISM_NAME_ID) VALUES  (6,11);
INSERT INTO  JOIN_ORGANISM_ORGANISM_NAME (ORGANISM_ID,ORGANISM_NAME_ID) VALUES  (6,12);
INSERT INTO  JOIN_ORGANISM_ORGANISM_NAME (ORGANISM_ID,ORGANISM_NAME_ID) VALUES  (7,13);
INSERT INTO  JOIN_ORGANISM_ORGANISM_NAME (ORGANISM_ID,ORGANISM_NAME_ID) VALUES  (7,14);
--INSERT INTO  JOIN_ORGANISM_ORGANISM_NAME (ORGANISM_ID,ORGANISM_NAME_ID) VALUES  (8,15);
INSERT INTO  JOIN_ORGANISM_ORGANISM_NAME (ORGANISM_ID,ORGANISM_NAME_ID) VALUES  (8,16);
INSERT INTO  JOIN_ORGANISM_ORGANISM_NAME (ORGANISM_ID,ORGANISM_NAME_ID) VALUES  (9,17);
INSERT INTO  JOIN_ORGANISM_ORGANISM_NAME (ORGANISM_ID,ORGANISM_NAME_ID) VALUES  (9,18);
INSERT INTO  JOIN_ORGANISM_ORGANISM_NAME (ORGANISM_ID,ORGANISM_NAME_ID) VALUES  (10,19);
INSERT INTO  JOIN_ORGANISM_ORGANISM_NAME (ORGANISM_ID,ORGANISM_NAME_ID) VALUES  (10,20);

INSERT INTO  JOIN_PROTEIN_PROTEIN_FEATURE (PROTEIN_ID,PROTEIN_FEATURE_ID) VALUES  ('Q9GKK8',1);
INSERT INTO  JOIN_PROTEIN_PROTEIN_FEATURE (PROTEIN_ID,PROTEIN_FEATURE_ID) VALUES  ('Q9GKK8',2);
INSERT INTO  JOIN_PROTEIN_PROTEIN_FEATURE (PROTEIN_ID,PROTEIN_FEATURE_ID) VALUES  ('Q9GKK8',3);
INSERT INTO  JOIN_PROTEIN_PROTEIN_FEATURE (PROTEIN_ID,PROTEIN_FEATURE_ID) VALUES  ('Q9GKK8',4);
INSERT INTO  JOIN_PROTEIN_PROTEIN_FEATURE (PROTEIN_ID,PROTEIN_FEATURE_ID) VALUES  ('Q9GKK8',5);
INSERT INTO  JOIN_PROTEIN_PROTEIN_FEATURE (PROTEIN_ID,PROTEIN_FEATURE_ID) VALUES  ('Q9GKK8',6);
INSERT INTO  JOIN_PROTEIN_PROTEIN_FEATURE (PROTEIN_ID,PROTEIN_FEATURE_ID) VALUES  ('Q9GKK8',7);
INSERT INTO  JOIN_PROTEIN_PROTEIN_FEATURE (PROTEIN_ID,PROTEIN_FEATURE_ID) VALUES  ('Q9GKK8',8);
INSERT INTO  JOIN_PROTEIN_PROTEIN_FEATURE (PROTEIN_ID,PROTEIN_FEATURE_ID) VALUES  ('Q9GKK8',9);
INSERT INTO  JOIN_PROTEIN_PROTEIN_FEATURE (PROTEIN_ID,PROTEIN_FEATURE_ID) VALUES  ('Q9GKK8',10);
INSERT INTO  JOIN_PROTEIN_PROTEIN_FEATURE (PROTEIN_ID,PROTEIN_FEATURE_ID) VALUES  ('Q9GKK8',11);
INSERT INTO  JOIN_PROTEIN_PROTEIN_FEATURE (PROTEIN_ID,PROTEIN_FEATURE_ID) VALUES  ('Q9GKK8',12);
INSERT INTO  JOIN_PROTEIN_PROTEIN_FEATURE (PROTEIN_ID,PROTEIN_FEATURE_ID) VALUES  ('Q9GKK8',13);
INSERT INTO  JOIN_PROTEIN_PROTEIN_FEATURE (PROTEIN_ID,PROTEIN_FEATURE_ID) VALUES  ('Q9GKK8',14);
INSERT INTO  JOIN_PROTEIN_PROTEIN_FEATURE (PROTEIN_ID,PROTEIN_FEATURE_ID) VALUES  ('Q9GKK8',15);
INSERT INTO  JOIN_PROTEIN_PROTEIN_FEATURE (PROTEIN_ID,PROTEIN_FEATURE_ID) VALUES  ('Q9GKK8',16);
INSERT INTO  JOIN_PROTEIN_PROTEIN_FEATURE (PROTEIN_ID,PROTEIN_FEATURE_ID) VALUES  ('Q9GKK8',17);
INSERT INTO  JOIN_PROTEIN_PROTEIN_FEATURE (PROTEIN_ID,PROTEIN_FEATURE_ID) VALUES  ('Q9GKK8',18);
INSERT INTO  JOIN_PROTEIN_PROTEIN_FEATURE (PROTEIN_ID,PROTEIN_FEATURE_ID) VALUES  ('Q9GKK8',19);
INSERT INTO  JOIN_PROTEIN_PROTEIN_FEATURE (PROTEIN_ID,PROTEIN_FEATURE_ID) VALUES  ('Q9GKK8',20);
INSERT INTO  JOIN_PROTEIN_PROTEIN_FEATURE (PROTEIN_ID,PROTEIN_FEATURE_ID) VALUES  ('Q9GKK8',21);
INSERT INTO  JOIN_PROTEIN_PROTEIN_FEATURE (PROTEIN_ID,PROTEIN_FEATURE_ID) VALUES  ('Q9GKK8',22);
INSERT INTO  JOIN_PROTEIN_PROTEIN_FEATURE (PROTEIN_ID,PROTEIN_FEATURE_ID) VALUES  ('Q9GKK8',23);
INSERT INTO  JOIN_PROTEIN_PROTEIN_FEATURE (PROTEIN_ID,PROTEIN_FEATURE_ID) VALUES  ('Q9GKK8',24);
INSERT INTO  JOIN_PROTEIN_PROTEIN_FEATURE (PROTEIN_ID,PROTEIN_FEATURE_ID) VALUES  ('Q9GKK8',25);
INSERT INTO  JOIN_PROTEIN_PROTEIN_FEATURE (PROTEIN_ID,PROTEIN_FEATURE_ID) VALUES  ('Q9GKK8',26);
INSERT INTO  JOIN_PROTEIN_PROTEIN_FEATURE (PROTEIN_ID,PROTEIN_FEATURE_ID) VALUES  ('Q9GKK8',27);
INSERT INTO  JOIN_PROTEIN_PROTEIN_FEATURE (PROTEIN_ID,PROTEIN_FEATURE_ID) VALUES  ('Q9GKK8',28);
INSERT INTO  JOIN_PROTEIN_PROTEIN_FEATURE (PROTEIN_ID,PROTEIN_FEATURE_ID) VALUES  ('Q6J6J0',1);
INSERT INTO  JOIN_PROTEIN_PROTEIN_FEATURE (PROTEIN_ID,PROTEIN_FEATURE_ID) VALUES  ('Q6J6J0',2);
INSERT INTO  JOIN_PROTEIN_PROTEIN_FEATURE (PROTEIN_ID,PROTEIN_FEATURE_ID) VALUES  ('Q6J6J0',3);
INSERT INTO  JOIN_PROTEIN_PROTEIN_FEATURE (PROTEIN_ID,PROTEIN_FEATURE_ID) VALUES  ('Q6J6J0',4);
INSERT INTO  JOIN_PROTEIN_PROTEIN_FEATURE (PROTEIN_ID,PROTEIN_FEATURE_ID) VALUES  ('Q6J6J0',6);
INSERT INTO  JOIN_PROTEIN_PROTEIN_FEATURE (PROTEIN_ID,PROTEIN_FEATURE_ID) VALUES  ('Q6J6J0',29);
INSERT INTO  JOIN_PROTEIN_PROTEIN_FEATURE (PROTEIN_ID,PROTEIN_FEATURE_ID) VALUES  ('Q6J6J0',7);
INSERT INTO  JOIN_PROTEIN_PROTEIN_FEATURE (PROTEIN_ID,PROTEIN_FEATURE_ID) VALUES  ('Q6J6J0',8);
INSERT INTO  JOIN_PROTEIN_PROTEIN_FEATURE (PROTEIN_ID,PROTEIN_FEATURE_ID) VALUES  ('Q6J6J0',9);
INSERT INTO  JOIN_PROTEIN_PROTEIN_FEATURE (PROTEIN_ID,PROTEIN_FEATURE_ID) VALUES  ('Q6J6J0',10);
INSERT INTO  JOIN_PROTEIN_PROTEIN_FEATURE (PROTEIN_ID,PROTEIN_FEATURE_ID) VALUES  ('Q6J6J0',11);
INSERT INTO  JOIN_PROTEIN_PROTEIN_FEATURE (PROTEIN_ID,PROTEIN_FEATURE_ID) VALUES  ('Q6J6J0',12);
INSERT INTO  JOIN_PROTEIN_PROTEIN_FEATURE (PROTEIN_ID,PROTEIN_FEATURE_ID) VALUES  ('Q6J6J0',13);
INSERT INTO  JOIN_PROTEIN_PROTEIN_FEATURE (PROTEIN_ID,PROTEIN_FEATURE_ID) VALUES  ('Q6J6J0',14);
INSERT INTO  JOIN_PROTEIN_PROTEIN_FEATURE (PROTEIN_ID,PROTEIN_FEATURE_ID) VALUES  ('Q6J6J0',15);
INSERT INTO  JOIN_PROTEIN_PROTEIN_FEATURE (PROTEIN_ID,PROTEIN_FEATURE_ID) VALUES  ('Q6J6J0',16);
INSERT INTO  JOIN_PROTEIN_PROTEIN_FEATURE (PROTEIN_ID,PROTEIN_FEATURE_ID) VALUES  ('Q6J6J0',17);
INSERT INTO  JOIN_PROTEIN_PROTEIN_FEATURE (PROTEIN_ID,PROTEIN_FEATURE_ID) VALUES  ('Q6J6J0',18);
INSERT INTO  JOIN_PROTEIN_PROTEIN_FEATURE (PROTEIN_ID,PROTEIN_FEATURE_ID) VALUES  ('Q6J6J0',19);
INSERT INTO  JOIN_PROTEIN_PROTEIN_FEATURE (PROTEIN_ID,PROTEIN_FEATURE_ID) VALUES  ('Q6J6J0',20);
INSERT INTO  JOIN_PROTEIN_PROTEIN_FEATURE (PROTEIN_ID,PROTEIN_FEATURE_ID) VALUES  ('Q6J6J0',21);
INSERT INTO  JOIN_PROTEIN_PROTEIN_FEATURE (PROTEIN_ID,PROTEIN_FEATURE_ID) VALUES  ('Q6J6J0',30);
INSERT INTO  JOIN_PROTEIN_PROTEIN_FEATURE (PROTEIN_ID,PROTEIN_FEATURE_ID) VALUES  ('Q6J6I9',1);
INSERT INTO  JOIN_PROTEIN_PROTEIN_FEATURE (PROTEIN_ID,PROTEIN_FEATURE_ID) VALUES  ('Q6J6I9',2);
INSERT INTO  JOIN_PROTEIN_PROTEIN_FEATURE (PROTEIN_ID,PROTEIN_FEATURE_ID) VALUES  ('Q6J6I9',3);
INSERT INTO  JOIN_PROTEIN_PROTEIN_FEATURE (PROTEIN_ID,PROTEIN_FEATURE_ID) VALUES  ('Q6J6I9',4);
INSERT INTO  JOIN_PROTEIN_PROTEIN_FEATURE (PROTEIN_ID,PROTEIN_FEATURE_ID) VALUES  ('Q6J6I9',31);
INSERT INTO  JOIN_PROTEIN_PROTEIN_FEATURE (PROTEIN_ID,PROTEIN_FEATURE_ID) VALUES  ('Q6J6I9',7);
INSERT INTO  JOIN_PROTEIN_PROTEIN_FEATURE (PROTEIN_ID,PROTEIN_FEATURE_ID) VALUES  ('Q6J6I9',8);
INSERT INTO  JOIN_PROTEIN_PROTEIN_FEATURE (PROTEIN_ID,PROTEIN_FEATURE_ID) VALUES  ('Q6J6I9',9);
INSERT INTO  JOIN_PROTEIN_PROTEIN_FEATURE (PROTEIN_ID,PROTEIN_FEATURE_ID) VALUES  ('Q6J6I9',10);
INSERT INTO  JOIN_PROTEIN_PROTEIN_FEATURE (PROTEIN_ID,PROTEIN_FEATURE_ID) VALUES  ('Q6J6I9',11);
INSERT INTO  JOIN_PROTEIN_PROTEIN_FEATURE (PROTEIN_ID,PROTEIN_FEATURE_ID) VALUES  ('Q6J6I9',12);
INSERT INTO  JOIN_PROTEIN_PROTEIN_FEATURE (PROTEIN_ID,PROTEIN_FEATURE_ID) VALUES  ('Q6J6I9',13);
INSERT INTO  JOIN_PROTEIN_PROTEIN_FEATURE (PROTEIN_ID,PROTEIN_FEATURE_ID) VALUES  ('Q6J6I9',14);
INSERT INTO  JOIN_PROTEIN_PROTEIN_FEATURE (PROTEIN_ID,PROTEIN_FEATURE_ID) VALUES  ('Q6J6I9',15);
INSERT INTO  JOIN_PROTEIN_PROTEIN_FEATURE (PROTEIN_ID,PROTEIN_FEATURE_ID) VALUES  ('Q6J6I9',16);
INSERT INTO  JOIN_PROTEIN_PROTEIN_FEATURE (PROTEIN_ID,PROTEIN_FEATURE_ID) VALUES  ('Q6J6I9',17);
INSERT INTO  JOIN_PROTEIN_PROTEIN_FEATURE (PROTEIN_ID,PROTEIN_FEATURE_ID) VALUES  ('Q6J6I9',19);
INSERT INTO  JOIN_PROTEIN_PROTEIN_FEATURE (PROTEIN_ID,PROTEIN_FEATURE_ID) VALUES  ('Q6J6I9',20);
INSERT INTO  JOIN_PROTEIN_PROTEIN_FEATURE (PROTEIN_ID,PROTEIN_FEATURE_ID) VALUES  ('Q6J6I9',21);
INSERT INTO  JOIN_PROTEIN_PROTEIN_FEATURE (PROTEIN_ID,PROTEIN_FEATURE_ID) VALUES  ('Q6J6I9',32);
INSERT INTO  JOIN_PROTEIN_PROTEIN_FEATURE (PROTEIN_ID,PROTEIN_FEATURE_ID) VALUES  ('Q6J6I9',33);
INSERT INTO  JOIN_PROTEIN_PROTEIN_FEATURE (PROTEIN_ID,PROTEIN_FEATURE_ID) VALUES  ('Q6J6I9',34);
INSERT INTO  JOIN_PROTEIN_PROTEIN_FEATURE (PROTEIN_ID,PROTEIN_FEATURE_ID) VALUES  ('Q6J6I9',35);
INSERT INTO  JOIN_PROTEIN_PROTEIN_FEATURE (PROTEIN_ID,PROTEIN_FEATURE_ID) VALUES  ('Q6J6I9',36);
INSERT INTO  JOIN_PROTEIN_PROTEIN_FEATURE (PROTEIN_ID,PROTEIN_FEATURE_ID) VALUES  ('Q6J6I9',37);
INSERT INTO  JOIN_PROTEIN_PROTEIN_FEATURE (PROTEIN_ID,PROTEIN_FEATURE_ID) VALUES  ('Q6J6I9',38);
INSERT INTO  JOIN_PROTEIN_PROTEIN_FEATURE (PROTEIN_ID,PROTEIN_FEATURE_ID) VALUES  ('Q6J6I9',39);
INSERT INTO  JOIN_PROTEIN_PROTEIN_FEATURE (PROTEIN_ID,PROTEIN_FEATURE_ID) VALUES  ('Q6J6I9',40);
INSERT INTO  JOIN_PROTEIN_PROTEIN_FEATURE (PROTEIN_ID,PROTEIN_FEATURE_ID) VALUES  ('Q6J6I9',41);
INSERT INTO  JOIN_PROTEIN_PROTEIN_FEATURE (PROTEIN_ID,PROTEIN_FEATURE_ID) VALUES  ('P48754',42);
INSERT INTO  JOIN_PROTEIN_PROTEIN_FEATURE (PROTEIN_ID,PROTEIN_FEATURE_ID) VALUES  ('P48754',43);
INSERT INTO  JOIN_PROTEIN_PROTEIN_FEATURE (PROTEIN_ID,PROTEIN_FEATURE_ID) VALUES  ('P48754',44);
INSERT INTO  JOIN_PROTEIN_PROTEIN_FEATURE (PROTEIN_ID,PROTEIN_FEATURE_ID) VALUES  ('P48754',45);
INSERT INTO  JOIN_PROTEIN_PROTEIN_FEATURE (PROTEIN_ID,PROTEIN_FEATURE_ID) VALUES  ('P48754',46);
INSERT INTO  JOIN_PROTEIN_PROTEIN_FEATURE (PROTEIN_ID,PROTEIN_FEATURE_ID) VALUES  ('P48754',47);
INSERT INTO  JOIN_PROTEIN_PROTEIN_FEATURE (PROTEIN_ID,PROTEIN_FEATURE_ID) VALUES  ('P48754',48);
INSERT INTO  JOIN_PROTEIN_PROTEIN_FEATURE (PROTEIN_ID,PROTEIN_FEATURE_ID) VALUES  ('P48754',49);
INSERT INTO  JOIN_PROTEIN_PROTEIN_FEATURE (PROTEIN_ID,PROTEIN_FEATURE_ID) VALUES  ('P48754',50);
INSERT INTO  JOIN_PROTEIN_PROTEIN_FEATURE (PROTEIN_ID,PROTEIN_FEATURE_ID) VALUES  ('P48754',51);
INSERT INTO  JOIN_PROTEIN_PROTEIN_FEATURE (PROTEIN_ID,PROTEIN_FEATURE_ID) VALUES  ('P48754',52);
INSERT INTO  JOIN_PROTEIN_PROTEIN_FEATURE (PROTEIN_ID,PROTEIN_FEATURE_ID) VALUES  ('P48754',53);
INSERT INTO  JOIN_PROTEIN_PROTEIN_FEATURE (PROTEIN_ID,PROTEIN_FEATURE_ID) VALUES  ('P48754',54);
INSERT INTO  JOIN_PROTEIN_PROTEIN_FEATURE (PROTEIN_ID,PROTEIN_FEATURE_ID) VALUES  ('P48754',55);
INSERT INTO  JOIN_PROTEIN_PROTEIN_FEATURE (PROTEIN_ID,PROTEIN_FEATURE_ID) VALUES  ('P48754',56);
INSERT INTO  JOIN_PROTEIN_PROTEIN_FEATURE (PROTEIN_ID,PROTEIN_FEATURE_ID) VALUES  ('P48754',57);
INSERT INTO  JOIN_PROTEIN_PROTEIN_FEATURE (PROTEIN_ID,PROTEIN_FEATURE_ID) VALUES  ('P48754',58);
INSERT INTO  JOIN_PROTEIN_PROTEIN_FEATURE (PROTEIN_ID,PROTEIN_FEATURE_ID) VALUES  ('P48754',59);
INSERT INTO  JOIN_PROTEIN_PROTEIN_FEATURE (PROTEIN_ID,PROTEIN_FEATURE_ID) VALUES  ('P48754',60);
INSERT INTO  JOIN_PROTEIN_PROTEIN_FEATURE (PROTEIN_ID,PROTEIN_FEATURE_ID) VALUES  ('P48754',61);
INSERT INTO  JOIN_PROTEIN_PROTEIN_FEATURE (PROTEIN_ID,PROTEIN_FEATURE_ID) VALUES  ('P48754',62);
INSERT INTO  JOIN_PROTEIN_PROTEIN_FEATURE (PROTEIN_ID,PROTEIN_FEATURE_ID) VALUES  ('P48754',63);
INSERT INTO  JOIN_PROTEIN_PROTEIN_FEATURE (PROTEIN_ID,PROTEIN_FEATURE_ID) VALUES  ('P48754',64);
INSERT INTO  JOIN_PROTEIN_PROTEIN_FEATURE (PROTEIN_ID,PROTEIN_FEATURE_ID) VALUES  ('P48754',65);
INSERT INTO  JOIN_PROTEIN_PROTEIN_FEATURE (PROTEIN_ID,PROTEIN_FEATURE_ID) VALUES  ('P48754',66);
INSERT INTO  JOIN_PROTEIN_PROTEIN_FEATURE (PROTEIN_ID,PROTEIN_FEATURE_ID) VALUES  ('P48754',67);
INSERT INTO  JOIN_PROTEIN_PROTEIN_FEATURE (PROTEIN_ID,PROTEIN_FEATURE_ID) VALUES  ('P48754',68);
INSERT INTO  JOIN_PROTEIN_PROTEIN_FEATURE (PROTEIN_ID,PROTEIN_FEATURE_ID) VALUES  ('P48754',69);
INSERT INTO  JOIN_PROTEIN_PROTEIN_FEATURE (PROTEIN_ID,PROTEIN_FEATURE_ID) VALUES  ('P48754',70);
INSERT INTO  JOIN_PROTEIN_PROTEIN_FEATURE (PROTEIN_ID,PROTEIN_FEATURE_ID) VALUES  ('P48754',71);
INSERT INTO  JOIN_PROTEIN_PROTEIN_FEATURE (PROTEIN_ID,PROTEIN_FEATURE_ID) VALUES  ('P48754',72);
INSERT INTO  JOIN_PROTEIN_PROTEIN_FEATURE (PROTEIN_ID,PROTEIN_FEATURE_ID) VALUES  ('P48754',73);
INSERT INTO  JOIN_PROTEIN_PROTEIN_FEATURE (PROTEIN_ID,PROTEIN_FEATURE_ID) VALUES  ('P48754',74);
INSERT INTO  JOIN_PROTEIN_PROTEIN_FEATURE (PROTEIN_ID,PROTEIN_FEATURE_ID) VALUES  ('P48754',75);
INSERT INTO  JOIN_PROTEIN_PROTEIN_FEATURE (PROTEIN_ID,PROTEIN_FEATURE_ID) VALUES  ('P48754',76);
INSERT INTO  JOIN_PROTEIN_PROTEIN_FEATURE (PROTEIN_ID,PROTEIN_FEATURE_ID) VALUES  ('P48754',77);
INSERT INTO  JOIN_PROTEIN_PROTEIN_FEATURE (PROTEIN_ID,PROTEIN_FEATURE_ID) VALUES  ('P48754',78);
INSERT INTO  JOIN_PROTEIN_PROTEIN_FEATURE (PROTEIN_ID,PROTEIN_FEATURE_ID) VALUES  ('P48754',79);
INSERT INTO  JOIN_PROTEIN_PROTEIN_FEATURE (PROTEIN_ID,PROTEIN_FEATURE_ID) VALUES  ('P48754',80);
/*
INSERT INTO  JOIN_PROTEIN_PROTEIN_FEATURE (PROTEIN_ID,PROTEIN_FEATURE_ID) VALUES  ('P48754',81);
INSERT INTO  JOIN_PROTEIN_PROTEIN_FEATURE (PROTEIN_ID,PROTEIN_FEATURE_ID) VALUES  ('P48754',82);
INSERT INTO  JOIN_PROTEIN_PROTEIN_FEATURE (PROTEIN_ID,PROTEIN_FEATURE_ID) VALUES  ('P48754',83);
INSERT INTO  JOIN_PROTEIN_PROTEIN_FEATURE (PROTEIN_ID,PROTEIN_FEATURE_ID) VALUES  ('P48754',84);
INSERT INTO  JOIN_PROTEIN_PROTEIN_FEATURE (PROTEIN_ID,PROTEIN_FEATURE_ID) VALUES  ('P48754',85);
INSERT INTO  JOIN_PROTEIN_PROTEIN_FEATURE (PROTEIN_ID,PROTEIN_FEATURE_ID) VALUES  ('O54952',86);
INSERT INTO  JOIN_PROTEIN_PROTEIN_FEATURE (PROTEIN_ID,PROTEIN_FEATURE_ID) VALUES  ('O54952',87);
INSERT INTO  JOIN_PROTEIN_PROTEIN_FEATURE (PROTEIN_ID,PROTEIN_FEATURE_ID) VALUES  ('O54952',88);
*/
INSERT INTO  JOIN_PROTEIN_PROTEIN_FEATURE (PROTEIN_ID,PROTEIN_FEATURE_ID) VALUES  ('O54952',4);
/*
INSERT INTO  JOIN_PROTEIN_PROTEIN_FEATURE (PROTEIN_ID,PROTEIN_FEATURE_ID) VALUES  ('O54952',89);
INSERT INTO  JOIN_PROTEIN_PROTEIN_FEATURE (PROTEIN_ID,PROTEIN_FEATURE_ID) VALUES  ('O54952',90);
INSERT INTO  JOIN_PROTEIN_PROTEIN_FEATURE (PROTEIN_ID,PROTEIN_FEATURE_ID) VALUES  ('O54952',91);
INSERT INTO  JOIN_PROTEIN_PROTEIN_FEATURE (PROTEIN_ID,PROTEIN_FEATURE_ID) VALUES  ('O54952',92);
INSERT INTO  JOIN_PROTEIN_PROTEIN_FEATURE (PROTEIN_ID,PROTEIN_FEATURE_ID) VALUES  ('O54952',93);
INSERT INTO  JOIN_PROTEIN_PROTEIN_FEATURE (PROTEIN_ID,PROTEIN_FEATURE_ID) VALUES  ('O54952',94);
INSERT INTO  JOIN_PROTEIN_PROTEIN_FEATURE (PROTEIN_ID,PROTEIN_FEATURE_ID) VALUES  ('O54952',95);
INSERT INTO  JOIN_PROTEIN_PROTEIN_FEATURE (PROTEIN_ID,PROTEIN_FEATURE_ID) VALUES  ('O54952',96);
INSERT INTO  JOIN_PROTEIN_PROTEIN_FEATURE (PROTEIN_ID,PROTEIN_FEATURE_ID) VALUES  ('O54952',97);
*/
INSERT INTO  JOIN_PROTEIN_PROTEIN_FEATURE (PROTEIN_ID,PROTEIN_FEATURE_ID) VALUES  ('O54952',17);
/*
INSERT INTO  JOIN_PROTEIN_PROTEIN_FEATURE (PROTEIN_ID,PROTEIN_FEATURE_ID) VALUES  ('O54952',98);
INSERT INTO  JOIN_PROTEIN_PROTEIN_FEATURE (PROTEIN_ID,PROTEIN_FEATURE_ID) VALUES  ('O54952',99);
INSERT INTO  JOIN_PROTEIN_PROTEIN_FEATURE (PROTEIN_ID,PROTEIN_FEATURE_ID) VALUES  ('O54952',100);
INSERT INTO  JOIN_PROTEIN_PROTEIN_FEATURE (PROTEIN_ID,PROTEIN_FEATURE_ID) VALUES  ('O54952',101);
INSERT INTO  JOIN_PROTEIN_PROTEIN_FEATURE (PROTEIN_ID,PROTEIN_FEATURE_ID) VALUES  ('O54952',102);
INSERT INTO  JOIN_PROTEIN_PROTEIN_FEATURE (PROTEIN_ID,PROTEIN_FEATURE_ID) VALUES  ('O54952',103);
INSERT INTO  JOIN_PROTEIN_PROTEIN_FEATURE (PROTEIN_ID,PROTEIN_FEATURE_ID) VALUES  ('O54952',104);
INSERT INTO  JOIN_PROTEIN_PROTEIN_FEATURE (PROTEIN_ID,PROTEIN_FEATURE_ID) VALUES  ('O54952',105);
INSERT INTO  JOIN_PROTEIN_PROTEIN_FEATURE (PROTEIN_ID,PROTEIN_FEATURE_ID) VALUES  ('O54952',106);
INSERT INTO  JOIN_PROTEIN_PROTEIN_FEATURE (PROTEIN_ID,PROTEIN_FEATURE_ID) VALUES  ('O54952',107);
INSERT INTO  JOIN_PROTEIN_PROTEIN_FEATURE (PROTEIN_ID,PROTEIN_FEATURE_ID) VALUES  ('O54952',108);
INSERT INTO  JOIN_PROTEIN_PROTEIN_FEATURE (PROTEIN_ID,PROTEIN_FEATURE_ID) VALUES  ('O54952',109);
INSERT INTO  JOIN_PROTEIN_PROTEIN_FEATURE (PROTEIN_ID,PROTEIN_FEATURE_ID) VALUES  ('O54952',110);
INSERT INTO  JOIN_PROTEIN_PROTEIN_FEATURE (PROTEIN_ID,PROTEIN_FEATURE_ID) VALUES  ('O54952',111);
INSERT INTO  JOIN_PROTEIN_PROTEIN_FEATURE (PROTEIN_ID,PROTEIN_FEATURE_ID) VALUES  ('O54952',112);
INSERT INTO  JOIN_PROTEIN_PROTEIN_FEATURE (PROTEIN_ID,PROTEIN_FEATURE_ID) VALUES  ('O54952',113);
INSERT INTO  JOIN_PROTEIN_PROTEIN_FEATURE (PROTEIN_ID,PROTEIN_FEATURE_ID) VALUES  ('O54952',114);
INSERT INTO  JOIN_PROTEIN_PROTEIN_FEATURE (PROTEIN_ID,PROTEIN_FEATURE_ID) VALUES  ('O54952',115);
INSERT INTO  JOIN_PROTEIN_PROTEIN_FEATURE (PROTEIN_ID,PROTEIN_FEATURE_ID) VALUES  ('O54952',116);
INSERT INTO  JOIN_PROTEIN_PROTEIN_FEATURE (PROTEIN_ID,PROTEIN_FEATURE_ID) VALUES  ('O54952',117);
INSERT INTO  JOIN_PROTEIN_PROTEIN_FEATURE (PROTEIN_ID,PROTEIN_FEATURE_ID) VALUES  ('O54952',118);
INSERT INTO  JOIN_PROTEIN_PROTEIN_FEATURE (PROTEIN_ID,PROTEIN_FEATURE_ID) VALUES  ('O54952',119);
INSERT INTO  JOIN_PROTEIN_PROTEIN_FEATURE (PROTEIN_ID,PROTEIN_FEATURE_ID) VALUES  ('O54952',120);
INSERT INTO  JOIN_PROTEIN_PROTEIN_FEATURE (PROTEIN_ID,PROTEIN_FEATURE_ID) VALUES  ('O54952',121);
INSERT INTO  JOIN_PROTEIN_PROTEIN_FEATURE (PROTEIN_ID,PROTEIN_FEATURE_ID) VALUES  ('O54952',122);
INSERT INTO  JOIN_PROTEIN_PROTEIN_FEATURE (PROTEIN_ID,PROTEIN_FEATURE_ID) VALUES  ('O35923',123);
INSERT INTO  JOIN_PROTEIN_PROTEIN_FEATURE (PROTEIN_ID,PROTEIN_FEATURE_ID) VALUES  ('O35923',124);
INSERT INTO  JOIN_PROTEIN_PROTEIN_FEATURE (PROTEIN_ID,PROTEIN_FEATURE_ID) VALUES  ('O35923',125);
INSERT INTO  JOIN_PROTEIN_PROTEIN_FEATURE (PROTEIN_ID,PROTEIN_FEATURE_ID) VALUES  ('O35923',126);
INSERT INTO  JOIN_PROTEIN_PROTEIN_FEATURE (PROTEIN_ID,PROTEIN_FEATURE_ID) VALUES  ('O35923',127);
INSERT INTO  JOIN_PROTEIN_PROTEIN_FEATURE (PROTEIN_ID,PROTEIN_FEATURE_ID) VALUES  ('O35923',128);
INSERT INTO  JOIN_PROTEIN_PROTEIN_FEATURE (PROTEIN_ID,PROTEIN_FEATURE_ID) VALUES  ('O35923',129);
INSERT INTO  JOIN_PROTEIN_PROTEIN_FEATURE (PROTEIN_ID,PROTEIN_FEATURE_ID) VALUES  ('O35923',130);
INSERT INTO  JOIN_PROTEIN_PROTEIN_FEATURE (PROTEIN_ID,PROTEIN_FEATURE_ID) VALUES  ('O35923',131);
INSERT INTO  JOIN_PROTEIN_PROTEIN_FEATURE (PROTEIN_ID,PROTEIN_FEATURE_ID) VALUES  ('O35923',132);
INSERT INTO  JOIN_PROTEIN_PROTEIN_FEATURE (PROTEIN_ID,PROTEIN_FEATURE_ID) VALUES  ('O35923',133);
INSERT INTO  JOIN_PROTEIN_PROTEIN_FEATURE (PROTEIN_ID,PROTEIN_FEATURE_ID) VALUES  ('O35923',134);
INSERT INTO  JOIN_PROTEIN_PROTEIN_FEATURE (PROTEIN_ID,PROTEIN_FEATURE_ID) VALUES  ('O35923',135);
INSERT INTO  JOIN_PROTEIN_PROTEIN_FEATURE (PROTEIN_ID,PROTEIN_FEATURE_ID) VALUES  ('O35923',136);
INSERT INTO  JOIN_PROTEIN_PROTEIN_FEATURE (PROTEIN_ID,PROTEIN_FEATURE_ID) VALUES  ('O35923',137);
INSERT INTO  JOIN_PROTEIN_PROTEIN_FEATURE (PROTEIN_ID,PROTEIN_FEATURE_ID) VALUES  ('O35923',138);
INSERT INTO  JOIN_PROTEIN_PROTEIN_FEATURE (PROTEIN_ID,PROTEIN_FEATURE_ID) VALUES  ('O35923',139);
INSERT INTO  JOIN_PROTEIN_PROTEIN_FEATURE (PROTEIN_ID,PROTEIN_FEATURE_ID) VALUES  ('O35923',140);
INSERT INTO  JOIN_PROTEIN_PROTEIN_FEATURE (PROTEIN_ID,PROTEIN_FEATURE_ID) VALUES  ('O35923',141);
INSERT INTO  JOIN_PROTEIN_PROTEIN_FEATURE (PROTEIN_ID,PROTEIN_FEATURE_ID) VALUES  ('O35923',142);
INSERT INTO  JOIN_PROTEIN_PROTEIN_FEATURE (PROTEIN_ID,PROTEIN_FEATURE_ID) VALUES  ('O35923',143);
INSERT INTO  JOIN_PROTEIN_PROTEIN_FEATURE (PROTEIN_ID,PROTEIN_FEATURE_ID) VALUES  ('O35923',144);
INSERT INTO  JOIN_PROTEIN_PROTEIN_FEATURE (PROTEIN_ID,PROTEIN_FEATURE_ID) VALUES  ('O35923',145);
INSERT INTO  JOIN_PROTEIN_PROTEIN_FEATURE (PROTEIN_ID,PROTEIN_FEATURE_ID) VALUES  ('O35923',146);
INSERT INTO  JOIN_PROTEIN_PROTEIN_FEATURE (PROTEIN_ID,PROTEIN_FEATURE_ID) VALUES  ('O35923',147);
INSERT INTO  JOIN_PROTEIN_PROTEIN_FEATURE (PROTEIN_ID,PROTEIN_FEATURE_ID) VALUES  ('O35923',148);
INSERT INTO  JOIN_PROTEIN_PROTEIN_FEATURE (PROTEIN_ID,PROTEIN_FEATURE_ID) VALUES  ('O35923',149);
INSERT INTO  JOIN_PROTEIN_PROTEIN_FEATURE (PROTEIN_ID,PROTEIN_FEATURE_ID) VALUES  ('O35923',150);
INSERT INTO  JOIN_PROTEIN_PROTEIN_FEATURE (PROTEIN_ID,PROTEIN_FEATURE_ID) VALUES  ('O35923',151);
INSERT INTO  JOIN_PROTEIN_PROTEIN_FEATURE (PROTEIN_ID,PROTEIN_FEATURE_ID) VALUES  ('O35923',152);
INSERT INTO  JOIN_PROTEIN_PROTEIN_FEATURE (PROTEIN_ID,PROTEIN_FEATURE_ID) VALUES  ('O35923',153);
INSERT INTO  JOIN_PROTEIN_PROTEIN_FEATURE (PROTEIN_ID,PROTEIN_FEATURE_ID) VALUES  ('O35923',154);
INSERT INTO  JOIN_PROTEIN_PROTEIN_FEATURE (PROTEIN_ID,PROTEIN_FEATURE_ID) VALUES  ('O35923',155);
INSERT INTO  JOIN_PROTEIN_PROTEIN_FEATURE (PROTEIN_ID,PROTEIN_FEATURE_ID) VALUES  ('O35923',156);
INSERT INTO  JOIN_PROTEIN_PROTEIN_FEATURE (PROTEIN_ID,PROTEIN_FEATURE_ID) VALUES  ('O35923',157);
INSERT INTO  JOIN_PROTEIN_PROTEIN_FEATURE (PROTEIN_ID,PROTEIN_FEATURE_ID) VALUES  ('O35923',158);
INSERT INTO  JOIN_PROTEIN_PROTEIN_FEATURE (PROTEIN_ID,PROTEIN_FEATURE_ID) VALUES  ('O35923',159);
INSERT INTO  JOIN_PROTEIN_PROTEIN_FEATURE (PROTEIN_ID,PROTEIN_FEATURE_ID) VALUES  ('O35923',160);
INSERT INTO  JOIN_PROTEIN_PROTEIN_FEATURE (PROTEIN_ID,PROTEIN_FEATURE_ID) VALUES  ('O35923',161);
INSERT INTO  JOIN_PROTEIN_PROTEIN_FEATURE (PROTEIN_ID,PROTEIN_FEATURE_ID) VALUES  ('O35923',162);
INSERT INTO  JOIN_PROTEIN_PROTEIN_FEATURE (PROTEIN_ID,PROTEIN_FEATURE_ID) VALUES  ('O35923',163);
INSERT INTO  JOIN_PROTEIN_PROTEIN_FEATURE (PROTEIN_ID,PROTEIN_FEATURE_ID) VALUES  ('O35923',164);
INSERT INTO  JOIN_PROTEIN_PROTEIN_FEATURE (PROTEIN_ID,PROTEIN_FEATURE_ID) VALUES  ('O35923',165);
INSERT INTO  JOIN_PROTEIN_PROTEIN_FEATURE (PROTEIN_ID,PROTEIN_FEATURE_ID) VALUES  ('O35923',166);
INSERT INTO  JOIN_PROTEIN_PROTEIN_FEATURE (PROTEIN_ID,PROTEIN_FEATURE_ID) VALUES  ('O35923',167);
INSERT INTO  JOIN_PROTEIN_PROTEIN_FEATURE (PROTEIN_ID,PROTEIN_FEATURE_ID) VALUES  ('O35923',168);
INSERT INTO  JOIN_PROTEIN_PROTEIN_FEATURE (PROTEIN_ID,PROTEIN_FEATURE_ID) VALUES  ('O35923',169);
INSERT INTO  JOIN_PROTEIN_PROTEIN_FEATURE (PROTEIN_ID,PROTEIN_FEATURE_ID) VALUES  ('O35923',170);
INSERT INTO  JOIN_PROTEIN_PROTEIN_FEATURE (PROTEIN_ID,PROTEIN_FEATURE_ID) VALUES  ('O35923',171);
INSERT INTO  JOIN_PROTEIN_PROTEIN_FEATURE (PROTEIN_ID,PROTEIN_FEATURE_ID) VALUES  ('O35923',172);
INSERT INTO  JOIN_PROTEIN_PROTEIN_FEATURE (PROTEIN_ID,PROTEIN_FEATURE_ID) VALUES  ('O35923',173);
INSERT INTO  JOIN_PROTEIN_PROTEIN_FEATURE (PROTEIN_ID,PROTEIN_FEATURE_ID) VALUES  ('O35923',174);
INSERT INTO  JOIN_PROTEIN_PROTEIN_FEATURE (PROTEIN_ID,PROTEIN_FEATURE_ID) VALUES  ('O35923',175);
INSERT INTO  JOIN_PROTEIN_PROTEIN_FEATURE (PROTEIN_ID,PROTEIN_FEATURE_ID) VALUES  ('O35923',176);
INSERT INTO  JOIN_PROTEIN_PROTEIN_FEATURE (PROTEIN_ID,PROTEIN_FEATURE_ID) VALUES  ('O35923',177);
INSERT INTO  JOIN_PROTEIN_PROTEIN_FEATURE (PROTEIN_ID,PROTEIN_FEATURE_ID) VALUES  ('O35923',178);
INSERT INTO  JOIN_PROTEIN_PROTEIN_FEATURE (PROTEIN_ID,PROTEIN_FEATURE_ID) VALUES  ('O35923',179);
INSERT INTO  JOIN_PROTEIN_PROTEIN_FEATURE (PROTEIN_ID,PROTEIN_FEATURE_ID) VALUES  ('O35923',180);
INSERT INTO  JOIN_PROTEIN_PROTEIN_FEATURE (PROTEIN_ID,PROTEIN_FEATURE_ID) VALUES  ('O35923',181);
INSERT INTO  JOIN_PROTEIN_PROTEIN_FEATURE (PROTEIN_ID,PROTEIN_FEATURE_ID) VALUES  ('O35923',182);
INSERT INTO  JOIN_PROTEIN_PROTEIN_FEATURE (PROTEIN_ID,PROTEIN_FEATURE_ID) VALUES  ('O35923',183);
INSERT INTO  JOIN_PROTEIN_PROTEIN_FEATURE (PROTEIN_ID,PROTEIN_FEATURE_ID) VALUES  ('O35923',184);
INSERT INTO  JOIN_PROTEIN_PROTEIN_FEATURE (PROTEIN_ID,PROTEIN_FEATURE_ID) VALUES  ('O35923',185);
INSERT INTO  JOIN_PROTEIN_PROTEIN_FEATURE (PROTEIN_ID,PROTEIN_FEATURE_ID) VALUES  ('O35923',186);
INSERT INTO  JOIN_PROTEIN_PROTEIN_FEATURE (PROTEIN_ID,PROTEIN_FEATURE_ID) VALUES  ('O35923',187);
INSERT INTO  JOIN_PROTEIN_PROTEIN_FEATURE (PROTEIN_ID,PROTEIN_FEATURE_ID) VALUES  ('O35923',188);
INSERT INTO  JOIN_PROTEIN_PROTEIN_FEATURE (PROTEIN_ID,PROTEIN_FEATURE_ID) VALUES  ('O35923',189);
INSERT INTO  JOIN_PROTEIN_PROTEIN_FEATURE (PROTEIN_ID,PROTEIN_FEATURE_ID) VALUES  ('O35923',190);
INSERT INTO  JOIN_PROTEIN_PROTEIN_FEATURE (PROTEIN_ID,PROTEIN_FEATURE_ID) VALUES  ('O35923',191);
INSERT INTO  JOIN_PROTEIN_PROTEIN_FEATURE (PROTEIN_ID,PROTEIN_FEATURE_ID) VALUES  ('O35923',192);
INSERT INTO  JOIN_PROTEIN_PROTEIN_FEATURE (PROTEIN_ID,PROTEIN_FEATURE_ID) VALUES  ('O35923',193);
INSERT INTO  JOIN_PROTEIN_PROTEIN_FEATURE (PROTEIN_ID,PROTEIN_FEATURE_ID) VALUES  ('Q95153',194);
INSERT INTO  JOIN_PROTEIN_PROTEIN_FEATURE (PROTEIN_ID,PROTEIN_FEATURE_ID) VALUES  ('Q95153',195);
INSERT INTO  JOIN_PROTEIN_PROTEIN_FEATURE (PROTEIN_ID,PROTEIN_FEATURE_ID) VALUES  ('Q95153',196);
*/
INSERT INTO  JOIN_PROTEIN_PROTEIN_FEATURE (PROTEIN_ID,PROTEIN_FEATURE_ID) VALUES  ('Q95153',4);
/*
INSERT INTO  JOIN_PROTEIN_PROTEIN_FEATURE (PROTEIN_ID,PROTEIN_FEATURE_ID) VALUES  ('Q95153',197);
*/
INSERT INTO  JOIN_PROTEIN_PROTEIN_FEATURE (PROTEIN_ID,PROTEIN_FEATURE_ID) VALUES  ('Q95153',8);
/*
INSERT INTO  JOIN_PROTEIN_PROTEIN_FEATURE (PROTEIN_ID,PROTEIN_FEATURE_ID) VALUES  ('Q95153',198);
*/
INSERT INTO  JOIN_PROTEIN_PROTEIN_FEATURE (PROTEIN_ID,PROTEIN_FEATURE_ID) VALUES  ('Q95153',10);
/*
INSERT INTO  JOIN_PROTEIN_PROTEIN_FEATURE (PROTEIN_ID,PROTEIN_FEATURE_ID) VALUES  ('Q95153',199);
INSERT INTO  JOIN_PROTEIN_PROTEIN_FEATURE (PROTEIN_ID,PROTEIN_FEATURE_ID) VALUES  ('Q95153',200);
INSERT INTO  JOIN_PROTEIN_PROTEIN_FEATURE (PROTEIN_ID,PROTEIN_FEATURE_ID) VALUES  ('Q95153',96);
INSERT INTO  JOIN_PROTEIN_PROTEIN_FEATURE (PROTEIN_ID,PROTEIN_FEATURE_ID) VALUES  ('Q95153',201);
INSERT INTO  JOIN_PROTEIN_PROTEIN_FEATURE (PROTEIN_ID,PROTEIN_FEATURE_ID) VALUES  ('Q95153',202);
INSERT INTO  JOIN_PROTEIN_PROTEIN_FEATURE (PROTEIN_ID,PROTEIN_FEATURE_ID) VALUES  ('Q95153',203);
INSERT INTO  JOIN_PROTEIN_PROTEIN_FEATURE (PROTEIN_ID,PROTEIN_FEATURE_ID) VALUES  ('Q95153',204);
INSERT INTO  JOIN_PROTEIN_PROTEIN_FEATURE (PROTEIN_ID,PROTEIN_FEATURE_ID) VALUES  ('Q95153',205);
INSERT INTO  JOIN_PROTEIN_PROTEIN_FEATURE (PROTEIN_ID,PROTEIN_FEATURE_ID) VALUES  ('Q95153',206);
INSERT INTO  JOIN_PROTEIN_PROTEIN_FEATURE (PROTEIN_ID,PROTEIN_FEATURE_ID) VALUES  ('Q864U1',207);
INSERT INTO  JOIN_PROTEIN_PROTEIN_FEATURE (PROTEIN_ID,PROTEIN_FEATURE_ID) VALUES  ('Q864U1',208);
INSERT INTO  JOIN_PROTEIN_PROTEIN_FEATURE (PROTEIN_ID,PROTEIN_FEATURE_ID) VALUES  ('Q864U1',209);
*/
INSERT INTO  JOIN_PROTEIN_PROTEIN_FEATURE (PROTEIN_ID,PROTEIN_FEATURE_ID) VALUES  ('Q864U1',4);
/*
INSERT INTO  JOIN_PROTEIN_PROTEIN_FEATURE (PROTEIN_ID,PROTEIN_FEATURE_ID) VALUES  ('Q864U1',210);
*/
INSERT INTO  JOIN_PROTEIN_PROTEIN_FEATURE (PROTEIN_ID,PROTEIN_FEATURE_ID) VALUES  ('Q864U1',51);
INSERT INTO  JOIN_PROTEIN_PROTEIN_FEATURE (PROTEIN_ID,PROTEIN_FEATURE_ID) VALUES  ('Q864U1',7);
INSERT INTO  JOIN_PROTEIN_PROTEIN_FEATURE (PROTEIN_ID,PROTEIN_FEATURE_ID) VALUES  ('Q864U1',8);
/*
INSERT INTO  JOIN_PROTEIN_PROTEIN_FEATURE (PROTEIN_ID,PROTEIN_FEATURE_ID) VALUES  ('Q864U1',211);
INSERT INTO  JOIN_PROTEIN_PROTEIN_FEATURE (PROTEIN_ID,PROTEIN_FEATURE_ID) VALUES  ('Q864U1',212);
*/
INSERT INTO  JOIN_PROTEIN_PROTEIN_FEATURE (PROTEIN_ID,PROTEIN_FEATURE_ID) VALUES  ('Q864U1',13);
INSERT INTO  JOIN_PROTEIN_PROTEIN_FEATURE (PROTEIN_ID,PROTEIN_FEATURE_ID) VALUES  ('Q864U1',14);
/*
INSERT INTO  JOIN_PROTEIN_PROTEIN_FEATURE (PROTEIN_ID,PROTEIN_FEATURE_ID) VALUES  ('Q864U1',213);
INSERT INTO  JOIN_PROTEIN_PROTEIN_FEATURE (PROTEIN_ID,PROTEIN_FEATURE_ID) VALUES  ('Q864U1',214);
INSERT INTO  JOIN_PROTEIN_PROTEIN_FEATURE (PROTEIN_ID,PROTEIN_FEATURE_ID) VALUES  ('Q864U1',215);
INSERT INTO  JOIN_PROTEIN_PROTEIN_FEATURE (PROTEIN_ID,PROTEIN_FEATURE_ID) VALUES  ('Q864U1',216);
INSERT INTO  JOIN_PROTEIN_PROTEIN_FEATURE (PROTEIN_ID,PROTEIN_FEATURE_ID) VALUES  ('Q864U1',217);
INSERT INTO  JOIN_PROTEIN_PROTEIN_FEATURE (PROTEIN_ID,PROTEIN_FEATURE_ID) VALUES  ('Q864U1',218);
INSERT INTO  JOIN_PROTEIN_PROTEIN_FEATURE (PROTEIN_ID,PROTEIN_FEATURE_ID) VALUES  ('P38398',219);
*/
INSERT INTO  JOIN_PROTEIN_PROTEIN_FEATURE (PROTEIN_ID,PROTEIN_FEATURE_ID) VALUES  ('P38398',2);
INSERT INTO  JOIN_PROTEIN_PROTEIN_FEATURE (PROTEIN_ID,PROTEIN_FEATURE_ID) VALUES  ('P38398',3);
INSERT INTO  JOIN_PROTEIN_PROTEIN_FEATURE (PROTEIN_ID,PROTEIN_FEATURE_ID) VALUES  ('P38398',4);
INSERT INTO  JOIN_PROTEIN_PROTEIN_FEATURE (PROTEIN_ID,PROTEIN_FEATURE_ID) VALUES  ('P38398',5);
INSERT INTO  JOIN_PROTEIN_PROTEIN_FEATURE (PROTEIN_ID,PROTEIN_FEATURE_ID) VALUES  ('P38398',6);
--INSERT INTO  JOIN_PROTEIN_PROTEIN_FEATURE (PROTEIN_ID,PROTEIN_FEATURE_ID) VALUES  ('P38398',220);
INSERT INTO  JOIN_PROTEIN_PROTEIN_FEATURE (PROTEIN_ID,PROTEIN_FEATURE_ID) VALUES  ('P38398',7);
INSERT INTO  JOIN_PROTEIN_PROTEIN_FEATURE (PROTEIN_ID,PROTEIN_FEATURE_ID) VALUES  ('P38398',8);
INSERT INTO  JOIN_PROTEIN_PROTEIN_FEATURE (PROTEIN_ID,PROTEIN_FEATURE_ID) VALUES  ('P38398',9);
INSERT INTO  JOIN_PROTEIN_PROTEIN_FEATURE (PROTEIN_ID,PROTEIN_FEATURE_ID) VALUES  ('P38398',10);
INSERT INTO  JOIN_PROTEIN_PROTEIN_FEATURE (PROTEIN_ID,PROTEIN_FEATURE_ID) VALUES  ('P38398',11);
INSERT INTO  JOIN_PROTEIN_PROTEIN_FEATURE (PROTEIN_ID,PROTEIN_FEATURE_ID) VALUES  ('P38398',12);
--INSERT INTO  JOIN_PROTEIN_PROTEIN_FEATURE (PROTEIN_ID,PROTEIN_FEATURE_ID) VALUES  ('P38398',221);
INSERT INTO  JOIN_PROTEIN_PROTEIN_FEATURE (PROTEIN_ID,PROTEIN_FEATURE_ID) VALUES  ('P38398',13);
INSERT INTO  JOIN_PROTEIN_PROTEIN_FEATURE (PROTEIN_ID,PROTEIN_FEATURE_ID) VALUES  ('P38398',14);
INSERT INTO  JOIN_PROTEIN_PROTEIN_FEATURE (PROTEIN_ID,PROTEIN_FEATURE_ID) VALUES  ('P38398',15);
/*
INSERT INTO  JOIN_PROTEIN_PROTEIN_FEATURE (PROTEIN_ID,PROTEIN_FEATURE_ID) VALUES  ('P38398',222);
INSERT INTO  JOIN_PROTEIN_PROTEIN_FEATURE (PROTEIN_ID,PROTEIN_FEATURE_ID) VALUES  ('P38398',223);
INSERT INTO  JOIN_PROTEIN_PROTEIN_FEATURE (PROTEIN_ID,PROTEIN_FEATURE_ID) VALUES  ('P38398',224);
INSERT INTO  JOIN_PROTEIN_PROTEIN_FEATURE (PROTEIN_ID,PROTEIN_FEATURE_ID) VALUES  ('P38398',225);
*/
INSERT INTO  JOIN_PROTEIN_PROTEIN_FEATURE (PROTEIN_ID,PROTEIN_FEATURE_ID) VALUES  ('P38398',18);
--INSERT INTO  JOIN_PROTEIN_PROTEIN_FEATURE (PROTEIN_ID,PROTEIN_FEATURE_ID) VALUES  ('P38398',226);
INSERT INTO  JOIN_PROTEIN_PROTEIN_FEATURE (PROTEIN_ID,PROTEIN_FEATURE_ID) VALUES  ('P38398',20);
INSERT INTO  JOIN_PROTEIN_PROTEIN_FEATURE (PROTEIN_ID,PROTEIN_FEATURE_ID) VALUES  ('P38398',21);
/*
INSERT INTO  JOIN_PROTEIN_PROTEIN_FEATURE (PROTEIN_ID,PROTEIN_FEATURE_ID) VALUES  ('P38398',227);
INSERT INTO  JOIN_PROTEIN_PROTEIN_FEATURE (PROTEIN_ID,PROTEIN_FEATURE_ID) VALUES  ('P38398',228);
INSERT INTO  JOIN_PROTEIN_PROTEIN_FEATURE (PROTEIN_ID,PROTEIN_FEATURE_ID) VALUES  ('P38398',229);
INSERT INTO  JOIN_PROTEIN_PROTEIN_FEATURE (PROTEIN_ID,PROTEIN_FEATURE_ID) VALUES  ('P38398',230);
INSERT INTO  JOIN_PROTEIN_PROTEIN_FEATURE (PROTEIN_ID,PROTEIN_FEATURE_ID) VALUES  ('P38398',231);
INSERT INTO  JOIN_PROTEIN_PROTEIN_FEATURE (PROTEIN_ID,PROTEIN_FEATURE_ID) VALUES  ('P38398',232);
INSERT INTO  JOIN_PROTEIN_PROTEIN_FEATURE (PROTEIN_ID,PROTEIN_FEATURE_ID) VALUES  ('P38398',233);
INSERT INTO  JOIN_PROTEIN_PROTEIN_FEATURE (PROTEIN_ID,PROTEIN_FEATURE_ID) VALUES  ('P38398',234);
INSERT INTO  JOIN_PROTEIN_PROTEIN_FEATURE (PROTEIN_ID,PROTEIN_FEATURE_ID) VALUES  ('P38398',235);
INSERT INTO  JOIN_PROTEIN_PROTEIN_FEATURE (PROTEIN_ID,PROTEIN_FEATURE_ID) VALUES  ('P38398',236);
INSERT INTO  JOIN_PROTEIN_PROTEIN_FEATURE (PROTEIN_ID,PROTEIN_FEATURE_ID) VALUES  ('P38398',237);
INSERT INTO  JOIN_PROTEIN_PROTEIN_FEATURE (PROTEIN_ID,PROTEIN_FEATURE_ID) VALUES  ('P38398',238);
INSERT INTO  JOIN_PROTEIN_PROTEIN_FEATURE (PROTEIN_ID,PROTEIN_FEATURE_ID) VALUES  ('P38398',239);
INSERT INTO  JOIN_PROTEIN_PROTEIN_FEATURE (PROTEIN_ID,PROTEIN_FEATURE_ID) VALUES  ('P38398',240);
INSERT INTO  JOIN_PROTEIN_PROTEIN_FEATURE (PROTEIN_ID,PROTEIN_FEATURE_ID) VALUES  ('P38398',241);
INSERT INTO  JOIN_PROTEIN_PROTEIN_FEATURE (PROTEIN_ID,PROTEIN_FEATURE_ID) VALUES  ('P38398',242);
INSERT INTO  JOIN_PROTEIN_PROTEIN_FEATURE (PROTEIN_ID,PROTEIN_FEATURE_ID) VALUES  ('P38398',243);
INSERT INTO  JOIN_PROTEIN_PROTEIN_FEATURE (PROTEIN_ID,PROTEIN_FEATURE_ID) VALUES  ('P38398',244);
INSERT INTO  JOIN_PROTEIN_PROTEIN_FEATURE (PROTEIN_ID,PROTEIN_FEATURE_ID) VALUES  ('P38398',245);
INSERT INTO  JOIN_PROTEIN_PROTEIN_FEATURE (PROTEIN_ID,PROTEIN_FEATURE_ID) VALUES  ('P38398',246);
INSERT INTO  JOIN_PROTEIN_PROTEIN_FEATURE (PROTEIN_ID,PROTEIN_FEATURE_ID) VALUES  ('P38398',247);
INSERT INTO  JOIN_PROTEIN_PROTEIN_FEATURE (PROTEIN_ID,PROTEIN_FEATURE_ID) VALUES  ('P38398',248);
INSERT INTO  JOIN_PROTEIN_PROTEIN_FEATURE (PROTEIN_ID,PROTEIN_FEATURE_ID) VALUES  ('P38398',249);
INSERT INTO  JOIN_PROTEIN_PROTEIN_FEATURE (PROTEIN_ID,PROTEIN_FEATURE_ID) VALUES  ('P38398',250);
INSERT INTO  JOIN_PROTEIN_PROTEIN_FEATURE (PROTEIN_ID,PROTEIN_FEATURE_ID) VALUES  ('P38398',251);
INSERT INTO  JOIN_PROTEIN_PROTEIN_FEATURE (PROTEIN_ID,PROTEIN_FEATURE_ID) VALUES  ('P38398',252);
INSERT INTO  JOIN_PROTEIN_PROTEIN_FEATURE (PROTEIN_ID,PROTEIN_FEATURE_ID) VALUES  ('P38398',253);
INSERT INTO  JOIN_PROTEIN_PROTEIN_FEATURE (PROTEIN_ID,PROTEIN_FEATURE_ID) VALUES  ('P38398',254);
INSERT INTO  JOIN_PROTEIN_PROTEIN_FEATURE (PROTEIN_ID,PROTEIN_FEATURE_ID) VALUES  ('P38398',255);
INSERT INTO  JOIN_PROTEIN_PROTEIN_FEATURE (PROTEIN_ID,PROTEIN_FEATURE_ID) VALUES  ('P38398',256);
INSERT INTO  JOIN_PROTEIN_PROTEIN_FEATURE (PROTEIN_ID,PROTEIN_FEATURE_ID) VALUES  ('P38398',257);
INSERT INTO  JOIN_PROTEIN_PROTEIN_FEATURE (PROTEIN_ID,PROTEIN_FEATURE_ID) VALUES  ('P38398',258);
INSERT INTO  JOIN_PROTEIN_PROTEIN_FEATURE (PROTEIN_ID,PROTEIN_FEATURE_ID) VALUES  ('P38398',259);
INSERT INTO  JOIN_PROTEIN_PROTEIN_FEATURE (PROTEIN_ID,PROTEIN_FEATURE_ID) VALUES  ('P38398',260);
INSERT INTO  JOIN_PROTEIN_PROTEIN_FEATURE (PROTEIN_ID,PROTEIN_FEATURE_ID) VALUES  ('P38398',261);
INSERT INTO  JOIN_PROTEIN_PROTEIN_FEATURE (PROTEIN_ID,PROTEIN_FEATURE_ID) VALUES  ('P38398',262);
INSERT INTO  JOIN_PROTEIN_PROTEIN_FEATURE (PROTEIN_ID,PROTEIN_FEATURE_ID) VALUES  ('P38398',263);
INSERT INTO  JOIN_PROTEIN_PROTEIN_FEATURE (PROTEIN_ID,PROTEIN_FEATURE_ID) VALUES  ('P38398',264);
INSERT INTO  JOIN_PROTEIN_PROTEIN_FEATURE (PROTEIN_ID,PROTEIN_FEATURE_ID) VALUES  ('P38398',265);
INSERT INTO  JOIN_PROTEIN_PROTEIN_FEATURE (PROTEIN_ID,PROTEIN_FEATURE_ID) VALUES  ('P38398',266);
INSERT INTO  JOIN_PROTEIN_PROTEIN_FEATURE (PROTEIN_ID,PROTEIN_FEATURE_ID) VALUES  ('P38398',267);
INSERT INTO  JOIN_PROTEIN_PROTEIN_FEATURE (PROTEIN_ID,PROTEIN_FEATURE_ID) VALUES  ('P38398',268);
INSERT INTO  JOIN_PROTEIN_PROTEIN_FEATURE (PROTEIN_ID,PROTEIN_FEATURE_ID) VALUES  ('P38398',269);
INSERT INTO  JOIN_PROTEIN_PROTEIN_FEATURE (PROTEIN_ID,PROTEIN_FEATURE_ID) VALUES  ('P38398',270);
INSERT INTO  JOIN_PROTEIN_PROTEIN_FEATURE (PROTEIN_ID,PROTEIN_FEATURE_ID) VALUES  ('P38398',271);
INSERT INTO  JOIN_PROTEIN_PROTEIN_FEATURE (PROTEIN_ID,PROTEIN_FEATURE_ID) VALUES  ('P38398',272);
INSERT INTO  JOIN_PROTEIN_PROTEIN_FEATURE (PROTEIN_ID,PROTEIN_FEATURE_ID) VALUES  ('P38398',273);
INSERT INTO  JOIN_PROTEIN_PROTEIN_FEATURE (PROTEIN_ID,PROTEIN_FEATURE_ID) VALUES  ('P38398',274);
INSERT INTO  JOIN_PROTEIN_PROTEIN_FEATURE (PROTEIN_ID,PROTEIN_FEATURE_ID) VALUES  ('P38398',275);
INSERT INTO  JOIN_PROTEIN_PROTEIN_FEATURE (PROTEIN_ID,PROTEIN_FEATURE_ID) VALUES  ('P38398',276);
INSERT INTO  JOIN_PROTEIN_PROTEIN_FEATURE (PROTEIN_ID,PROTEIN_FEATURE_ID) VALUES  ('P38398',277);
INSERT INTO  JOIN_PROTEIN_PROTEIN_FEATURE (PROTEIN_ID,PROTEIN_FEATURE_ID) VALUES  ('P38398',278);
INSERT INTO  JOIN_PROTEIN_PROTEIN_FEATURE (PROTEIN_ID,PROTEIN_FEATURE_ID) VALUES  ('P38398',279);
INSERT INTO  JOIN_PROTEIN_PROTEIN_FEATURE (PROTEIN_ID,PROTEIN_FEATURE_ID) VALUES  ('P38398',280);
INSERT INTO  JOIN_PROTEIN_PROTEIN_FEATURE (PROTEIN_ID,PROTEIN_FEATURE_ID) VALUES  ('P38398',281);
INSERT INTO  JOIN_PROTEIN_PROTEIN_FEATURE (PROTEIN_ID,PROTEIN_FEATURE_ID) VALUES  ('P38398',282);
INSERT INTO  JOIN_PROTEIN_PROTEIN_FEATURE (PROTEIN_ID,PROTEIN_FEATURE_ID) VALUES  ('P38398',283);
INSERT INTO  JOIN_PROTEIN_PROTEIN_FEATURE (PROTEIN_ID,PROTEIN_FEATURE_ID) VALUES  ('P38398',284);
INSERT INTO  JOIN_PROTEIN_PROTEIN_FEATURE (PROTEIN_ID,PROTEIN_FEATURE_ID) VALUES  ('P38398',285);
INSERT INTO  JOIN_PROTEIN_PROTEIN_FEATURE (PROTEIN_ID,PROTEIN_FEATURE_ID) VALUES  ('P38398',286);
INSERT INTO  JOIN_PROTEIN_PROTEIN_FEATURE (PROTEIN_ID,PROTEIN_FEATURE_ID) VALUES  ('P38398',287);
INSERT INTO  JOIN_PROTEIN_PROTEIN_FEATURE (PROTEIN_ID,PROTEIN_FEATURE_ID) VALUES  ('P38398',288);
INSERT INTO  JOIN_PROTEIN_PROTEIN_FEATURE (PROTEIN_ID,PROTEIN_FEATURE_ID) VALUES  ('P38398',289);
INSERT INTO  JOIN_PROTEIN_PROTEIN_FEATURE (PROTEIN_ID,PROTEIN_FEATURE_ID) VALUES  ('P38398',290);
INSERT INTO  JOIN_PROTEIN_PROTEIN_FEATURE (PROTEIN_ID,PROTEIN_FEATURE_ID) VALUES  ('P38398',291);
INSERT INTO  JOIN_PROTEIN_PROTEIN_FEATURE (PROTEIN_ID,PROTEIN_FEATURE_ID) VALUES  ('P38398',292);
INSERT INTO  JOIN_PROTEIN_PROTEIN_FEATURE (PROTEIN_ID,PROTEIN_FEATURE_ID) VALUES  ('P38398',293);
INSERT INTO  JOIN_PROTEIN_PROTEIN_FEATURE (PROTEIN_ID,PROTEIN_FEATURE_ID) VALUES  ('P38398',294);
INSERT INTO  JOIN_PROTEIN_PROTEIN_FEATURE (PROTEIN_ID,PROTEIN_FEATURE_ID) VALUES  ('P38398',295);
INSERT INTO  JOIN_PROTEIN_PROTEIN_FEATURE (PROTEIN_ID,PROTEIN_FEATURE_ID) VALUES  ('P38398',296);
INSERT INTO  JOIN_PROTEIN_PROTEIN_FEATURE (PROTEIN_ID,PROTEIN_FEATURE_ID) VALUES  ('P38398',297);
INSERT INTO  JOIN_PROTEIN_PROTEIN_FEATURE (PROTEIN_ID,PROTEIN_FEATURE_ID) VALUES  ('P38398',298);
INSERT INTO  JOIN_PROTEIN_PROTEIN_FEATURE (PROTEIN_ID,PROTEIN_FEATURE_ID) VALUES  ('P38398',299);
INSERT INTO  JOIN_PROTEIN_PROTEIN_FEATURE (PROTEIN_ID,PROTEIN_FEATURE_ID) VALUES  ('P38398',300);
INSERT INTO  JOIN_PROTEIN_PROTEIN_FEATURE (PROTEIN_ID,PROTEIN_FEATURE_ID) VALUES  ('P38398',301);
INSERT INTO  JOIN_PROTEIN_PROTEIN_FEATURE (PROTEIN_ID,PROTEIN_FEATURE_ID) VALUES  ('P38398',302);
INSERT INTO  JOIN_PROTEIN_PROTEIN_FEATURE (PROTEIN_ID,PROTEIN_FEATURE_ID) VALUES  ('P38398',303);
INSERT INTO  JOIN_PROTEIN_PROTEIN_FEATURE (PROTEIN_ID,PROTEIN_FEATURE_ID) VALUES  ('P38398',304);
INSERT INTO  JOIN_PROTEIN_PROTEIN_FEATURE (PROTEIN_ID,PROTEIN_FEATURE_ID) VALUES  ('P38398',305);
INSERT INTO  JOIN_PROTEIN_PROTEIN_FEATURE (PROTEIN_ID,PROTEIN_FEATURE_ID) VALUES  ('P38398',306);
INSERT INTO  JOIN_PROTEIN_PROTEIN_FEATURE (PROTEIN_ID,PROTEIN_FEATURE_ID) VALUES  ('P38398',307);
INSERT INTO  JOIN_PROTEIN_PROTEIN_FEATURE (PROTEIN_ID,PROTEIN_FEATURE_ID) VALUES  ('P38398',308);
INSERT INTO  JOIN_PROTEIN_PROTEIN_FEATURE (PROTEIN_ID,PROTEIN_FEATURE_ID) VALUES  ('P38398',309);
INSERT INTO  JOIN_PROTEIN_PROTEIN_FEATURE (PROTEIN_ID,PROTEIN_FEATURE_ID) VALUES  ('P38398',310);
INSERT INTO  JOIN_PROTEIN_PROTEIN_FEATURE (PROTEIN_ID,PROTEIN_FEATURE_ID) VALUES  ('P38398',311);
INSERT INTO  JOIN_PROTEIN_PROTEIN_FEATURE (PROTEIN_ID,PROTEIN_FEATURE_ID) VALUES  ('P38398',312);
INSERT INTO  JOIN_PROTEIN_PROTEIN_FEATURE (PROTEIN_ID,PROTEIN_FEATURE_ID) VALUES  ('P38398',313);
INSERT INTO  JOIN_PROTEIN_PROTEIN_FEATURE (PROTEIN_ID,PROTEIN_FEATURE_ID) VALUES  ('P38398',314);
INSERT INTO  JOIN_PROTEIN_PROTEIN_FEATURE (PROTEIN_ID,PROTEIN_FEATURE_ID) VALUES  ('P38398',315);
INSERT INTO  JOIN_PROTEIN_PROTEIN_FEATURE (PROTEIN_ID,PROTEIN_FEATURE_ID) VALUES  ('P38398',316);
INSERT INTO  JOIN_PROTEIN_PROTEIN_FEATURE (PROTEIN_ID,PROTEIN_FEATURE_ID) VALUES  ('P38398',317);
INSERT INTO  JOIN_PROTEIN_PROTEIN_FEATURE (PROTEIN_ID,PROTEIN_FEATURE_ID) VALUES  ('P38398',318);
INSERT INTO  JOIN_PROTEIN_PROTEIN_FEATURE (PROTEIN_ID,PROTEIN_FEATURE_ID) VALUES  ('P38398',319);
INSERT INTO  JOIN_PROTEIN_PROTEIN_FEATURE (PROTEIN_ID,PROTEIN_FEATURE_ID) VALUES  ('P38398',320);
INSERT INTO  JOIN_PROTEIN_PROTEIN_FEATURE (PROTEIN_ID,PROTEIN_FEATURE_ID) VALUES  ('P38398',321);
INSERT INTO  JOIN_PROTEIN_PROTEIN_FEATURE (PROTEIN_ID,PROTEIN_FEATURE_ID) VALUES  ('P38398',322);
INSERT INTO  JOIN_PROTEIN_PROTEIN_FEATURE (PROTEIN_ID,PROTEIN_FEATURE_ID) VALUES  ('P38398',323);
INSERT INTO  JOIN_PROTEIN_PROTEIN_FEATURE (PROTEIN_ID,PROTEIN_FEATURE_ID) VALUES  ('P38398',324);
INSERT INTO  JOIN_PROTEIN_PROTEIN_FEATURE (PROTEIN_ID,PROTEIN_FEATURE_ID) VALUES  ('P38398',325);
INSERT INTO  JOIN_PROTEIN_PROTEIN_FEATURE (PROTEIN_ID,PROTEIN_FEATURE_ID) VALUES  ('P38398',326);
INSERT INTO  JOIN_PROTEIN_PROTEIN_FEATURE (PROTEIN_ID,PROTEIN_FEATURE_ID) VALUES  ('P38398',327);
INSERT INTO  JOIN_PROTEIN_PROTEIN_FEATURE (PROTEIN_ID,PROTEIN_FEATURE_ID) VALUES  ('P38398',328);
INSERT INTO  JOIN_PROTEIN_PROTEIN_FEATURE (PROTEIN_ID,PROTEIN_FEATURE_ID) VALUES  ('P38398',329);
INSERT INTO  JOIN_PROTEIN_PROTEIN_FEATURE (PROTEIN_ID,PROTEIN_FEATURE_ID) VALUES  ('P38398',330);
INSERT INTO  JOIN_PROTEIN_PROTEIN_FEATURE (PROTEIN_ID,PROTEIN_FEATURE_ID) VALUES  ('P38398',331);
INSERT INTO  JOIN_PROTEIN_PROTEIN_FEATURE (PROTEIN_ID,PROTEIN_FEATURE_ID) VALUES  ('P38398',332);
INSERT INTO  JOIN_PROTEIN_PROTEIN_FEATURE (PROTEIN_ID,PROTEIN_FEATURE_ID) VALUES  ('P38398',333);
INSERT INTO  JOIN_PROTEIN_PROTEIN_FEATURE (PROTEIN_ID,PROTEIN_FEATURE_ID) VALUES  ('P38398',334);
INSERT INTO  JOIN_PROTEIN_PROTEIN_FEATURE (PROTEIN_ID,PROTEIN_FEATURE_ID) VALUES  ('P38398',335);
INSERT INTO  JOIN_PROTEIN_PROTEIN_FEATURE (PROTEIN_ID,PROTEIN_FEATURE_ID) VALUES  ('P38398',336);
INSERT INTO  JOIN_PROTEIN_PROTEIN_FEATURE (PROTEIN_ID,PROTEIN_FEATURE_ID) VALUES  ('P38398',337);
INSERT INTO  JOIN_PROTEIN_PROTEIN_FEATURE (PROTEIN_ID,PROTEIN_FEATURE_ID) VALUES  ('P38398',338);
INSERT INTO  JOIN_PROTEIN_PROTEIN_FEATURE (PROTEIN_ID,PROTEIN_FEATURE_ID) VALUES  ('P38398',339);
INSERT INTO  JOIN_PROTEIN_PROTEIN_FEATURE (PROTEIN_ID,PROTEIN_FEATURE_ID) VALUES  ('P38398',340);
INSERT INTO  JOIN_PROTEIN_PROTEIN_FEATURE (PROTEIN_ID,PROTEIN_FEATURE_ID) VALUES  ('P38398',341);
INSERT INTO  JOIN_PROTEIN_PROTEIN_FEATURE (PROTEIN_ID,PROTEIN_FEATURE_ID) VALUES  ('P38398',342);
INSERT INTO  JOIN_PROTEIN_PROTEIN_FEATURE (PROTEIN_ID,PROTEIN_FEATURE_ID) VALUES  ('P38398',343);
INSERT INTO  JOIN_PROTEIN_PROTEIN_FEATURE (PROTEIN_ID,PROTEIN_FEATURE_ID) VALUES  ('P38398',344);
INSERT INTO  JOIN_PROTEIN_PROTEIN_FEATURE (PROTEIN_ID,PROTEIN_FEATURE_ID) VALUES  ('P38398',345);
INSERT INTO  JOIN_PROTEIN_PROTEIN_FEATURE (PROTEIN_ID,PROTEIN_FEATURE_ID) VALUES  ('P38398',346);
INSERT INTO  JOIN_PROTEIN_PROTEIN_FEATURE (PROTEIN_ID,PROTEIN_FEATURE_ID) VALUES  ('P38398',347);
INSERT INTO  JOIN_PROTEIN_PROTEIN_FEATURE (PROTEIN_ID,PROTEIN_FEATURE_ID) VALUES  ('P38398',348);
INSERT INTO  JOIN_PROTEIN_PROTEIN_FEATURE (PROTEIN_ID,PROTEIN_FEATURE_ID) VALUES  ('P38398',349);
INSERT INTO  JOIN_PROTEIN_PROTEIN_FEATURE (PROTEIN_ID,PROTEIN_FEATURE_ID) VALUES  ('P38398',350);
INSERT INTO  JOIN_PROTEIN_PROTEIN_FEATURE (PROTEIN_ID,PROTEIN_FEATURE_ID) VALUES  ('P38398',351);
INSERT INTO  JOIN_PROTEIN_PROTEIN_FEATURE (PROTEIN_ID,PROTEIN_FEATURE_ID) VALUES  ('P38398',352);
INSERT INTO  JOIN_PROTEIN_PROTEIN_FEATURE (PROTEIN_ID,PROTEIN_FEATURE_ID) VALUES  ('P38398',353);
INSERT INTO  JOIN_PROTEIN_PROTEIN_FEATURE (PROTEIN_ID,PROTEIN_FEATURE_ID) VALUES  ('P38398',354);
INSERT INTO  JOIN_PROTEIN_PROTEIN_FEATURE (PROTEIN_ID,PROTEIN_FEATURE_ID) VALUES  ('P38398',355);
INSERT INTO  JOIN_PROTEIN_PROTEIN_FEATURE (PROTEIN_ID,PROTEIN_FEATURE_ID) VALUES  ('P38398',356);
INSERT INTO  JOIN_PROTEIN_PROTEIN_FEATURE (PROTEIN_ID,PROTEIN_FEATURE_ID) VALUES  ('P38398',357);
INSERT INTO  JOIN_PROTEIN_PROTEIN_FEATURE (PROTEIN_ID,PROTEIN_FEATURE_ID) VALUES  ('P38398',358);
INSERT INTO  JOIN_PROTEIN_PROTEIN_FEATURE (PROTEIN_ID,PROTEIN_FEATURE_ID) VALUES  ('P38398',359);
INSERT INTO  JOIN_PROTEIN_PROTEIN_FEATURE (PROTEIN_ID,PROTEIN_FEATURE_ID) VALUES  ('P38398',360);
INSERT INTO  JOIN_PROTEIN_PROTEIN_FEATURE (PROTEIN_ID,PROTEIN_FEATURE_ID) VALUES  ('Q864S8',361);
INSERT INTO  JOIN_PROTEIN_PROTEIN_FEATURE (PROTEIN_ID,PROTEIN_FEATURE_ID) VALUES  ('Q864S8',362);
INSERT INTO  JOIN_PROTEIN_PROTEIN_FEATURE (PROTEIN_ID,PROTEIN_FEATURE_ID) VALUES  ('Q864S8',363);
INSERT INTO  JOIN_PROTEIN_PROTEIN_FEATURE (PROTEIN_ID,PROTEIN_FEATURE_ID) VALUES  ('Q864S8',364);
INSERT INTO  JOIN_PROTEIN_PROTEIN_FEATURE (PROTEIN_ID,PROTEIN_FEATURE_ID) VALUES  ('Q864S8',365);
INSERT INTO  JOIN_PROTEIN_PROTEIN_FEATURE (PROTEIN_ID,PROTEIN_FEATURE_ID) VALUES  ('Q864S8',366);
INSERT INTO  JOIN_PROTEIN_PROTEIN_FEATURE (PROTEIN_ID,PROTEIN_FEATURE_ID) VALUES  ('Q864S8',367);
INSERT INTO  JOIN_PROTEIN_PROTEIN_FEATURE (PROTEIN_ID,PROTEIN_FEATURE_ID) VALUES  ('Q864S8',368);
INSERT INTO  JOIN_PROTEIN_PROTEIN_FEATURE (PROTEIN_ID,PROTEIN_FEATURE_ID) VALUES  ('Q864S8',132);
INSERT INTO  JOIN_PROTEIN_PROTEIN_FEATURE (PROTEIN_ID,PROTEIN_FEATURE_ID) VALUES  ('Q864S8',369);
INSERT INTO  JOIN_PROTEIN_PROTEIN_FEATURE (PROTEIN_ID,PROTEIN_FEATURE_ID) VALUES  ('P51587',370);
INSERT INTO  JOIN_PROTEIN_PROTEIN_FEATURE (PROTEIN_ID,PROTEIN_FEATURE_ID) VALUES  ('P51587',371);
INSERT INTO  JOIN_PROTEIN_PROTEIN_FEATURE (PROTEIN_ID,PROTEIN_FEATURE_ID) VALUES  ('P51587',372);
INSERT INTO  JOIN_PROTEIN_PROTEIN_FEATURE (PROTEIN_ID,PROTEIN_FEATURE_ID) VALUES  ('P51587',373);
INSERT INTO  JOIN_PROTEIN_PROTEIN_FEATURE (PROTEIN_ID,PROTEIN_FEATURE_ID) VALUES  ('P51587',374);
INSERT INTO  JOIN_PROTEIN_PROTEIN_FEATURE (PROTEIN_ID,PROTEIN_FEATURE_ID) VALUES  ('P51587',375);
INSERT INTO  JOIN_PROTEIN_PROTEIN_FEATURE (PROTEIN_ID,PROTEIN_FEATURE_ID) VALUES  ('P51587',376);
INSERT INTO  JOIN_PROTEIN_PROTEIN_FEATURE (PROTEIN_ID,PROTEIN_FEATURE_ID) VALUES  ('P51587',377);
INSERT INTO  JOIN_PROTEIN_PROTEIN_FEATURE (PROTEIN_ID,PROTEIN_FEATURE_ID) VALUES  ('P51587',378);
INSERT INTO  JOIN_PROTEIN_PROTEIN_FEATURE (PROTEIN_ID,PROTEIN_FEATURE_ID) VALUES  ('P51587',132);
INSERT INTO  JOIN_PROTEIN_PROTEIN_FEATURE (PROTEIN_ID,PROTEIN_FEATURE_ID) VALUES  ('P51587',379);
INSERT INTO  JOIN_PROTEIN_PROTEIN_FEATURE (PROTEIN_ID,PROTEIN_FEATURE_ID) VALUES  ('P51587',380);
INSERT INTO  JOIN_PROTEIN_PROTEIN_FEATURE (PROTEIN_ID,PROTEIN_FEATURE_ID) VALUES  ('P51587',381);
INSERT INTO  JOIN_PROTEIN_PROTEIN_FEATURE (PROTEIN_ID,PROTEIN_FEATURE_ID) VALUES  ('P51587',382);
INSERT INTO  JOIN_PROTEIN_PROTEIN_FEATURE (PROTEIN_ID,PROTEIN_FEATURE_ID) VALUES  ('P51587',383);
INSERT INTO  JOIN_PROTEIN_PROTEIN_FEATURE (PROTEIN_ID,PROTEIN_FEATURE_ID) VALUES  ('P51587',384);
INSERT INTO  JOIN_PROTEIN_PROTEIN_FEATURE (PROTEIN_ID,PROTEIN_FEATURE_ID) VALUES  ('P51587',385);
INSERT INTO  JOIN_PROTEIN_PROTEIN_FEATURE (PROTEIN_ID,PROTEIN_FEATURE_ID) VALUES  ('P51587',386);
INSERT INTO  JOIN_PROTEIN_PROTEIN_FEATURE (PROTEIN_ID,PROTEIN_FEATURE_ID) VALUES  ('P51587',387);
INSERT INTO  JOIN_PROTEIN_PROTEIN_FEATURE (PROTEIN_ID,PROTEIN_FEATURE_ID) VALUES  ('P51587',388);
INSERT INTO  JOIN_PROTEIN_PROTEIN_FEATURE (PROTEIN_ID,PROTEIN_FEATURE_ID) VALUES  ('P51587',389);
INSERT INTO  JOIN_PROTEIN_PROTEIN_FEATURE (PROTEIN_ID,PROTEIN_FEATURE_ID) VALUES  ('P51587',390);
INSERT INTO  JOIN_PROTEIN_PROTEIN_FEATURE (PROTEIN_ID,PROTEIN_FEATURE_ID) VALUES  ('P51587',391);
INSERT INTO  JOIN_PROTEIN_PROTEIN_FEATURE (PROTEIN_ID,PROTEIN_FEATURE_ID) VALUES  ('P51587',392);
INSERT INTO  JOIN_PROTEIN_PROTEIN_FEATURE (PROTEIN_ID,PROTEIN_FEATURE_ID) VALUES  ('P51587',393);
INSERT INTO  JOIN_PROTEIN_PROTEIN_FEATURE (PROTEIN_ID,PROTEIN_FEATURE_ID) VALUES  ('P51587',394);
INSERT INTO  JOIN_PROTEIN_PROTEIN_FEATURE (PROTEIN_ID,PROTEIN_FEATURE_ID) VALUES  ('P51587',395);
INSERT INTO  JOIN_PROTEIN_PROTEIN_FEATURE (PROTEIN_ID,PROTEIN_FEATURE_ID) VALUES  ('P51587',396);
INSERT INTO  JOIN_PROTEIN_PROTEIN_FEATURE (PROTEIN_ID,PROTEIN_FEATURE_ID) VALUES  ('P51587',397);
INSERT INTO  JOIN_PROTEIN_PROTEIN_FEATURE (PROTEIN_ID,PROTEIN_FEATURE_ID) VALUES  ('P51587',398);
INSERT INTO  JOIN_PROTEIN_PROTEIN_FEATURE (PROTEIN_ID,PROTEIN_FEATURE_ID) VALUES  ('P51587',399);
INSERT INTO  JOIN_PROTEIN_PROTEIN_FEATURE (PROTEIN_ID,PROTEIN_FEATURE_ID) VALUES  ('P51587',400);
INSERT INTO  JOIN_PROTEIN_PROTEIN_FEATURE (PROTEIN_ID,PROTEIN_FEATURE_ID) VALUES  ('P51587',401);
INSERT INTO  JOIN_PROTEIN_PROTEIN_FEATURE (PROTEIN_ID,PROTEIN_FEATURE_ID) VALUES  ('P51587',402);
INSERT INTO  JOIN_PROTEIN_PROTEIN_FEATURE (PROTEIN_ID,PROTEIN_FEATURE_ID) VALUES  ('P51587',403);
INSERT INTO  JOIN_PROTEIN_PROTEIN_FEATURE (PROTEIN_ID,PROTEIN_FEATURE_ID) VALUES  ('P51587',404);
INSERT INTO  JOIN_PROTEIN_PROTEIN_FEATURE (PROTEIN_ID,PROTEIN_FEATURE_ID) VALUES  ('P51587',405);
INSERT INTO  JOIN_PROTEIN_PROTEIN_FEATURE (PROTEIN_ID,PROTEIN_FEATURE_ID) VALUES  ('P51587',406);
INSERT INTO  JOIN_PROTEIN_PROTEIN_FEATURE (PROTEIN_ID,PROTEIN_FEATURE_ID) VALUES  ('P51587',407);
INSERT INTO  JOIN_PROTEIN_PROTEIN_FEATURE (PROTEIN_ID,PROTEIN_FEATURE_ID) VALUES  ('P51587',408);
INSERT INTO  JOIN_PROTEIN_PROTEIN_FEATURE (PROTEIN_ID,PROTEIN_FEATURE_ID) VALUES  ('P51587',409);
INSERT INTO  JOIN_PROTEIN_PROTEIN_FEATURE (PROTEIN_ID,PROTEIN_FEATURE_ID) VALUES  ('P51587',410);
INSERT INTO  JOIN_PROTEIN_PROTEIN_FEATURE (PROTEIN_ID,PROTEIN_FEATURE_ID) VALUES  ('P51587',411);
INSERT INTO  JOIN_PROTEIN_PROTEIN_FEATURE (PROTEIN_ID,PROTEIN_FEATURE_ID) VALUES  ('P51587',412);
INSERT INTO  JOIN_PROTEIN_PROTEIN_FEATURE (PROTEIN_ID,PROTEIN_FEATURE_ID) VALUES  ('P51587',413);
INSERT INTO  JOIN_PROTEIN_PROTEIN_FEATURE (PROTEIN_ID,PROTEIN_FEATURE_ID) VALUES  ('P51587',414);
INSERT INTO  JOIN_PROTEIN_PROTEIN_FEATURE (PROTEIN_ID,PROTEIN_FEATURE_ID) VALUES  ('P51587',415);
INSERT INTO  JOIN_PROTEIN_PROTEIN_FEATURE (PROTEIN_ID,PROTEIN_FEATURE_ID) VALUES  ('P51587',416);
INSERT INTO  JOIN_PROTEIN_PROTEIN_FEATURE (PROTEIN_ID,PROTEIN_FEATURE_ID) VALUES  ('P51587',417);
INSERT INTO  JOIN_PROTEIN_PROTEIN_FEATURE (PROTEIN_ID,PROTEIN_FEATURE_ID) VALUES  ('P51587',418);
INSERT INTO  JOIN_PROTEIN_PROTEIN_FEATURE (PROTEIN_ID,PROTEIN_FEATURE_ID) VALUES  ('P51587',419);
INSERT INTO  JOIN_PROTEIN_PROTEIN_FEATURE (PROTEIN_ID,PROTEIN_FEATURE_ID) VALUES  ('P51587',420);
INSERT INTO  JOIN_PROTEIN_PROTEIN_FEATURE (PROTEIN_ID,PROTEIN_FEATURE_ID) VALUES  ('P51587',421);
INSERT INTO  JOIN_PROTEIN_PROTEIN_FEATURE (PROTEIN_ID,PROTEIN_FEATURE_ID) VALUES  ('P51587',422);
INSERT INTO  JOIN_PROTEIN_PROTEIN_FEATURE (PROTEIN_ID,PROTEIN_FEATURE_ID) VALUES  ('P51587',423);
INSERT INTO  JOIN_PROTEIN_PROTEIN_FEATURE (PROTEIN_ID,PROTEIN_FEATURE_ID) VALUES  ('P51587',424);
INSERT INTO  JOIN_PROTEIN_PROTEIN_FEATURE (PROTEIN_ID,PROTEIN_FEATURE_ID) VALUES  ('P51587',425);
INSERT INTO  JOIN_PROTEIN_PROTEIN_FEATURE (PROTEIN_ID,PROTEIN_FEATURE_ID) VALUES  ('P51587',426);
INSERT INTO  JOIN_PROTEIN_PROTEIN_FEATURE (PROTEIN_ID,PROTEIN_FEATURE_ID) VALUES  ('P51587',427);
INSERT INTO  JOIN_PROTEIN_PROTEIN_FEATURE (PROTEIN_ID,PROTEIN_FEATURE_ID) VALUES  ('P51587',428);
INSERT INTO  JOIN_PROTEIN_PROTEIN_FEATURE (PROTEIN_ID,PROTEIN_FEATURE_ID) VALUES  ('P51587',429);
INSERT INTO  JOIN_PROTEIN_PROTEIN_FEATURE (PROTEIN_ID,PROTEIN_FEATURE_ID) VALUES  ('P51587',430);
INSERT INTO  JOIN_PROTEIN_PROTEIN_FEATURE (PROTEIN_ID,PROTEIN_FEATURE_ID) VALUES  ('P51587',431);
INSERT INTO  JOIN_PROTEIN_PROTEIN_FEATURE (PROTEIN_ID,PROTEIN_FEATURE_ID) VALUES  ('P51587',432);
INSERT INTO  JOIN_PROTEIN_PROTEIN_FEATURE (PROTEIN_ID,PROTEIN_FEATURE_ID) VALUES  ('P51587',433);
INSERT INTO  JOIN_PROTEIN_PROTEIN_FEATURE (PROTEIN_ID,PROTEIN_FEATURE_ID) VALUES  ('P51587',434);
INSERT INTO  JOIN_PROTEIN_PROTEIN_FEATURE (PROTEIN_ID,PROTEIN_FEATURE_ID) VALUES  ('P51587',435);
INSERT INTO  JOIN_PROTEIN_PROTEIN_FEATURE (PROTEIN_ID,PROTEIN_FEATURE_ID) VALUES  ('P51587',436);
INSERT INTO  JOIN_PROTEIN_PROTEIN_FEATURE (PROTEIN_ID,PROTEIN_FEATURE_ID) VALUES  ('P51587',437);
INSERT INTO  JOIN_PROTEIN_PROTEIN_FEATURE (PROTEIN_ID,PROTEIN_FEATURE_ID) VALUES  ('P51587',438);
INSERT INTO  JOIN_PROTEIN_PROTEIN_FEATURE (PROTEIN_ID,PROTEIN_FEATURE_ID) VALUES  ('P51587',439);
INSERT INTO  JOIN_PROTEIN_PROTEIN_FEATURE (PROTEIN_ID,PROTEIN_FEATURE_ID) VALUES  ('P51587',440);
INSERT INTO  JOIN_PROTEIN_PROTEIN_FEATURE (PROTEIN_ID,PROTEIN_FEATURE_ID) VALUES  ('P51587',441);
INSERT INTO  JOIN_PROTEIN_PROTEIN_FEATURE (PROTEIN_ID,PROTEIN_FEATURE_ID) VALUES  ('P51587',442);
INSERT INTO  JOIN_PROTEIN_PROTEIN_FEATURE (PROTEIN_ID,PROTEIN_FEATURE_ID) VALUES  ('P51587',443);
INSERT INTO  JOIN_PROTEIN_PROTEIN_FEATURE (PROTEIN_ID,PROTEIN_FEATURE_ID) VALUES  ('P51587',444);
INSERT INTO  JOIN_PROTEIN_PROTEIN_FEATURE (PROTEIN_ID,PROTEIN_FEATURE_ID) VALUES  ('P51587',445);
INSERT INTO  JOIN_PROTEIN_PROTEIN_FEATURE (PROTEIN_ID,PROTEIN_FEATURE_ID) VALUES  ('P51587',446);
INSERT INTO  JOIN_PROTEIN_PROTEIN_FEATURE (PROTEIN_ID,PROTEIN_FEATURE_ID) VALUES  ('P51587',447);
INSERT INTO  JOIN_PROTEIN_PROTEIN_FEATURE (PROTEIN_ID,PROTEIN_FEATURE_ID) VALUES  ('P51587',448);
INSERT INTO  JOIN_PROTEIN_PROTEIN_FEATURE (PROTEIN_ID,PROTEIN_FEATURE_ID) VALUES  ('P51587',449);
INSERT INTO  JOIN_PROTEIN_PROTEIN_FEATURE (PROTEIN_ID,PROTEIN_FEATURE_ID) VALUES  ('P51587',450);
INSERT INTO  JOIN_PROTEIN_PROTEIN_FEATURE (PROTEIN_ID,PROTEIN_FEATURE_ID) VALUES  ('P51587',451);
INSERT INTO  JOIN_PROTEIN_PROTEIN_FEATURE (PROTEIN_ID,PROTEIN_FEATURE_ID) VALUES  ('P51587',452);
INSERT INTO  JOIN_PROTEIN_PROTEIN_FEATURE (PROTEIN_ID,PROTEIN_FEATURE_ID) VALUES  ('P51587',453);
INSERT INTO  JOIN_PROTEIN_PROTEIN_FEATURE (PROTEIN_ID,PROTEIN_FEATURE_ID) VALUES  ('P51587',454);
INSERT INTO  JOIN_PROTEIN_PROTEIN_FEATURE (PROTEIN_ID,PROTEIN_FEATURE_ID) VALUES  ('P51587',455);
INSERT INTO  JOIN_PROTEIN_PROTEIN_FEATURE (PROTEIN_ID,PROTEIN_FEATURE_ID) VALUES  ('P51587',456);
INSERT INTO  JOIN_PROTEIN_PROTEIN_FEATURE (PROTEIN_ID,PROTEIN_FEATURE_ID) VALUES  ('P51587',457);
INSERT INTO  JOIN_PROTEIN_PROTEIN_FEATURE (PROTEIN_ID,PROTEIN_FEATURE_ID) VALUES  ('P51587',458);
INSERT INTO  JOIN_PROTEIN_PROTEIN_FEATURE (PROTEIN_ID,PROTEIN_FEATURE_ID) VALUES  ('P51587',459);
INSERT INTO  JOIN_PROTEIN_PROTEIN_FEATURE (PROTEIN_ID,PROTEIN_FEATURE_ID) VALUES  ('P51587',460);
INSERT INTO  JOIN_PROTEIN_PROTEIN_FEATURE (PROTEIN_ID,PROTEIN_FEATURE_ID) VALUES  ('P51587',461);
INSERT INTO  JOIN_PROTEIN_PROTEIN_FEATURE (PROTEIN_ID,PROTEIN_FEATURE_ID) VALUES  ('P51587',462);
INSERT INTO  JOIN_PROTEIN_PROTEIN_FEATURE (PROTEIN_ID,PROTEIN_FEATURE_ID) VALUES  ('P51587',463);
INSERT INTO  JOIN_PROTEIN_PROTEIN_FEATURE (PROTEIN_ID,PROTEIN_FEATURE_ID) VALUES  ('P51587',464);
INSERT INTO  JOIN_PROTEIN_PROTEIN_FEATURE (PROTEIN_ID,PROTEIN_FEATURE_ID) VALUES  ('P51587',465);
INSERT INTO  JOIN_PROTEIN_PROTEIN_FEATURE (PROTEIN_ID,PROTEIN_FEATURE_ID) VALUES  ('P51587',466);
INSERT INTO  JOIN_PROTEIN_PROTEIN_FEATURE (PROTEIN_ID,PROTEIN_FEATURE_ID) VALUES  ('P51587',467);
INSERT INTO  JOIN_PROTEIN_PROTEIN_FEATURE (PROTEIN_ID,PROTEIN_FEATURE_ID) VALUES  ('P51587',468);
INSERT INTO  JOIN_PROTEIN_PROTEIN_FEATURE (PROTEIN_ID,PROTEIN_FEATURE_ID) VALUES  ('P51587',469);
INSERT INTO  JOIN_PROTEIN_PROTEIN_FEATURE (PROTEIN_ID,PROTEIN_FEATURE_ID) VALUES  ('P51587',470);
INSERT INTO  JOIN_PROTEIN_PROTEIN_FEATURE (PROTEIN_ID,PROTEIN_FEATURE_ID) VALUES  ('P51587',471);
INSERT INTO  JOIN_PROTEIN_PROTEIN_FEATURE (PROTEIN_ID,PROTEIN_FEATURE_ID) VALUES  ('P51587',472);
INSERT INTO  JOIN_PROTEIN_PROTEIN_FEATURE (PROTEIN_ID,PROTEIN_FEATURE_ID) VALUES  ('P51587',473);
INSERT INTO  JOIN_PROTEIN_PROTEIN_FEATURE (PROTEIN_ID,PROTEIN_FEATURE_ID) VALUES  ('P51587',474);
INSERT INTO  JOIN_PROTEIN_PROTEIN_FEATURE (PROTEIN_ID,PROTEIN_FEATURE_ID) VALUES  ('P51587',475);
INSERT INTO  JOIN_PROTEIN_PROTEIN_FEATURE (PROTEIN_ID,PROTEIN_FEATURE_ID) VALUES  ('P51587',476);
INSERT INTO  JOIN_PROTEIN_PROTEIN_FEATURE (PROTEIN_ID,PROTEIN_FEATURE_ID) VALUES  ('P51587',477);
INSERT INTO  JOIN_PROTEIN_PROTEIN_FEATURE (PROTEIN_ID,PROTEIN_FEATURE_ID) VALUES  ('P51587',478);
INSERT INTO  JOIN_PROTEIN_PROTEIN_FEATURE (PROTEIN_ID,PROTEIN_FEATURE_ID) VALUES  ('P51587',479);
INSERT INTO  JOIN_PROTEIN_PROTEIN_FEATURE (PROTEIN_ID,PROTEIN_FEATURE_ID) VALUES  ('P51587',480);
INSERT INTO  JOIN_PROTEIN_PROTEIN_FEATURE (PROTEIN_ID,PROTEIN_FEATURE_ID) VALUES  ('P51587',481);
INSERT INTO  JOIN_PROTEIN_PROTEIN_FEATURE (PROTEIN_ID,PROTEIN_FEATURE_ID) VALUES  ('P51587',482);
INSERT INTO  JOIN_PROTEIN_PROTEIN_FEATURE (PROTEIN_ID,PROTEIN_FEATURE_ID) VALUES  ('P51587',483);
INSERT INTO  JOIN_PROTEIN_PROTEIN_FEATURE (PROTEIN_ID,PROTEIN_FEATURE_ID) VALUES  ('P51587',484);
INSERT INTO  JOIN_PROTEIN_PROTEIN_FEATURE (PROTEIN_ID,PROTEIN_FEATURE_ID) VALUES  ('P51587',485);
INSERT INTO  JOIN_PROTEIN_PROTEIN_FEATURE (PROTEIN_ID,PROTEIN_FEATURE_ID) VALUES  ('P51587',486);
INSERT INTO  JOIN_PROTEIN_PROTEIN_FEATURE (PROTEIN_ID,PROTEIN_FEATURE_ID) VALUES  ('P51587',487);
INSERT INTO  JOIN_PROTEIN_PROTEIN_FEATURE (PROTEIN_ID,PROTEIN_FEATURE_ID) VALUES  ('P51587',488);
INSERT INTO  JOIN_PROTEIN_PROTEIN_FEATURE (PROTEIN_ID,PROTEIN_FEATURE_ID) VALUES  ('P51587',489);
INSERT INTO  JOIN_PROTEIN_PROTEIN_FEATURE (PROTEIN_ID,PROTEIN_FEATURE_ID) VALUES  ('P51587',490);
INSERT INTO  JOIN_PROTEIN_PROTEIN_FEATURE (PROTEIN_ID,PROTEIN_FEATURE_ID) VALUES  ('P51587',491);
INSERT INTO  JOIN_PROTEIN_PROTEIN_FEATURE (PROTEIN_ID,PROTEIN_FEATURE_ID) VALUES  ('P51587',492);
INSERT INTO  JOIN_PROTEIN_PROTEIN_FEATURE (PROTEIN_ID,PROTEIN_FEATURE_ID) VALUES  ('P51587',493);
INSERT INTO  JOIN_PROTEIN_PROTEIN_FEATURE (PROTEIN_ID,PROTEIN_FEATURE_ID) VALUES  ('P51587',494);
INSERT INTO  JOIN_PROTEIN_PROTEIN_FEATURE (PROTEIN_ID,PROTEIN_FEATURE_ID) VALUES  ('P51587',495);
INSERT INTO  JOIN_PROTEIN_PROTEIN_FEATURE (PROTEIN_ID,PROTEIN_FEATURE_ID) VALUES  ('P51587',496);
INSERT INTO  JOIN_PROTEIN_PROTEIN_FEATURE (PROTEIN_ID,PROTEIN_FEATURE_ID) VALUES  ('P51587',497);
INSERT INTO  JOIN_PROTEIN_PROTEIN_FEATURE (PROTEIN_ID,PROTEIN_FEATURE_ID) VALUES  ('P51587',498);
INSERT INTO  JOIN_PROTEIN_PROTEIN_FEATURE (PROTEIN_ID,PROTEIN_FEATURE_ID) VALUES  ('P51587',499);
INSERT INTO  JOIN_PROTEIN_PROTEIN_FEATURE (PROTEIN_ID,PROTEIN_FEATURE_ID) VALUES  ('P51587',500);
INSERT INTO  JOIN_PROTEIN_PROTEIN_FEATURE (PROTEIN_ID,PROTEIN_FEATURE_ID) VALUES  ('P51587',501);
INSERT INTO  JOIN_PROTEIN_PROTEIN_FEATURE (PROTEIN_ID,PROTEIN_FEATURE_ID) VALUES  ('P51587',502);
INSERT INTO  JOIN_PROTEIN_PROTEIN_FEATURE (PROTEIN_ID,PROTEIN_FEATURE_ID) VALUES  ('P51587',503);
INSERT INTO  JOIN_PROTEIN_PROTEIN_FEATURE (PROTEIN_ID,PROTEIN_FEATURE_ID) VALUES  ('P51587',504);
INSERT INTO  JOIN_PROTEIN_PROTEIN_FEATURE (PROTEIN_ID,PROTEIN_FEATURE_ID) VALUES  ('P51587',505);
INSERT INTO  JOIN_PROTEIN_PROTEIN_FEATURE (PROTEIN_ID,PROTEIN_FEATURE_ID) VALUES  ('P51587',506);
INSERT INTO  JOIN_PROTEIN_PROTEIN_FEATURE (PROTEIN_ID,PROTEIN_FEATURE_ID) VALUES  ('P51587',507);
INSERT INTO  JOIN_PROTEIN_PROTEIN_FEATURE (PROTEIN_ID,PROTEIN_FEATURE_ID) VALUES  ('P51587',508);
INSERT INTO  JOIN_PROTEIN_PROTEIN_FEATURE (PROTEIN_ID,PROTEIN_FEATURE_ID) VALUES  ('P51587',509);
INSERT INTO  JOIN_PROTEIN_PROTEIN_FEATURE (PROTEIN_ID,PROTEIN_FEATURE_ID) VALUES  ('P51587',510);
INSERT INTO  JOIN_PROTEIN_PROTEIN_FEATURE (PROTEIN_ID,PROTEIN_FEATURE_ID) VALUES  ('P51587',511);
INSERT INTO  JOIN_PROTEIN_PROTEIN_FEATURE (PROTEIN_ID,PROTEIN_FEATURE_ID) VALUES  ('P51587',512);
INSERT INTO  JOIN_PROTEIN_PROTEIN_FEATURE (PROTEIN_ID,PROTEIN_FEATURE_ID) VALUES  ('P51587',513);
INSERT INTO  JOIN_PROTEIN_PROTEIN_FEATURE (PROTEIN_ID,PROTEIN_FEATURE_ID) VALUES  ('P51587',514);
INSERT INTO  JOIN_PROTEIN_PROTEIN_FEATURE (PROTEIN_ID,PROTEIN_FEATURE_ID) VALUES  ('P51587',515);
INSERT INTO  JOIN_PROTEIN_PROTEIN_FEATURE (PROTEIN_ID,PROTEIN_FEATURE_ID) VALUES  ('P51587',516);
INSERT INTO  JOIN_PROTEIN_PROTEIN_FEATURE (PROTEIN_ID,PROTEIN_FEATURE_ID) VALUES  ('P51587',517);
INSERT INTO  JOIN_PROTEIN_PROTEIN_FEATURE (PROTEIN_ID,PROTEIN_FEATURE_ID) VALUES  ('P51587',518);
INSERT INTO  JOIN_PROTEIN_PROTEIN_FEATURE (PROTEIN_ID,PROTEIN_FEATURE_ID) VALUES  ('P51587',519);
INSERT INTO  JOIN_PROTEIN_PROTEIN_FEATURE (PROTEIN_ID,PROTEIN_FEATURE_ID) VALUES  ('P51587',520);
INSERT INTO  JOIN_PROTEIN_PROTEIN_FEATURE (PROTEIN_ID,PROTEIN_FEATURE_ID) VALUES  ('P51587',521);
INSERT INTO  JOIN_PROTEIN_PROTEIN_FEATURE (PROTEIN_ID,PROTEIN_FEATURE_ID) VALUES  ('P51587',522);
INSERT INTO  JOIN_PROTEIN_PROTEIN_FEATURE (PROTEIN_ID,PROTEIN_FEATURE_ID) VALUES  ('P51587',523);
INSERT INTO  JOIN_PROTEIN_PROTEIN_FEATURE (PROTEIN_ID,PROTEIN_FEATURE_ID) VALUES  ('P51587',524);
INSERT INTO  JOIN_PROTEIN_PROTEIN_FEATURE (PROTEIN_ID,PROTEIN_FEATURE_ID) VALUES  ('P51587',525);
INSERT INTO  JOIN_PROTEIN_PROTEIN_FEATURE (PROTEIN_ID,PROTEIN_FEATURE_ID) VALUES  ('P51587',526);
INSERT INTO  JOIN_PROTEIN_PROTEIN_FEATURE (PROTEIN_ID,PROTEIN_FEATURE_ID) VALUES  ('P51587',527);
INSERT INTO  JOIN_PROTEIN_PROTEIN_FEATURE (PROTEIN_ID,PROTEIN_FEATURE_ID) VALUES  ('P51587',528);
INSERT INTO  JOIN_PROTEIN_PROTEIN_FEATURE (PROTEIN_ID,PROTEIN_FEATURE_ID) VALUES  ('P97929',529);
INSERT INTO  JOIN_PROTEIN_PROTEIN_FEATURE (PROTEIN_ID,PROTEIN_FEATURE_ID) VALUES  ('P97929',530);
INSERT INTO  JOIN_PROTEIN_PROTEIN_FEATURE (PROTEIN_ID,PROTEIN_FEATURE_ID) VALUES  ('P97929',531);
INSERT INTO  JOIN_PROTEIN_PROTEIN_FEATURE (PROTEIN_ID,PROTEIN_FEATURE_ID) VALUES  ('P97929',532);
INSERT INTO  JOIN_PROTEIN_PROTEIN_FEATURE (PROTEIN_ID,PROTEIN_FEATURE_ID) VALUES  ('P97929',533);
INSERT INTO  JOIN_PROTEIN_PROTEIN_FEATURE (PROTEIN_ID,PROTEIN_FEATURE_ID) VALUES  ('P97929',534);
INSERT INTO  JOIN_PROTEIN_PROTEIN_FEATURE (PROTEIN_ID,PROTEIN_FEATURE_ID) VALUES  ('P97929',535);
INSERT INTO  JOIN_PROTEIN_PROTEIN_FEATURE (PROTEIN_ID,PROTEIN_FEATURE_ID) VALUES  ('P97929',536);
INSERT INTO  JOIN_PROTEIN_PROTEIN_FEATURE (PROTEIN_ID,PROTEIN_FEATURE_ID) VALUES  ('P97929',132);
INSERT INTO  JOIN_PROTEIN_PROTEIN_FEATURE (PROTEIN_ID,PROTEIN_FEATURE_ID) VALUES  ('P97929',537);
INSERT INTO  JOIN_PROTEIN_PROTEIN_FEATURE (PROTEIN_ID,PROTEIN_FEATURE_ID) VALUES  ('P97929',538);
INSERT INTO  JOIN_PROTEIN_PROTEIN_FEATURE (PROTEIN_ID,PROTEIN_FEATURE_ID) VALUES  ('P97929',539);
INSERT INTO  JOIN_PROTEIN_PROTEIN_FEATURE (PROTEIN_ID,PROTEIN_FEATURE_ID) VALUES  ('P97929',540);
INSERT INTO  JOIN_PROTEIN_PROTEIN_FEATURE (PROTEIN_ID,PROTEIN_FEATURE_ID) VALUES  ('P97929',541);
INSERT INTO  JOIN_PROTEIN_PROTEIN_FEATURE (PROTEIN_ID,PROTEIN_FEATURE_ID) VALUES  ('P97929',542);
INSERT INTO  JOIN_PROTEIN_PROTEIN_FEATURE (PROTEIN_ID,PROTEIN_FEATURE_ID) VALUES  ('P97929',543);
INSERT INTO  JOIN_PROTEIN_PROTEIN_FEATURE (PROTEIN_ID,PROTEIN_FEATURE_ID) VALUES  ('P97929',544);
INSERT INTO  JOIN_PROTEIN_PROTEIN_FEATURE (PROTEIN_ID,PROTEIN_FEATURE_ID) VALUES  ('P97929',545);
INSERT INTO  JOIN_PROTEIN_PROTEIN_FEATURE (PROTEIN_ID,PROTEIN_FEATURE_ID) VALUES  ('P97929',546);
INSERT INTO  JOIN_PROTEIN_PROTEIN_FEATURE (PROTEIN_ID,PROTEIN_FEATURE_ID) VALUES  ('P97929',547);
INSERT INTO  JOIN_PROTEIN_PROTEIN_FEATURE (PROTEIN_ID,PROTEIN_FEATURE_ID) VALUES  ('P97929',548);
INSERT INTO  JOIN_PROTEIN_PROTEIN_FEATURE (PROTEIN_ID,PROTEIN_FEATURE_ID) VALUES  ('P97929',549);
INSERT INTO  JOIN_PROTEIN_PROTEIN_FEATURE (PROTEIN_ID,PROTEIN_FEATURE_ID) VALUES  ('P97929',550);
INSERT INTO  JOIN_PROTEIN_PROTEIN_FEATURE (PROTEIN_ID,PROTEIN_FEATURE_ID) VALUES  ('P97929',551);
INSERT INTO  JOIN_PROTEIN_PROTEIN_FEATURE (PROTEIN_ID,PROTEIN_FEATURE_ID) VALUES  ('P97929',552);
INSERT INTO  JOIN_PROTEIN_PROTEIN_FEATURE (PROTEIN_ID,PROTEIN_FEATURE_ID) VALUES  ('P97929',553);
INSERT INTO  JOIN_PROTEIN_PROTEIN_FEATURE (PROTEIN_ID,PROTEIN_FEATURE_ID) VALUES  ('P97929',554);
INSERT INTO  JOIN_PROTEIN_PROTEIN_FEATURE (PROTEIN_ID,PROTEIN_FEATURE_ID) VALUES  ('P97929',555);
INSERT INTO  JOIN_PROTEIN_PROTEIN_FEATURE (PROTEIN_ID,PROTEIN_FEATURE_ID) VALUES  ('P97929',556);
INSERT INTO  JOIN_PROTEIN_PROTEIN_FEATURE (PROTEIN_ID,PROTEIN_FEATURE_ID) VALUES  ('P97929',557);
INSERT INTO  JOIN_PROTEIN_PROTEIN_FEATURE (PROTEIN_ID,PROTEIN_FEATURE_ID) VALUES  ('P97929',558);
INSERT INTO  JOIN_PROTEIN_PROTEIN_FEATURE (PROTEIN_ID,PROTEIN_FEATURE_ID) VALUES  ('P97929',559);
INSERT INTO  JOIN_PROTEIN_PROTEIN_FEATURE (PROTEIN_ID,PROTEIN_FEATURE_ID) VALUES  ('P97929',560);
INSERT INTO  JOIN_PROTEIN_PROTEIN_FEATURE (PROTEIN_ID,PROTEIN_FEATURE_ID) VALUES  ('P97929',561);
INSERT INTO  JOIN_PROTEIN_PROTEIN_FEATURE (PROTEIN_ID,PROTEIN_FEATURE_ID) VALUES  ('P97929',562);
INSERT INTO  JOIN_PROTEIN_PROTEIN_FEATURE (PROTEIN_ID,PROTEIN_FEATURE_ID) VALUES  ('P97929',563);
INSERT INTO  JOIN_PROTEIN_PROTEIN_FEATURE (PROTEIN_ID,PROTEIN_FEATURE_ID) VALUES  ('P97929',564);
INSERT INTO  JOIN_PROTEIN_PROTEIN_FEATURE (PROTEIN_ID,PROTEIN_FEATURE_ID) VALUES  ('P97929',565);
INSERT INTO  JOIN_PROTEIN_PROTEIN_FEATURE (PROTEIN_ID,PROTEIN_FEATURE_ID) VALUES  ('P97929',566);
INSERT INTO  JOIN_PROTEIN_PROTEIN_FEATURE (PROTEIN_ID,PROTEIN_FEATURE_ID) VALUES  ('P97929',567);
INSERT INTO  JOIN_PROTEIN_PROTEIN_FEATURE (PROTEIN_ID,PROTEIN_FEATURE_ID) VALUES  ('P97929',568);
INSERT INTO  JOIN_PROTEIN_PROTEIN_FEATURE (PROTEIN_ID,PROTEIN_FEATURE_ID) VALUES  ('P97929',569);
INSERT INTO  JOIN_PROTEIN_PROTEIN_FEATURE (PROTEIN_ID,PROTEIN_FEATURE_ID) VALUES  ('P97929',570);
INSERT INTO  JOIN_PROTEIN_PROTEIN_FEATURE (PROTEIN_ID,PROTEIN_FEATURE_ID) VALUES  ('P97929',571);
INSERT INTO  JOIN_PROTEIN_PROTEIN_FEATURE (PROTEIN_ID,PROTEIN_FEATURE_ID) VALUES  ('P97929',572);
INSERT INTO  JOIN_PROTEIN_PROTEIN_FEATURE (PROTEIN_ID,PROTEIN_FEATURE_ID) VALUES  ('P97929',573);
INSERT INTO  JOIN_PROTEIN_PROTEIN_FEATURE (PROTEIN_ID,PROTEIN_FEATURE_ID) VALUES  ('P97929',574);
INSERT INTO  JOIN_PROTEIN_PROTEIN_FEATURE (PROTEIN_ID,PROTEIN_FEATURE_ID) VALUES  ('P97929',575);
INSERT INTO  JOIN_PROTEIN_PROTEIN_FEATURE (PROTEIN_ID,PROTEIN_FEATURE_ID) VALUES  ('P97929',576);
INSERT INTO  JOIN_PROTEIN_PROTEIN_FEATURE (PROTEIN_ID,PROTEIN_FEATURE_ID) VALUES  ('P97929',577);
INSERT INTO  JOIN_PROTEIN_PROTEIN_FEATURE (PROTEIN_ID,PROTEIN_FEATURE_ID) VALUES  ('P97929',578);
INSERT INTO  JOIN_PROTEIN_PROTEIN_FEATURE (PROTEIN_ID,PROTEIN_FEATURE_ID) VALUES  ('P97929',579);
INSERT INTO  JOIN_PROTEIN_PROTEIN_FEATURE (PROTEIN_ID,PROTEIN_FEATURE_ID) VALUES  ('P97929',580);
INSERT INTO  JOIN_PROTEIN_PROTEIN_FEATURE (PROTEIN_ID,PROTEIN_FEATURE_ID) VALUES  ('P97929',581);
INSERT INTO  JOIN_PROTEIN_PROTEIN_FEATURE (PROTEIN_ID,PROTEIN_FEATURE_ID) VALUES  ('P97929',582);
INSERT INTO  JOIN_PROTEIN_PROTEIN_FEATURE (PROTEIN_ID,PROTEIN_FEATURE_ID) VALUES  ('P97929',583);
INSERT INTO  JOIN_PROTEIN_PROTEIN_FEATURE (PROTEIN_ID,PROTEIN_FEATURE_ID) VALUES  ('P97929',584);
INSERT INTO  JOIN_PROTEIN_PROTEIN_FEATURE (PROTEIN_ID,PROTEIN_FEATURE_ID) VALUES  ('P97929',585);
INSERT INTO  JOIN_PROTEIN_PROTEIN_FEATURE (PROTEIN_ID,PROTEIN_FEATURE_ID) VALUES  ('P97929',586);
INSERT INTO  JOIN_PROTEIN_PROTEIN_FEATURE (PROTEIN_ID,PROTEIN_FEATURE_ID) VALUES  ('P97929',587);
INSERT INTO  JOIN_PROTEIN_PROTEIN_FEATURE (PROTEIN_ID,PROTEIN_FEATURE_ID) VALUES  ('P97929',588);
INSERT INTO  JOIN_PROTEIN_PROTEIN_FEATURE (PROTEIN_ID,PROTEIN_FEATURE_ID) VALUES  ('P97929',589);
INSERT INTO  JOIN_PROTEIN_PROTEIN_FEATURE (PROTEIN_ID,PROTEIN_FEATURE_ID) VALUES  ('P97929',590);
INSERT INTO  JOIN_PROTEIN_PROTEIN_FEATURE (PROTEIN_ID,PROTEIN_FEATURE_ID) VALUES  ('P97929',591);
INSERT INTO  JOIN_PROTEIN_PROTEIN_FEATURE (PROTEIN_ID,PROTEIN_FEATURE_ID) VALUES  ('P97929',592);
INSERT INTO  JOIN_PROTEIN_PROTEIN_FEATURE (PROTEIN_ID,PROTEIN_FEATURE_ID) VALUES  ('P97929',593);
INSERT INTO  JOIN_PROTEIN_PROTEIN_FEATURE (PROTEIN_ID,PROTEIN_FEATURE_ID) VALUES  ('P97929',594);
INSERT INTO  JOIN_PROTEIN_PROTEIN_FEATURE (PROTEIN_ID,PROTEIN_FEATURE_ID) VALUES  ('P97929',168);
INSERT INTO  JOIN_PROTEIN_PROTEIN_FEATURE (PROTEIN_ID,PROTEIN_FEATURE_ID) VALUES  ('P97929',595);
INSERT INTO  JOIN_PROTEIN_PROTEIN_FEATURE (PROTEIN_ID,PROTEIN_FEATURE_ID) VALUES  ('P97929',596);
INSERT INTO  JOIN_PROTEIN_PROTEIN_FEATURE (PROTEIN_ID,PROTEIN_FEATURE_ID) VALUES  ('P97929',597);
INSERT INTO  JOIN_PROTEIN_PROTEIN_FEATURE (PROTEIN_ID,PROTEIN_FEATURE_ID) VALUES  ('P97929',598);
INSERT INTO  JOIN_PROTEIN_PROTEIN_FEATURE (PROTEIN_ID,PROTEIN_FEATURE_ID) VALUES  ('P97929',599);
INSERT INTO  JOIN_PROTEIN_PROTEIN_FEATURE (PROTEIN_ID,PROTEIN_FEATURE_ID) VALUES  ('P97929',600);
INSERT INTO  JOIN_PROTEIN_PROTEIN_FEATURE (PROTEIN_ID,PROTEIN_FEATURE_ID) VALUES  ('P97929',601);
INSERT INTO  JOIN_PROTEIN_PROTEIN_FEATURE (PROTEIN_ID,PROTEIN_FEATURE_ID) VALUES  ('P97929',602);
INSERT INTO  JOIN_PROTEIN_PROTEIN_FEATURE (PROTEIN_ID,PROTEIN_FEATURE_ID) VALUES  ('P97929',603);
INSERT INTO  JOIN_PROTEIN_PROTEIN_FEATURE (PROTEIN_ID,PROTEIN_FEATURE_ID) VALUES  ('P97929',604);
INSERT INTO  JOIN_PROTEIN_PROTEIN_FEATURE (PROTEIN_ID,PROTEIN_FEATURE_ID) VALUES  ('P97929',605);
INSERT INTO  JOIN_PROTEIN_PROTEIN_FEATURE (PROTEIN_ID,PROTEIN_FEATURE_ID) VALUES  ('P97929',606);
INSERT INTO  JOIN_PROTEIN_PROTEIN_FEATURE (PROTEIN_ID,PROTEIN_FEATURE_ID) VALUES  ('P97929',607);
INSERT INTO  JOIN_PROTEIN_PROTEIN_FEATURE (PROTEIN_ID,PROTEIN_FEATURE_ID) VALUES  ('P97929',608);
INSERT INTO  JOIN_PROTEIN_PROTEIN_FEATURE (PROTEIN_ID,PROTEIN_FEATURE_ID) VALUES  ('P97929',609);
INSERT INTO  JOIN_PROTEIN_PROTEIN_FEATURE (PROTEIN_ID,PROTEIN_FEATURE_ID) VALUES  ('P97929',610);
INSERT INTO  JOIN_PROTEIN_PROTEIN_FEATURE (PROTEIN_ID,PROTEIN_FEATURE_ID) VALUES  ('P97929',611);
INSERT INTO  JOIN_PROTEIN_PROTEIN_FEATURE (PROTEIN_ID,PROTEIN_FEATURE_ID) VALUES  ('P97929',612);
INSERT INTO  JOIN_PROTEIN_PROTEIN_FEATURE (PROTEIN_ID,PROTEIN_FEATURE_ID) VALUES  ('P97929',613);
INSERT INTO  JOIN_PROTEIN_PROTEIN_FEATURE (PROTEIN_ID,PROTEIN_FEATURE_ID) VALUES  ('P97929',614);
INSERT INTO  JOIN_PROTEIN_PROTEIN_FEATURE (PROTEIN_ID,PROTEIN_FEATURE_ID) VALUES  ('P97929',615);
INSERT INTO  JOIN_PROTEIN_PROTEIN_FEATURE (PROTEIN_ID,PROTEIN_FEATURE_ID) VALUES  ('P97929',616);
INSERT INTO  JOIN_PROTEIN_PROTEIN_FEATURE (PROTEIN_ID,PROTEIN_FEATURE_ID) VALUES  ('P97929',617);
INSERT INTO  JOIN_PROTEIN_PROTEIN_FEATURE (PROTEIN_ID,PROTEIN_FEATURE_ID) VALUES  ('P97929',618);
INSERT INTO  JOIN_PROTEIN_PROTEIN_FEATURE (PROTEIN_ID,PROTEIN_FEATURE_ID) VALUES  ('P97929',619);
INSERT INTO  JOIN_PROTEIN_PROTEIN_FEATURE (PROTEIN_ID,PROTEIN_FEATURE_ID) VALUES  ('P97929',620);
INSERT INTO  JOIN_PROTEIN_PROTEIN_FEATURE (PROTEIN_ID,PROTEIN_FEATURE_ID) VALUES  ('P97929',621);
INSERT INTO  JOIN_PROTEIN_PROTEIN_FEATURE (PROTEIN_ID,PROTEIN_FEATURE_ID) VALUES  ('P97929',622);
INSERT INTO  JOIN_PROTEIN_PROTEIN_FEATURE (PROTEIN_ID,PROTEIN_FEATURE_ID) VALUES  ('P97929',623);
INSERT INTO  JOIN_PROTEIN_PROTEIN_FEATURE (PROTEIN_ID,PROTEIN_FEATURE_ID) VALUES  ('P97929',624);
INSERT INTO  JOIN_PROTEIN_PROTEIN_FEATURE (PROTEIN_ID,PROTEIN_FEATURE_ID) VALUES  ('P97929',625);
INSERT INTO  JOIN_PROTEIN_PROTEIN_FEATURE (PROTEIN_ID,PROTEIN_FEATURE_ID) VALUES  ('P97929',626);
INSERT INTO  JOIN_PROTEIN_PROTEIN_FEATURE (PROTEIN_ID,PROTEIN_FEATURE_ID) VALUES  ('P97929',627);
INSERT INTO  JOIN_PROTEIN_PROTEIN_FEATURE (PROTEIN_ID,PROTEIN_FEATURE_ID) VALUES  ('P97929',628);
INSERT INTO  JOIN_PROTEIN_PROTEIN_FEATURE (PROTEIN_ID,PROTEIN_FEATURE_ID) VALUES  ('P97929',629);
INSERT INTO  JOIN_PROTEIN_PROTEIN_FEATURE (PROTEIN_ID,PROTEIN_FEATURE_ID) VALUES  ('P97929',630);
INSERT INTO  JOIN_PROTEIN_PROTEIN_FEATURE (PROTEIN_ID,PROTEIN_FEATURE_ID) VALUES  ('P97929',631);
INSERT INTO  JOIN_PROTEIN_PROTEIN_FEATURE (PROTEIN_ID,PROTEIN_FEATURE_ID) VALUES  ('P97929',632);
INSERT INTO  JOIN_PROTEIN_PROTEIN_FEATURE (PROTEIN_ID,PROTEIN_FEATURE_ID) VALUES  ('P97929',633);
*/
INSERT INTO  JOIN_PROTEIN_PROTEIN_FEATURE (PROTEIN_ID,PROTEIN_FEATURE_ID) VALUES  ('Q6J6I8',1);
INSERT INTO  JOIN_PROTEIN_PROTEIN_FEATURE (PROTEIN_ID,PROTEIN_FEATURE_ID) VALUES  ('Q6J6I8',2);
INSERT INTO  JOIN_PROTEIN_PROTEIN_FEATURE (PROTEIN_ID,PROTEIN_FEATURE_ID) VALUES  ('Q6J6I8',3);
INSERT INTO  JOIN_PROTEIN_PROTEIN_FEATURE (PROTEIN_ID,PROTEIN_FEATURE_ID) VALUES  ('Q6J6I8',4);
INSERT INTO  JOIN_PROTEIN_PROTEIN_FEATURE (PROTEIN_ID,PROTEIN_FEATURE_ID) VALUES  ('Q6J6I8',6);
INSERT INTO  JOIN_PROTEIN_PROTEIN_FEATURE (PROTEIN_ID,PROTEIN_FEATURE_ID) VALUES  ('Q6J6I8',7);
INSERT INTO  JOIN_PROTEIN_PROTEIN_FEATURE (PROTEIN_ID,PROTEIN_FEATURE_ID) VALUES  ('Q6J6I8',8);
INSERT INTO  JOIN_PROTEIN_PROTEIN_FEATURE (PROTEIN_ID,PROTEIN_FEATURE_ID) VALUES  ('Q6J6I8',9);
INSERT INTO  JOIN_PROTEIN_PROTEIN_FEATURE (PROTEIN_ID,PROTEIN_FEATURE_ID) VALUES  ('Q6J6I8',10);
INSERT INTO  JOIN_PROTEIN_PROTEIN_FEATURE (PROTEIN_ID,PROTEIN_FEATURE_ID) VALUES  ('Q6J6I8',11);
INSERT INTO  JOIN_PROTEIN_PROTEIN_FEATURE (PROTEIN_ID,PROTEIN_FEATURE_ID) VALUES  ('Q6J6I8',12);
INSERT INTO  JOIN_PROTEIN_PROTEIN_FEATURE (PROTEIN_ID,PROTEIN_FEATURE_ID) VALUES  ('Q6J6I8',13);
INSERT INTO  JOIN_PROTEIN_PROTEIN_FEATURE (PROTEIN_ID,PROTEIN_FEATURE_ID) VALUES  ('Q6J6I8',14);
INSERT INTO  JOIN_PROTEIN_PROTEIN_FEATURE (PROTEIN_ID,PROTEIN_FEATURE_ID) VALUES  ('Q6J6I8',15);
INSERT INTO  JOIN_PROTEIN_PROTEIN_FEATURE (PROTEIN_ID,PROTEIN_FEATURE_ID) VALUES  ('Q6J6I8',16);
INSERT INTO  JOIN_PROTEIN_PROTEIN_FEATURE (PROTEIN_ID,PROTEIN_FEATURE_ID) VALUES  ('Q6J6I8',17);
INSERT INTO  JOIN_PROTEIN_PROTEIN_FEATURE (PROTEIN_ID,PROTEIN_FEATURE_ID) VALUES  ('Q6J6I8',18);
INSERT INTO  JOIN_PROTEIN_PROTEIN_FEATURE (PROTEIN_ID,PROTEIN_FEATURE_ID) VALUES  ('Q6J6I8',19);
INSERT INTO  JOIN_PROTEIN_PROTEIN_FEATURE (PROTEIN_ID,PROTEIN_FEATURE_ID) VALUES  ('Q6J6I8',20);
INSERT INTO  JOIN_PROTEIN_PROTEIN_FEATURE (PROTEIN_ID,PROTEIN_FEATURE_ID) VALUES  ('Q6J6I8',21);
/*
INSERT INTO  JOIN_PROTEIN_PROTEIN_FEATURE (PROTEIN_ID,PROTEIN_FEATURE_ID) VALUES  ('Q6J6I8',634);
INSERT INTO  JOIN_PROTEIN_PROTEIN_FEATURE (PROTEIN_ID,PROTEIN_FEATURE_ID) VALUES  ('Q6J6I8',635);
INSERT INTO  JOIN_PROTEIN_PROTEIN_FEATURE (PROTEIN_ID,PROTEIN_FEATURE_ID) VALUES  ('Q6J6I8',636);
INSERT INTO  JOIN_PROTEIN_PROTEIN_FEATURE (PROTEIN_ID,PROTEIN_FEATURE_ID) VALUES  ('Q6J6I8',637);
INSERT INTO  JOIN_PROTEIN_PROTEIN_FEATURE (PROTEIN_ID,PROTEIN_FEATURE_ID) VALUES  ('Q6J6I8',638);
*/