<?xml version="1.0" encoding="UTF-8"?>
<!DOCTYPE ejb-jar PUBLIC 
'-//Sun Microsystems, Inc.//DTD Enterprise JavaBeans 2.0//EN' 
'http://java.sun.com/dtd/ejb-jar_2_0.dtd'>
<ejb-jar>
  <enterprise-beans>
    <session>
      <ejb-name>catalog</ejb-name>
      <home>gov.nih.nci.ejb.CatalogHome</home>
      <remote>gov.nih.nci.ejb.Catalog</remote>
      <ejb-class>gov.nih.nci.ejb.CatalogBean</ejb-class>
      <session-type>Stateless</session-type>
      <transaction-type>Container</transaction-type>
	  <ejb-ref>
            <ejb-ref-name>ejb/CatalogRemoteHome</ejb-ref-name>
            <ejb-ref-type>Session</ejb-ref-type>
            <home>gov.nih.nci.ejb.CatalogHome</home>
            <remote>gov.nih.nci.ejb.Catalog</remote>
            <ejb-link>catalog</ejb-link>
      </ejb-ref>      
    </session>
  </enterprise-beans>
</ejb-jar>