SET FOREIGN_KEY_CHECKS = 0;

--
-- Create schema cacoresdk_iso
--

-- CREATE DATABASE IF NOT EXISTS cacoresdk_iso;
-- USE cacoresdk_iso;

--
-- Definition of table `ad_datatype`
--

DROP TABLE IF EXISTS `ad_datatype`;
CREATE TABLE `ad_datatype` (
  `id` INT(8) NOT NULL,
  `value1_al_value` VARCHAR(50) CHARACTER SET latin1 collate latin1_bin DEFAULT NULL,
  `value2_dal_value` VARCHAR(50) CHARACTER SET latin1 collate latin1_bin DEFAULT NULL,
  `value2_dal_code` VARCHAR(50) CHARACTER SET latin1 collate latin1_bin DEFAULT NULL,
  `value3_al_value` VARCHAR(50) CHARACTER SET latin1 collate latin1_bin DEFAULT NULL,
  `value3_al_code` VARCHAR(50) CHARACTER SET latin1 collate latin1_bin DEFAULT NULL,
  `value3_al_codesystem` VARCHAR(50) CHARACTER SET latin1 collate latin1_bin DEFAULT NULL,
  `value4_al1_value` VARCHAR(50) CHARACTER SET latin1 collate latin1_bin DEFAULT NULL,
  `value4_al2_value` VARCHAR(50) CHARACTER SET latin1 collate latin1_bin DEFAULT NULL,
  `value4_al1_code` VARCHAR(50) CHARACTER SET latin1 collate latin1_bin DEFAULT NULL,
  `value4_al2_code` VARCHAR(50) CHARACTER SET latin1 collate latin1_bin DEFAULT NULL,
  `value4_al1_codesystem` VARCHAR(50) CHARACTER SET latin1 collate latin1_bin DEFAULT NULL,
  `value4_al2_codesystem` VARCHAR(50) CHARACTER SET latin1 collate latin1_bin DEFAULT NULL,
  `value5_al_value` VARCHAR(50) CHARACTER SET latin1 collate latin1_bin DEFAULT NULL,
  `value5_al_code` VARCHAR(50) CHARACTER SET latin1 collate latin1_bin DEFAULT NULL,
  `value5_al_codesystem` VARCHAR(50) CHARACTER SET latin1 collate latin1_bin DEFAULT NULL,
  `value5_dal_code` VARCHAR(50) CHARACTER SET latin1 collate latin1_bin DEFAULT NULL,
  `value5_dal_value` VARCHAR(50) CHARACTER SET latin1 collate latin1_bin DEFAULT NULL,
  `value5_dal_codesystem` VARCHAR(50) CHARACTER SET latin1 collate latin1_bin DEFAULT NULL,
  `value5_cty_value` VARCHAR(50) CHARACTER SET latin1 collate latin1_bin DEFAULT NULL,
  `value5_cty_code` VARCHAR(50) CHARACTER SET latin1 collate latin1_bin DEFAULT NULL,
  `value5_cty_codesystem` VARCHAR(50) CHARACTER SET latin1 collate latin1_bin DEFAULT NULL,
  `value6_adl_value` VARCHAR(50) CHARACTER SET latin1 collate latin1_bin DEFAULT NULL,
  `value6_al_value` VARCHAR(50) CHARACTER SET latin1 collate latin1_bin DEFAULT NULL,
  `value6_bnn_value` VARCHAR(50) CHARACTER SET latin1 collate latin1_bin DEFAULT NULL,
  `value6_bnr_value` VARCHAR(50) CHARACTER SET latin1 collate latin1_bin DEFAULT NULL,
  `value6_bns_value` VARCHAR(50) CHARACTER SET latin1 collate latin1_bin DEFAULT NULL,
  `value6_car_value` VARCHAR(50) CHARACTER SET latin1 collate latin1_bin DEFAULT NULL,
  `value6_cen_value` VARCHAR(50) CHARACTER SET latin1 collate latin1_bin DEFAULT NULL,
  `value6_cnt_value` VARCHAR(50) CHARACTER SET latin1 collate latin1_bin DEFAULT NULL,
  `value6_cpa_value` VARCHAR(50) CHARACTER SET latin1 collate latin1_bin DEFAULT NULL,
  `value6_cty_value` VARCHAR(50) CHARACTER SET latin1 collate latin1_bin DEFAULT NULL,
  `value6_dal_value` VARCHAR(50) CHARACTER SET latin1 collate latin1_bin DEFAULT NULL,
  `value6_del_value` VARCHAR(50) CHARACTER SET latin1 collate latin1_bin DEFAULT NULL,
  `value6_dinsta_value` VARCHAR(50) CHARACTER SET latin1 collate latin1_bin DEFAULT NULL,
  `value6_dinstq_value` VARCHAR(50) CHARACTER SET latin1 collate latin1_bin DEFAULT NULL,
  `value6_dir_value` VARCHAR(50) CHARACTER SET latin1 collate latin1_bin DEFAULT NULL,
  `value6_dmod_value` VARCHAR(50) CHARACTER SET latin1 collate latin1_bin DEFAULT NULL,
  `value6_dmodid_value` VARCHAR(50) CHARACTER SET latin1 collate latin1_bin DEFAULT NULL,
  `value6_int_value` VARCHAR(50) CHARACTER SET latin1 collate latin1_bin DEFAULT NULL,
  `value6_pob_value` VARCHAR(50) CHARACTER SET latin1 collate latin1_bin DEFAULT NULL,
  `value6_pre_value` VARCHAR(50) CHARACTER SET latin1 collate latin1_bin DEFAULT NULL,
  `value6_sal_value` VARCHAR(50) CHARACTER SET latin1 collate latin1_bin DEFAULT NULL,
  `value6_sta_value` VARCHAR(50) CHARACTER SET latin1 collate latin1_bin DEFAULT NULL,
  `value6_stb_value` VARCHAR(50) CHARACTER SET latin1 collate latin1_bin DEFAULT NULL,
  `value6_str_value` VARCHAR(50) CHARACTER SET latin1 collate latin1_bin DEFAULT NULL,
  `value6_sttyp_value` VARCHAR(50) CHARACTER SET latin1 collate latin1_bin DEFAULT NULL,
  `value6_unid_value` VARCHAR(50) CHARACTER SET latin1 collate latin1_bin DEFAULT NULL,
  `value6_unit_value` VARCHAR(50) CHARACTER SET latin1 collate latin1_bin DEFAULT NULL,
  `value6_zip_value` VARCHAR(50) CHARACTER SET latin1 collate latin1_bin DEFAULT NULL,
  `value6_adl_code` VARCHAR(50) CHARACTER SET latin1 collate latin1_bin DEFAULT NULL,
  `value6_bns_code` VARCHAR(50) CHARACTER SET latin1 collate latin1_bin DEFAULT NULL,
  `value6_bns_codesystem` VARCHAR(50) CHARACTER SET latin1 collate latin1_bin DEFAULT NULL,
  `value6_dal_code` VARCHAR(50) CHARACTER SET latin1 collate latin1_bin DEFAULT NULL,
  `value6_dal_codesystem` VARCHAR(50) CHARACTER SET latin1 collate latin1_bin DEFAULT NULL,
  `value6_int_code` VARCHAR(50) CHARACTER SET latin1 collate latin1_bin DEFAULT NULL,
  `value6_int_codesystem` VARCHAR(50) CHARACTER SET latin1 collate latin1_bin DEFAULT NULL,
  `value6_stb_code` VARCHAR(50) CHARACTER SET latin1 collate latin1_bin DEFAULT NULL,
  `value6_stb_codesystem` VARCHAR(50) CHARACTER SET latin1 collate latin1_bin DEFAULT NULL,
  `value6_zip_codesystem` VARCHAR(50) CHARACTER SET latin1 collate latin1_bin DEFAULT NULL,
  `value6_zip_code` VARCHAR(50) CHARACTER SET latin1 collate latin1_bin DEFAULT NULL,
  `ad_datatype_value8_id` INT(8) DEFAULT NULL,
  PRIMARY KEY  (`id`),
  KEY `fk_ad_datatype_value8` (`ad_datatype_value8_id`),
  CONSTRAINT `fk_ad_datatype_value8` FOREIGN KEY (`ad_datatype_value8_id`) REFERENCES `ad_datatype_value8` (`id`) ON DELETE NO ACTION ON UPDATE NO ACTION
) ENGINE=InnoDB DEFAULT CHARSET=latin1;

--
-- Dumping data for table `ad_datatype`
--

/*!40000 ALTER TABLE `ad_datatype` DISABLE KEYS */;
INSERT INTO `ad_datatype` (`id`,`value1_al_value`,`value2_dal_value`,`value2_dal_code`,`value3_al_value`,`value3_al_code`,`value3_al_codesystem`,`value4_al1_value`,`value4_al2_value`,`value4_al1_code`,`value4_al2_code`,`value4_al1_codesystem`,`value4_al2_codesystem`,`value5_al_value`,`value5_al_code`,`value5_al_codesystem`,`value5_dal_code`,`value5_dal_value`,`value5_dal_codesystem`,`value5_cty_value`,`value5_cty_code`,`value5_cty_codesystem`,`value6_adl_value`,`value6_al_value`,`value6_bnn_value`,`value6_bnr_value`,`value6_bns_value`,`value6_car_value`,`value6_cen_value`,`value6_cnt_value`,`value6_cpa_value`,`value6_cty_value`,`value6_dal_value`,`value6_del_value`,`value6_dinsta_value`,`value6_dinstq_value`,`value6_dir_value`,`value6_dmod_value`,`value6_dmodid_value`,`value6_int_value`,`value6_pob_value`,`value6_pre_value`,`value6_sal_value`,`value6_sta_value`,`value6_stb_value`,`value6_str_value`,`value6_sttyp_value`,`value6_unid_value`,`value6_unit_value`,`value6_zip_value`,`value6_adl_code`,`value6_bns_code`,`value6_bns_codesystem`,`value6_dal_code`,`value6_dal_codesystem`,`value6_int_code`,`value6_int_codesystem`,`value6_stb_code`,`value6_stb_codesystem`,`value6_zip_codesystem`,`value6_zip_code`,`ad_datatype_value8_id`) VALUES 
 (1,NULL,NULL,NULL,NULL,NULL,NULL,NULL,NULL,NULL,NULL,NULL,NULL,NULL,NULL,NULL,NULL,NULL,NULL,NULL,NULL,NULL,NULL,NULL,NULL,NULL,NULL,NULL,NULL,NULL,NULL,NULL,NULL,NULL,NULL,NULL,NULL,NULL,NULL,NULL,NULL,NULL,NULL,NULL,NULL,NULL,NULL,NULL,NULL,NULL,NULL,NULL,NULL,NULL,NULL,NULL,NULL,NULL,NULL,NULL,NULL,NULL),
 (2,0x31204A6566666572736F6E20537472656574,NULL,NULL,NULL,NULL,NULL,NULL,NULL,NULL,NULL,NULL,NULL,NULL,NULL,NULL,NULL,NULL,NULL,NULL,NULL,NULL,NULL,NULL,NULL,NULL,NULL,NULL,NULL,NULL,NULL,NULL,NULL,NULL,NULL,NULL,NULL,NULL,NULL,NULL,NULL,NULL,NULL,NULL,NULL,NULL,NULL,NULL,NULL,NULL,NULL,NULL,NULL,NULL,NULL,NULL,NULL,NULL,NULL,NULL,NULL,NULL),
 (3,0x322045204A6566666572736F6E20537472656574,NULL,NULL,NULL,NULL,NULL,NULL,NULL,NULL,NULL,NULL,NULL,NULL,NULL,NULL,NULL,NULL,NULL,NULL,NULL,NULL,NULL,NULL,NULL,NULL,NULL,NULL,NULL,NULL,NULL,NULL,NULL,NULL,NULL,NULL,NULL,NULL,NULL,NULL,NULL,NULL,NULL,NULL,NULL,NULL,NULL,NULL,NULL,NULL,NULL,NULL,NULL,NULL,NULL,NULL,NULL,NULL,NULL,NULL,NULL,NULL),
 (4,0x33204A6566666572736F6E20537472656574,NULL,NULL,NULL,NULL,NULL,NULL,NULL,NULL,NULL,NULL,NULL,NULL,NULL,NULL,NULL,NULL,NULL,NULL,NULL,NULL,NULL,NULL,NULL,NULL,NULL,NULL,NULL,NULL,NULL,NULL,NULL,NULL,NULL,NULL,NULL,NULL,NULL,NULL,NULL,NULL,NULL,NULL,NULL,NULL,NULL,NULL,NULL,NULL,NULL,NULL,NULL,NULL,NULL,NULL,NULL,NULL,NULL,NULL,NULL,NULL),
 (5,0x342053756E20537472656574,NULL,NULL,NULL,NULL,NULL,NULL,NULL,NULL,NULL,NULL,NULL,NULL,NULL,NULL,NULL,NULL,NULL,NULL,NULL,NULL,NULL,NULL,NULL,NULL,NULL,NULL,NULL,NULL,NULL,NULL,NULL,NULL,NULL,NULL,NULL,NULL,NULL,NULL,NULL,NULL,NULL,NULL,NULL,NULL,NULL,NULL,NULL,NULL,NULL,NULL,NULL,NULL,NULL,NULL,NULL,NULL,NULL,NULL,NULL,NULL),
 (6,0x352053756E20537472656574,NULL,NULL,NULL,NULL,NULL,NULL,NULL,NULL,NULL,NULL,NULL,NULL,NULL,NULL,NULL,NULL,NULL,NULL,NULL,NULL,NULL,NULL,NULL,NULL,NULL,NULL,NULL,NULL,NULL,NULL,NULL,NULL,NULL,NULL,NULL,NULL,NULL,NULL,NULL,NULL,NULL,NULL,NULL,NULL,NULL,NULL,NULL,NULL,NULL,NULL,NULL,NULL,NULL,NULL,NULL,NULL,NULL,NULL,NULL,NULL),
 (7,NULL,0x35746820466C6F6F72,NULL,NULL,NULL,NULL,NULL,NULL,NULL,NULL,NULL,NULL,NULL,NULL,NULL,NULL,NULL,NULL,NULL,NULL,NULL,NULL,NULL,NULL,NULL,NULL,NULL,NULL,NULL,NULL,NULL,NULL,NULL,NULL,NULL,NULL,NULL,NULL,NULL,NULL,NULL,NULL,NULL,NULL,NULL,NULL,NULL,NULL,NULL,NULL,NULL,NULL,NULL,NULL,NULL,NULL,NULL,NULL,NULL,NULL,NULL),
 (8,NULL,0x36746820466C6F6F72,NULL,NULL,NULL,NULL,NULL,NULL,NULL,NULL,NULL,NULL,NULL,NULL,NULL,NULL,NULL,NULL,NULL,NULL,NULL,NULL,NULL,NULL,NULL,NULL,NULL,NULL,NULL,NULL,NULL,NULL,NULL,NULL,NULL,NULL,NULL,NULL,NULL,NULL,NULL,NULL,NULL,NULL,NULL,NULL,NULL,NULL,NULL,NULL,NULL,NULL,NULL,NULL,NULL,NULL,NULL,NULL,NULL,NULL,NULL),
 (9,NULL,0x37746820466C6F6F72,NULL,NULL,NULL,NULL,NULL,NULL,NULL,NULL,NULL,NULL,NULL,NULL,NULL,NULL,NULL,NULL,NULL,NULL,NULL,NULL,NULL,NULL,NULL,NULL,NULL,NULL,NULL,NULL,NULL,NULL,NULL,NULL,NULL,NULL,NULL,NULL,NULL,NULL,NULL,NULL,NULL,NULL,NULL,NULL,NULL,NULL,NULL,NULL,NULL,NULL,NULL,NULL,NULL,NULL,NULL,NULL,NULL,NULL,NULL),
 (10,NULL,0x38746820466C6F6F72,0x4E434935,NULL,NULL,NULL,NULL,NULL,NULL,NULL,NULL,NULL,NULL,NULL,NULL,NULL,NULL,NULL,NULL,NULL,NULL,NULL,NULL,NULL,NULL,NULL,NULL,NULL,NULL,NULL,NULL,NULL,NULL,NULL,NULL,NULL,NULL,NULL,NULL,NULL,NULL,NULL,NULL,NULL,NULL,NULL,NULL,NULL,NULL,NULL,NULL,NULL,NULL,NULL,NULL,NULL,NULL,NULL,NULL,NULL,NULL),
 (11,NULL,0x39746820466C6F6F72,0x4E434936,NULL,NULL,NULL,NULL,NULL,NULL,NULL,NULL,NULL,NULL,NULL,NULL,NULL,NULL,NULL,NULL,NULL,NULL,NULL,NULL,NULL,NULL,NULL,NULL,NULL,NULL,NULL,NULL,NULL,NULL,NULL,NULL,NULL,NULL,NULL,NULL,NULL,NULL,NULL,NULL,NULL,NULL,NULL,NULL,NULL,NULL,NULL,NULL,NULL,NULL,NULL,NULL,NULL,NULL,NULL,NULL,NULL,NULL),
 (12,NULL,NULL,NULL,0x45204A6566666572736F6E20537472656574,NULL,NULL,NULL,NULL,NULL,NULL,NULL,NULL,NULL,NULL,NULL,NULL,NULL,NULL,NULL,NULL,NULL,NULL,NULL,NULL,NULL,NULL,NULL,NULL,NULL,NULL,NULL,NULL,NULL,NULL,NULL,NULL,NULL,NULL,NULL,NULL,NULL,NULL,NULL,NULL,NULL,NULL,NULL,NULL,NULL,NULL,NULL,NULL,NULL,NULL,NULL,NULL,NULL,NULL,NULL,NULL,NULL),
 (13,NULL,NULL,NULL,0x45204A6566666572736F6E20537472656574,0x4E4349,NULL,NULL,NULL,NULL,NULL,NULL,NULL,NULL,NULL,NULL,NULL,NULL,NULL,NULL,NULL,NULL,NULL,NULL,NULL,NULL,NULL,NULL,NULL,NULL,NULL,NULL,NULL,NULL,NULL,NULL,NULL,NULL,NULL,NULL,NULL,NULL,NULL,NULL,NULL,NULL,NULL,NULL,NULL,NULL,NULL,NULL,NULL,NULL,NULL,NULL,NULL,NULL,NULL,NULL,NULL,NULL),
 (14,NULL,NULL,NULL,0x4A6566666572736F6E20537472656574,0x4E434931,0x636F646553797374656D31,NULL,NULL,NULL,NULL,NULL,NULL,NULL,NULL,NULL,NULL,NULL,NULL,NULL,NULL,NULL,NULL,NULL,NULL,NULL,NULL,NULL,NULL,NULL,NULL,NULL,NULL,NULL,NULL,NULL,NULL,NULL,NULL,NULL,NULL,NULL,NULL,NULL,NULL,NULL,NULL,NULL,NULL,NULL,NULL,NULL,NULL,NULL,NULL,NULL,NULL,NULL,NULL,NULL,NULL,NULL),
 (15,NULL,NULL,NULL,0x46204A6566666572736F6E20537472656574,0x4E434932,0x636F646553797374656D32,NULL,NULL,NULL,NULL,NULL,NULL,NULL,NULL,NULL,NULL,NULL,NULL,NULL,NULL,NULL,NULL,NULL,NULL,NULL,NULL,NULL,NULL,NULL,NULL,NULL,NULL,NULL,NULL,NULL,NULL,NULL,NULL,NULL,NULL,NULL,NULL,NULL,NULL,NULL,NULL,NULL,NULL,NULL,NULL,NULL,NULL,NULL,NULL,NULL,NULL,NULL,NULL,NULL,NULL,NULL),
 (16,NULL,NULL,NULL,0x47204A6566666572736F6E20537472656574,0x4E434933,0x636F646553797374656D33,NULL,NULL,NULL,NULL,NULL,NULL,NULL,NULL,NULL,NULL,NULL,NULL,NULL,NULL,NULL,NULL,NULL,NULL,NULL,NULL,NULL,NULL,NULL,NULL,NULL,NULL,NULL,NULL,NULL,NULL,NULL,NULL,NULL,NULL,NULL,NULL,NULL,NULL,NULL,NULL,NULL,NULL,NULL,NULL,NULL,NULL,NULL,NULL,NULL,NULL,NULL,NULL,NULL,NULL,NULL),
 (17,NULL,NULL,NULL,NULL,NULL,NULL,0x45204A6566666572736F6E20537472656574,NULL,0x4E434931,NULL,0x636F646553797374656D31,NULL,NULL,NULL,NULL,NULL,NULL,NULL,NULL,NULL,NULL,NULL,NULL,NULL,NULL,NULL,NULL,NULL,NULL,NULL,NULL,NULL,NULL,NULL,NULL,NULL,NULL,NULL,NULL,NULL,NULL,NULL,NULL,NULL,NULL,NULL,NULL,NULL,NULL,NULL,NULL,NULL,NULL,NULL,NULL,NULL,NULL,NULL,NULL,NULL,NULL),
 (18,NULL,NULL,NULL,NULL,NULL,NULL,0x46204A6566666572736F6E20537472656574,NULL,0x4E434932,NULL,0x636F646553797374656D32,NULL,NULL,NULL,NULL,NULL,NULL,NULL,NULL,NULL,NULL,NULL,NULL,NULL,NULL,NULL,NULL,NULL,NULL,NULL,NULL,NULL,NULL,NULL,NULL,NULL,NULL,NULL,NULL,NULL,NULL,NULL,NULL,NULL,NULL,NULL,NULL,NULL,NULL,NULL,NULL,NULL,NULL,NULL,NULL,NULL,NULL,NULL,NULL,NULL,NULL),
 (19,NULL,NULL,NULL,NULL,NULL,NULL,NULL,0x45204A6566666572736F6E20537472656574,NULL,0x4E43492D444331,NULL,0x636F646553797374656D32,NULL,NULL,NULL,NULL,NULL,NULL,NULL,NULL,NULL,NULL,NULL,NULL,NULL,NULL,NULL,NULL,NULL,NULL,NULL,NULL,NULL,NULL,NULL,NULL,NULL,NULL,NULL,NULL,NULL,NULL,NULL,NULL,NULL,NULL,NULL,NULL,NULL,NULL,NULL,NULL,NULL,NULL,NULL,NULL,NULL,NULL,NULL,NULL,NULL),
 (20,NULL,NULL,NULL,NULL,NULL,NULL,0x46204A6566666572736F6E20537472656574,0x46204A6566666572736F6E20537472656574,NULL,0x4E43492D444332,NULL,0x636F646553797374656D32,NULL,NULL,NULL,NULL,NULL,NULL,NULL,NULL,NULL,NULL,NULL,NULL,NULL,NULL,NULL,NULL,NULL,NULL,NULL,NULL,NULL,NULL,NULL,NULL,NULL,NULL,NULL,NULL,NULL,NULL,NULL,NULL,NULL,NULL,NULL,NULL,NULL,NULL,NULL,NULL,NULL,NULL,NULL,NULL,NULL,NULL,NULL,NULL,NULL),
 (21,NULL,NULL,NULL,NULL,NULL,NULL,0x47204A6566666572736F6E20537472656574,0x47204A6566666572736F6E20537472656574,0x4E434933,0x4E43492D444333,NULL,0x636F646553797374656D32,NULL,NULL,NULL,NULL,NULL,NULL,NULL,NULL,NULL,NULL,NULL,NULL,NULL,NULL,NULL,NULL,NULL,NULL,NULL,NULL,NULL,NULL,NULL,NULL,NULL,NULL,NULL,NULL,NULL,NULL,NULL,NULL,NULL,NULL,NULL,NULL,NULL,NULL,NULL,NULL,NULL,NULL,NULL,NULL,NULL,NULL,NULL,NULL,NULL),
 (22,NULL,NULL,NULL,NULL,NULL,NULL,0x48204A6566666572736F6E20537472656574,0x48204A6566666572736F6E20537472656574,0x4E434934,0x4E43492D444334,0x636F646553797374656D34,0x636F646553797374656D32,NULL,NULL,NULL,NULL,NULL,NULL,NULL,NULL,NULL,NULL,NULL,NULL,NULL,NULL,NULL,NULL,NULL,NULL,NULL,NULL,NULL,NULL,NULL,NULL,NULL,NULL,NULL,NULL,NULL,NULL,NULL,NULL,NULL,NULL,NULL,NULL,NULL,NULL,NULL,NULL,NULL,NULL,NULL,NULL,NULL,NULL,NULL,NULL,NULL),
 (23,NULL,NULL,NULL,NULL,NULL,NULL,0x49204A6566666572736F6E20537472656574,0x49204A6566666572736F6E20537472656574,0x4E434935,0x4E43492D444335,0x636F646553797374656D35,0x636F646553797374656D32,NULL,NULL,NULL,NULL,NULL,NULL,NULL,NULL,NULL,NULL,NULL,NULL,NULL,NULL,NULL,NULL,NULL,NULL,NULL,NULL,NULL,NULL,NULL,NULL,NULL,NULL,NULL,NULL,NULL,NULL,NULL,NULL,NULL,NULL,NULL,NULL,NULL,NULL,NULL,NULL,NULL,NULL,NULL,NULL,NULL,NULL,NULL,NULL,NULL),
 (24,NULL,NULL,NULL,NULL,NULL,NULL,NULL,NULL,NULL,NULL,NULL,NULL,0x41646472657373206C696E6531,NULL,NULL,NULL,0x44656C6976657279206C696E6531,NULL,0x526F636B76696C6C65,NULL,NULL,NULL,NULL,NULL,NULL,NULL,NULL,NULL,NULL,NULL,NULL,NULL,NULL,NULL,NULL,NULL,NULL,NULL,NULL,NULL,NULL,NULL,NULL,NULL,NULL,NULL,NULL,NULL,NULL,NULL,NULL,NULL,NULL,NULL,NULL,NULL,NULL,NULL,NULL,NULL,NULL),
 (25,NULL,NULL,NULL,NULL,NULL,NULL,NULL,NULL,NULL,NULL,NULL,NULL,0x41646472657373206C696E6531,0x414C5F434F444531,NULL,0x44414C5F434F444531,0x44656C6976657279206C696E6531,NULL,0x526F636B76696C6C65,0x434954595F434F444531,NULL,NULL,NULL,NULL,NULL,NULL,NULL,NULL,NULL,NULL,NULL,NULL,NULL,NULL,NULL,NULL,NULL,NULL,NULL,NULL,NULL,NULL,NULL,NULL,NULL,NULL,NULL,NULL,NULL,NULL,NULL,NULL,NULL,NULL,NULL,NULL,NULL,NULL,NULL,NULL,NULL),
 (26,NULL,NULL,NULL,NULL,NULL,NULL,NULL,NULL,NULL,NULL,NULL,NULL,0x41646472657373206C696E6531,NULL,0x414C5F434F44455F53595354454D31,NULL,0x44656C6976657279206C696E6531,0x44414C5F434F44455F53595354454D31,0x526F636B76696C6C65,NULL,0x434954595F434F44455F53595354454D,NULL,NULL,NULL,NULL,NULL,NULL,NULL,NULL,NULL,NULL,NULL,NULL,NULL,NULL,NULL,NULL,NULL,NULL,NULL,NULL,NULL,NULL,NULL,NULL,NULL,NULL,NULL,NULL,NULL,NULL,NULL,NULL,NULL,NULL,NULL,NULL,NULL,NULL,NULL,NULL),
 (27,NULL,NULL,NULL,NULL,NULL,NULL,NULL,NULL,NULL,NULL,NULL,NULL,0x41646472657373206C696E6531,0x414C5F434F444532,0x414C5F434F44455F53595354454D31,0x44414C5F434F444532,0x44656C6976657279206C696E6531,0x44414C5F434F44455F53595354454D32,0x526F636B76696C6C65,0x434954595F434F444532,0x434954595F434F44455F53595354454D,NULL,NULL,NULL,NULL,NULL,NULL,NULL,NULL,NULL,NULL,NULL,NULL,NULL,NULL,NULL,NULL,NULL,NULL,NULL,NULL,NULL,NULL,NULL,NULL,NULL,NULL,NULL,NULL,NULL,NULL,NULL,NULL,NULL,NULL,NULL,NULL,NULL,NULL,NULL,NULL),
 (28,NULL,NULL,NULL,NULL,NULL,NULL,NULL,NULL,NULL,NULL,NULL,NULL,0x41646472657373206C696E6531,0x414C5F434F444533,0x414C5F434F44455F53595354454D31,0x44414C5F434F444533,0x44656C6976657279206C696E6531,0x44414C5F434F44455F53595354454D33,0x526F636B76696C6C65,0x434954595F434F444533,0x434954595F434F44455F53595354454D,NULL,NULL,NULL,NULL,NULL,NULL,NULL,NULL,NULL,NULL,NULL,NULL,NULL,NULL,NULL,NULL,NULL,NULL,NULL,NULL,NULL,NULL,NULL,NULL,NULL,NULL,NULL,NULL,NULL,NULL,NULL,NULL,NULL,NULL,NULL,NULL,NULL,NULL,NULL,NULL),
 (29,NULL,NULL,NULL,NULL,NULL,NULL,NULL,NULL,NULL,NULL,NULL,NULL,NULL,NULL,NULL,NULL,NULL,NULL,NULL,NULL,NULL,0x56414C5545365F41444C5F56414C554531,0x56414C5545365F414C5F56414C554531,0x56414C5545365F424E4E5F56414C554531,0x56414C5545365F424E525F56414C554531,0x56414C5545365F424E535F56414C554531,0x56414C5545365F4341525F56414C554531,0x56414C5545365F43454E5F56414C554531,0x56414C5545365F434E545F56414C554531,0x56414C5545365F4350415F56414C554531,0x56414C5545365F4354595F56414C554531,0x56414C5545365F44414C5F56414C554531,0x56414C5545365F44454C5F56414C554531,0x56414C5545365F44494E5354415F56414C554531,0x56414C5545365F44494E5354515F56414C554531,0x56414C5545365F4449525F56414C554531,0x56414C5545365F444D4F445F56414C554531,0x56414C5545365F444D4F4449445F56414C554531,0x56414C5545365F494E545F56414C554531,0x56414C5545365F504F425F56414C554531,0x56414C5545365F5052455F56414C554531,0x56414C5545365F53414C5F56414C554531,0x56414C5545365F5354415F56414C554531,0x56414C5545365F5354425F56414C554531,0x56414C5545365F5354525F56414C554531,0x56414C5545365F53545459505F56414C554531,0x56414C5545365F554E49445F56414C554531,0x56414C5545365F554E49545F56414C554531,0x56414C5545365F5A49505F56414C554531,0x56414C5545365F41444C5F434F444531,0x56414C5545365F424E535F434F444531,0x56414C5545365F424E535F434F444553595354454D31,0x56414C5545365F44414C5F434F444531,0x56414C5545365F44414C5F434F444553595354454D31,0x56414C5545365F494E545F434F444531,0x56414C5545365F494E545F434F444553595354454D31,0x56414C5545365F5354425F434F444531,0x56414C5545365F5354425F434F444553595354454D31,0x56414C5545365F5A49505F434F444553595354454D31,0x56414C5545365F5A49505F434F444531,NULL),
 (30,NULL,NULL,NULL,NULL,NULL,NULL,NULL,NULL,NULL,NULL,NULL,NULL,NULL,NULL,NULL,NULL,NULL,NULL,NULL,NULL,NULL,0x56414C5545365F41444C5F56414C554532,0x56414C5545365F414C5F56414C554532,0x56414C5545365F424E4E5F56414C554532,0x56414C5545365F424E525F56414C554532,0x56414C5545365F424E535F56414C554532,0x56414C5545365F4341525F56414C554532,0x56414C5545365F43454E5F56414C554532,0x56414C5545365F434E545F56414C554532,0x56414C5545365F4350415F56414C554532,0x56414C5545365F4354595F56414C554532,0x56414C5545365F44414C5F56414C554532,0x56414C5545365F44454C5F56414C554532,0x56414C5545365F44494E5354415F56414C554532,0x56414C5545365F44494E5354515F56414C554532,0x56414C5545365F4449525F56414C554532,0x56414C5545365F444D4F445F56414C554532,0x56414C5545365F444D4F4449445F56414C554532,0x56414C5545365F494E545F56414C554532,0x56414C5545365F504F425F56414C554532,0x56414C5545365F5052455F56414C554532,0x56414C5545365F53414C5F56414C554532,0x56414C5545365F5354415F56414C554532,0x56414C5545365F5354425F56414C554532,0x56414C5545365F5354525F56414C554532,0x56414C5545365F53545459505F56414C554532,0x56414C5545365F554E49445F56414C554532,0x56414C5545365F554E49545F56414C554532,0x56414C5545365F5A49505F56414C554532,0x56414C5545365F41444C5F434F444532,0x56414C5545365F424E535F434F444532,0x56414C5545365F424E535F434F444553595354454D32,0x56414C5545365F44414C5F434F444532,0x56414C5545365F44414C5F434F444553595354454D32,0x56414C5545365F494E545F434F444532,0x56414C5545365F494E545F434F444553595354454D32,0x56414C5545365F5354425F434F444532,0x56414C5545365F5354425F434F444553595354454D32,0x56414C5545365F5A49505F434F444553595354454D32,0x56414C5545365F5A49505F434F444532,NULL),
 (31,NULL,NULL,NULL,NULL,NULL,NULL,NULL,NULL,NULL,NULL,NULL,NULL,NULL,NULL,NULL,NULL,NULL,NULL,NULL,NULL,NULL,0x56414C5545365F41444C5F56414C554533,0x56414C5545365F414C5F56414C554533,0x56414C5545365F424E4E5F56414C554533,0x56414C5545365F424E525F56414C554533,0x56414C5545365F424E535F56414C554533,0x56414C5545365F4341525F56414C554533,0x56414C5545365F43454E5F56414C554533,0x56414C5545365F434E545F56414C554533,0x56414C5545365F4350415F56414C554533,0x56414C5545365F4354595F56414C554533,0x56414C5545365F44414C5F56414C554533,0x56414C5545365F44454C5F56414C554533,0x56414C5545365F44494E5354415F56414C554533,0x56414C5545365F44494E5354515F56414C554533,0x56414C5545365F4449525F56414C554533,0x56414C5545365F444D4F445F56414C554533,0x56414C5545365F444D4F4449445F56414C554533,0x56414C5545365F494E545F56414C554533,0x56414C5545365F504F425F56414C554533,0x56414C5545365F5052455F56414C554533,0x56414C5545365F53414C5F56414C554533,0x56414C5545365F5354415F56414C554533,0x56414C5545365F5354425F56414C554533,0x56414C5545365F5354525F56414C554533,0x56414C5545365F53545459505F56414C554533,0x56414C5545365F554E49445F56414C554533,0x56414C5545365F554E49545F56414C554533,0x56414C5545365F5A49505F56414C554533,0x56414C5545365F41444C5F434F444533,0x56414C5545365F424E535F434F444533,0x56414C5545365F424E535F434F444553595354454D33,0x56414C5545365F44414C5F434F444533,0x56414C5545365F44414C5F434F444553595354454D33,0x56414C5545365F494E545F434F444533,0x56414C5545365F494E545F434F444553595354454D33,0x56414C5545365F5354425F434F444533,0x56414C5545365F5354425F434F444553595354454D33,0x56414C5545365F5A49505F434F444553595354454D33,0x56414C5545365F5A49505F434F444533,NULL),
 (32,NULL,NULL,NULL,NULL,NULL,NULL,NULL,NULL,NULL,NULL,NULL,NULL,NULL,NULL,NULL,NULL,NULL,NULL,NULL,NULL,NULL,0x56414C5545365F41444C5F56414C554534,0x56414C5545365F414C5F56414C554534,0x56414C5545365F424E4E5F56414C554534,0x56414C5545365F424E525F56414C554534,0x56414C5545365F424E535F56414C554534,0x56414C5545365F4341525F56414C554534,0x56414C5545365F43454E5F56414C554534,0x56414C5545365F434E545F56414C554534,0x56414C5545365F4350415F56414C554534,0x56414C5545365F4354595F56414C554534,0x56414C5545365F44414C5F56414C554534,0x56414C5545365F44454C5F56414C554534,0x56414C5545365F44494E5354415F56414C554534,0x56414C5545365F44494E5354515F56414C554534,0x56414C5545365F4449525F56414C554534,0x56414C5545365F444D4F445F56414C554534,0x56414C5545365F444D4F4449445F56414C554534,0x56414C5545365F494E545F56414C554534,0x56414C5545365F504F425F56414C554534,0x56414C5545365F5052455F56414C554534,0x56414C5545365F53414C5F56414C554534,0x56414C5545365F5354415F56414C554534,0x56414C5545365F5354425F56414C554534,0x56414C5545365F5354525F56414C554534,0x56414C5545365F53545459505F56414C554534,0x56414C5545365F554E49445F56414C554534,0x56414C5545365F554E49545F56414C554534,0x56414C5545365F5A49505F56414C554534,0x56414C5545365F41444C5F434F444534,0x56414C5545365F424E535F434F444534,0x56414C5545365F424E535F434F444553595354454D34,0x56414C5545365F44414C5F434F444534,0x56414C5545365F44414C5F434F444553595354454D34,0x56414C5545365F494E545F434F444534,0x56414C5545365F494E545F434F444553595354454D34,0x56414C5545365F5354425F434F444534,0x56414C5545365F5354425F434F444553595354454D34,0x56414C5545365F5A49505F434F444553595354454D34,0x56414C5545365F5A49505F434F444534,NULL),
 (33,NULL,NULL,NULL,NULL,NULL,NULL,NULL,NULL,NULL,NULL,NULL,NULL,NULL,NULL,NULL,NULL,NULL,NULL,NULL,NULL,NULL,0x56414C5545365F41444C5F56414C554535,0x56414C5545365F414C5F56414C554535,0x56414C5545365F424E4E5F56414C554535,0x56414C5545365F424E525F56414C554535,0x56414C5545365F424E535F56414C554535,0x56414C5545365F4341525F56414C554535,0x56414C5545365F43454E5F56414C554535,0x56414C5545365F434E545F56414C554535,0x56414C5545365F4350415F56414C554535,0x56414C5545365F4354595F56414C554535,0x56414C5545365F44414C5F56414C554535,0x56414C5545365F44454C5F56414C554535,0x56414C5545365F44494E5354415F56414C554535,0x56414C5545365F44494E5354515F56414C554535,0x56414C5545365F4449525F56414C554535,0x56414C5545365F444D4F445F56414C554535,0x56414C5545365F444D4F4449445F56414C554535,0x56414C5545365F494E545F56414C554535,0x56414C5545365F504F425F56414C554535,0x56414C5545365F5052455F56414C554535,0x56414C5545365F53414C5F56414C554535,0x56414C5545365F5354415F56414C554535,0x56414C5545365F5354425F56414C554535,0x56414C5545365F5354525F56414C554535,0x56414C5545365F53545459505F56414C554535,0x56414C5545365F554E49445F56414C554535,0x56414C5545365F554E49545F56414C554535,0x56414C5545365F5A49505F56414C554535,0x56414C5545365F41444C5F434F444535,0x56414C5545365F424E535F434F444535,0x56414C5545365F424E535F434F444553595354454D35,0x56414C5545365F44414C5F434F444535,0x56414C5545365F44414C5F434F444553595354454D35,0x56414C5545365F494E545F434F444535,0x56414C5545365F494E545F434F444553595354454D35,0x56414C5545365F5354425F434F444535,0x56414C5545365F5354425F434F444553595354454D35,0x56414C5545365F5A49505F434F444553595354454D35,0x56414C5545365F5A49505F434F444535,NULL),
 (34,NULL,NULL,NULL,NULL,NULL,NULL,NULL,NULL,NULL,NULL,NULL,NULL,NULL,NULL,NULL,NULL,NULL,NULL,NULL,NULL,NULL,NULL,NULL,NULL,NULL,NULL,NULL,NULL,NULL,NULL,NULL,NULL,NULL,NULL,NULL,NULL,NULL,NULL,NULL,NULL,NULL,NULL,NULL,NULL,NULL,NULL,NULL,NULL,NULL,NULL,NULL,NULL,NULL,NULL,NULL,NULL,NULL,NULL,NULL,NULL,NULL),
 (35,NULL,NULL,NULL,NULL,NULL,NULL,NULL,NULL,NULL,NULL,NULL,NULL,NULL,NULL,NULL,NULL,NULL,NULL,NULL,NULL,NULL,NULL,NULL,NULL,NULL,NULL,NULL,NULL,NULL,NULL,NULL,NULL,NULL,NULL,NULL,NULL,NULL,NULL,NULL,NULL,NULL,NULL,NULL,NULL,NULL,NULL,NULL,NULL,NULL,NULL,NULL,NULL,NULL,NULL,NULL,NULL,NULL,NULL,NULL,NULL,NULL),
 (36,NULL,NULL,NULL,NULL,NULL,NULL,NULL,NULL,NULL,NULL,NULL,NULL,NULL,NULL,NULL,NULL,NULL,NULL,NULL,NULL,NULL,NULL,NULL,NULL,NULL,NULL,NULL,NULL,NULL,NULL,NULL,NULL,NULL,NULL,NULL,NULL,NULL,NULL,NULL,NULL,NULL,NULL,NULL,NULL,NULL,NULL,NULL,NULL,NULL,NULL,NULL,NULL,NULL,NULL,NULL,NULL,NULL,NULL,NULL,NULL,NULL),
 (37,NULL,NULL,NULL,NULL,NULL,NULL,NULL,NULL,NULL,NULL,NULL,NULL,NULL,NULL,NULL,NULL,NULL,NULL,NULL,NULL,NULL,NULL,NULL,NULL,NULL,NULL,NULL,NULL,NULL,NULL,NULL,NULL,NULL,NULL,NULL,NULL,NULL,NULL,NULL,NULL,NULL,NULL,NULL,NULL,NULL,NULL,NULL,NULL,NULL,NULL,NULL,NULL,NULL,NULL,NULL,NULL,NULL,NULL,NULL,NULL,NULL),
 (38,NULL,NULL,NULL,NULL,NULL,NULL,NULL,NULL,NULL,NULL,NULL,NULL,NULL,NULL,NULL,NULL,NULL,NULL,NULL,NULL,NULL,NULL,NULL,NULL,NULL,NULL,NULL,NULL,NULL,NULL,NULL,NULL,NULL,NULL,NULL,NULL,NULL,NULL,NULL,NULL,NULL,NULL,NULL,NULL,NULL,NULL,NULL,NULL,NULL,NULL,NULL,NULL,NULL,NULL,NULL,NULL,NULL,NULL,NULL,NULL,NULL),
 (39,NULL,NULL,NULL,NULL,NULL,NULL,NULL,NULL,NULL,NULL,NULL,NULL,NULL,NULL,NULL,NULL,NULL,NULL,NULL,NULL,NULL,NULL,NULL,NULL,NULL,NULL,NULL,NULL,NULL,NULL,NULL,NULL,NULL,NULL,NULL,NULL,NULL,NULL,NULL,NULL,NULL,NULL,NULL,NULL,NULL,NULL,NULL,NULL,NULL,NULL,NULL,NULL,NULL,NULL,NULL,NULL,NULL,NULL,NULL,NULL,1),
 (40,NULL,NULL,NULL,NULL,NULL,NULL,NULL,NULL,NULL,NULL,NULL,NULL,NULL,NULL,NULL,NULL,NULL,NULL,NULL,NULL,NULL,NULL,NULL,NULL,NULL,NULL,NULL,NULL,NULL,NULL,NULL,NULL,NULL,NULL,NULL,NULL,NULL,NULL,NULL,NULL,NULL,NULL,NULL,NULL,NULL,NULL,NULL,NULL,NULL,NULL,NULL,NULL,NULL,NULL,NULL,NULL,NULL,NULL,NULL,NULL,2),
 (41,NULL,NULL,NULL,NULL,NULL,NULL,NULL,NULL,NULL,NULL,NULL,NULL,NULL,NULL,NULL,NULL,NULL,NULL,NULL,NULL,NULL,NULL,NULL,NULL,NULL,NULL,NULL,NULL,NULL,NULL,NULL,NULL,NULL,NULL,NULL,NULL,NULL,NULL,NULL,NULL,NULL,NULL,NULL,NULL,NULL,NULL,NULL,NULL,NULL,NULL,NULL,NULL,NULL,NULL,NULL,NULL,NULL,NULL,NULL,NULL,3),
 (42,NULL,NULL,NULL,NULL,NULL,NULL,NULL,NULL,NULL,NULL,NULL,NULL,NULL,NULL,NULL,NULL,NULL,NULL,NULL,NULL,NULL,NULL,NULL,NULL,NULL,NULL,NULL,NULL,NULL,NULL,NULL,NULL,NULL,NULL,NULL,NULL,NULL,NULL,NULL,NULL,NULL,NULL,NULL,NULL,NULL,NULL,NULL,NULL,NULL,NULL,NULL,NULL,NULL,NULL,NULL,NULL,NULL,NULL,NULL,NULL,4),
 (43,NULL,NULL,NULL,NULL,NULL,NULL,NULL,NULL,NULL,NULL,NULL,NULL,NULL,NULL,NULL,NULL,NULL,NULL,NULL,NULL,NULL,NULL,NULL,NULL,NULL,NULL,NULL,NULL,NULL,NULL,NULL,NULL,NULL,NULL,NULL,NULL,NULL,NULL,NULL,NULL,NULL,NULL,NULL,NULL,NULL,NULL,NULL,NULL,NULL,NULL,NULL,NULL,NULL,NULL,NULL,NULL,NULL,NULL,NULL,NULL,5),
 (44,NULL,NULL,NULL,NULL,NULL,NULL,NULL,NULL,NULL,NULL,NULL,NULL,NULL,NULL,NULL,NULL,NULL,NULL,NULL,NULL,NULL,NULL,NULL,NULL,NULL,NULL,NULL,NULL,NULL,NULL,NULL,NULL,NULL,NULL,NULL,NULL,NULL,NULL,NULL,NULL,NULL,NULL,NULL,NULL,NULL,NULL,NULL,NULL,NULL,NULL,NULL,NULL,NULL,NULL,NULL,NULL,NULL,NULL,NULL,NULL,NULL),
 (45,NULL,NULL,NULL,NULL,NULL,NULL,NULL,NULL,NULL,NULL,NULL,NULL,NULL,NULL,NULL,NULL,NULL,NULL,NULL,NULL,NULL,NULL,NULL,NULL,NULL,NULL,NULL,NULL,NULL,NULL,NULL,NULL,NULL,NULL,NULL,NULL,NULL,NULL,NULL,NULL,NULL,NULL,NULL,NULL,NULL,NULL,NULL,NULL,NULL,NULL,NULL,NULL,NULL,NULL,NULL,NULL,NULL,NULL,NULL,NULL,NULL),
 (46,NULL,NULL,NULL,NULL,NULL,NULL,NULL,NULL,NULL,NULL,NULL,NULL,NULL,NULL,NULL,NULL,NULL,NULL,NULL,NULL,NULL,NULL,NULL,NULL,NULL,NULL,NULL,NULL,NULL,NULL,NULL,NULL,NULL,NULL,NULL,NULL,NULL,NULL,NULL,NULL,NULL,NULL,NULL,NULL,NULL,NULL,NULL,NULL,NULL,NULL,NULL,NULL,NULL,NULL,NULL,NULL,NULL,NULL,NULL,NULL,NULL),
 (47,NULL,NULL,NULL,NULL,NULL,NULL,NULL,NULL,NULL,NULL,NULL,NULL,NULL,NULL,NULL,NULL,NULL,NULL,NULL,NULL,NULL,NULL,NULL,NULL,NULL,NULL,NULL,NULL,NULL,NULL,NULL,NULL,NULL,NULL,NULL,NULL,NULL,NULL,NULL,NULL,NULL,NULL,NULL,NULL,NULL,NULL,NULL,NULL,NULL,NULL,NULL,NULL,NULL,NULL,NULL,NULL,NULL,NULL,NULL,NULL,NULL),
 (48,NULL,NULL,NULL,NULL,NULL,NULL,NULL,NULL,NULL,NULL,NULL,NULL,NULL,NULL,NULL,NULL,NULL,NULL,NULL,NULL,NULL,NULL,NULL,NULL,NULL,NULL,NULL,NULL,NULL,NULL,NULL,NULL,NULL,NULL,NULL,NULL,NULL,NULL,NULL,NULL,NULL,NULL,NULL,NULL,NULL,NULL,NULL,NULL,NULL,NULL,NULL,NULL,NULL,NULL,NULL,NULL,NULL,NULL,NULL,NULL,NULL);
/*!40000 ALTER TABLE `ad_datatype` ENABLE KEYS */;


--
-- Definition of table `ad_ad_datatype_value9`
--

DROP TABLE IF EXISTS `ad_ad_datatype_value9`;
CREATE TABLE `ad_ad_datatype_value9` (
  `ad_datatype_id` int(8) NOT NULL,
  `ad_datatype_value9_id` int(8) NOT NULL,
  PRIMARY KEY  (`ad_datatype_value9_id`,`ad_datatype_id`),
  KEY `fk_ad_ad_datatype__ad_datatype` (`ad_datatype_id`),
  CONSTRAINT `fk_ad_ad_datatype__ad_datatype` FOREIGN KEY (`ad_datatype_id`) REFERENCES `ad_datatype` (`id`) ON DELETE NO ACTION ON UPDATE NO ACTION,
  CONSTRAINT `fk_ad_ad_datatyp_ad_datatype_v` FOREIGN KEY (`ad_datatype_value9_id`) REFERENCES `ad_datatype_value9` (`id`) ON DELETE NO ACTION ON UPDATE NO ACTION
) ENGINE=InnoDB DEFAULT CHARSET=latin1;

--
-- Dumping data for table `ad_ad_datatype_value9`
--

/*!40000 ALTER TABLE `ad_ad_datatype_value9` DISABLE KEYS */;
INSERT INTO `ad_ad_datatype_value9` (`ad_datatype_id`,`ad_datatype_value9_id`) VALUES 
 (44,2),
 (45,2),
 (46,2),
 (47,2),
 (48,2);
/*!40000 ALTER TABLE `ad_ad_datatype_value9` ENABLE KEYS */;



--
-- Definition of table `ad_datatype_value7`
--

DROP TABLE IF EXISTS `ad_datatype_value7`;
CREATE TABLE `ad_datatype_value7` (
  `ad_datatype_id` int(8) default NULL,
  `al_value` varchar(50) character set latin1 collate latin1_bin default NULL,
  `al_code` varchar(50) character set latin1 collate latin1_bin default NULL,
  `al_codesystem` varchar(50) character set latin1 collate latin1_bin default NULL,
  `dal_code` varchar(50) character set latin1 collate latin1_bin default NULL,
  `dal_value` varchar(50) character set latin1 collate latin1_bin default NULL,
  `dal_codesystem` varchar(50) character set latin1 collate latin1_bin default NULL,
  `cty_value` varchar(50) character set latin1 collate latin1_bin default NULL,
  `cty_code` varchar(50) character set latin1 collate latin1_bin default NULL,
  `cty_codesystem` varchar(50) character set latin1 collate latin1_bin default NULL,
  KEY `fk_ad_datatype_val_ad_datatype` (`ad_datatype_id`),
  CONSTRAINT `fk_ad_datatype_val_ad_datatype` FOREIGN KEY (`ad_datatype_id`) REFERENCES `ad_datatype` (`id`) ON DELETE NO ACTION ON UPDATE NO ACTION
) ENGINE=InnoDB DEFAULT CHARSET=latin1;

--
-- Dumping data for table `ad_datatype_value7`
--

/*!40000 ALTER TABLE `ad_datatype_value7` DISABLE KEYS */;
INSERT INTO `ad_datatype_value7` (`ad_datatype_id`,`al_value`,`al_code`,`al_codesystem`,`dal_code`,`dal_value`,`dal_codesystem`,`cty_value`,`cty_code`,`cty_codesystem`) VALUES 
 (34,0x414C5F56414C554531,0x414C5F434F444531,0x414C5F434F444553595354454D31,NULL,NULL,NULL,NULL,NULL,NULL),
 (35,NULL,NULL,NULL,0x44414C5F434F444531,0x44414C5F56414C554531,0x44414C5F434F444553595354454D31,0x4354595F56414C554531,0x4354595F434F444531,0x4354595F434F444553595354454D31),
 (36,0x414C5F56414C554532,0x414C5F434F444532,0x414C5F434F444553595354454D32,0x44414C5F434F444532,0x44414C5F56414C554532,0x44414C5F434F444553595354454D32,NULL,NULL,NULL),
 (37,0x414C5F56414C554533,0x414C5F434F444533,0x414C5F434F444553595354454D33,0x44414C5F434F444533,0x44414C5F56414C554533,0x44414C5F434F444553595354454D33,0x4354595F56414C554533,0x4354595F434F444533,0x4354595F434F444553595354454D33),
 (38,0x414C5F56414C554534,0x414C5F434F444534,0x414C5F434F444553595354454D34,0x44414C5F434F444534,0x44414C5F56414C554534,0x44414C5F434F444553595354454D34,0x4354595F56414C554534,0x4354595F434F444534,0x4354595F434F444553595354454D34);
/*!40000 ALTER TABLE `ad_datatype_value7` ENABLE KEYS */;


--
-- Definition of table `ad_datatype_value8`
--

DROP TABLE IF EXISTS `ad_datatype_value8`;
CREATE TABLE `ad_datatype_value8` (
  `id` int(8) NOT NULL,
  `al_value` varchar(50) character set latin1 collate latin1_bin default NULL,
  `al_code` varchar(50) character set latin1 collate latin1_bin default NULL,
  `al_codesystem` varchar(50) character set latin1 collate latin1_bin default NULL,
  `dal_code` varchar(50) character set latin1 collate latin1_bin default NULL,
  `dal_value` varchar(50) character set latin1 collate latin1_bin default NULL,
  `dal_codesystem` varchar(50) character set latin1 collate latin1_bin default NULL,
  `cty_value` varchar(50) character set latin1 collate latin1_bin default NULL,
  `cty_code` varchar(50) character set latin1 collate latin1_bin default NULL,
  `cty_codesystem` varchar(50) character set latin1 collate latin1_bin default NULL,
  PRIMARY KEY  (`id`)
) ENGINE=InnoDB DEFAULT CHARSET=latin1;

--
-- Dumping data for table `ad_datatype_value8`
--

/*!40000 ALTER TABLE `ad_datatype_value8` DISABLE KEYS */;
INSERT INTO `ad_datatype_value8` (`id`,`al_value`,`al_code`,`al_codesystem`,`dal_code`,`dal_value`,`dal_codesystem`,`cty_value`,`cty_code`,`cty_codesystem`) VALUES 
 (1,0x414C5F56414C554531,0x414C5F434F444531,0x414C5F434F444553595354454D31,NULL,NULL,NULL,NULL,NULL,NULL),
 (2,NULL,NULL,NULL,0x44414C5F434F444531,0x44414C5F56414C554531,0x44414C5F434F444553595354454D31,0x4354595F56414C554531,0x4354595F434F444531,0x4354595F434F444553595354454D31),
 (3,0x414C5F56414C554532,0x414C5F434F444532,0x414C5F434F444553595354454D32,NULL,NULL,NULL,0x4354595F56414C554532,0x4354595F434F444532,0x4354595F434F444553595354454D32),
 (4,0x414C5F56414C554533,0x414C5F434F444533,0x414C5F434F444553595354454D33,0x44414C5F434F444533,0x44414C5F56414C554533,0x44414C5F434F444553595354454D33,NULL,NULL,NULL),
 (5,0x414C5F56414C554534,0x414C5F434F444534,0x414C5F434F444553595354454D34,0x44414C5F434F444534,0x44414C5F56414C554534,0x44414C5F434F444553595354454D34,0x4354595F56414C554534,0x4354595F434F444534,0x4354595F434F444553595354454D34);
/*!40000 ALTER TABLE `ad_datatype_value8` ENABLE KEYS */;


--
-- Definition of table `ad_datatype_value9`
--

DROP TABLE IF EXISTS `ad_datatype_value9`;
CREATE TABLE `ad_datatype_value9` (
  `id` int(8) NOT NULL,
  `al_value` varchar(50) character set latin1 collate latin1_bin default NULL,
  `al_code` varchar(50) character set latin1 collate latin1_bin default NULL,
  `al_codesystem` varchar(50) character set latin1 collate latin1_bin default NULL,
  `dal_code` varchar(50) character set latin1 collate latin1_bin default NULL,
  `dal_value` varchar(50) character set latin1 collate latin1_bin default NULL,
  `dal_codesystem` varchar(50) character set latin1 collate latin1_bin default NULL,
  `cty_value` varchar(50) character set latin1 collate latin1_bin default NULL,
  `cty_code` varchar(50) character set latin1 collate latin1_bin default NULL,
  `cty_codesystem` varchar(50) character set latin1 collate latin1_bin default NULL,
  PRIMARY KEY  (`id`)
) ENGINE=InnoDB DEFAULT CHARSET=latin1;

--
-- Dumping data for table `ad_datatype_value9`
--

/*!40000 ALTER TABLE `ad_datatype_value9` DISABLE KEYS */;
INSERT INTO `ad_datatype_value9` (`id`,`al_value`,`al_code`,`al_codesystem`,`dal_code`,`dal_value`,`dal_codesystem`,`cty_value`,`cty_code`,`cty_codesystem`) VALUES 
 (1,0x414C5F56414C554531,0x414C5F434F444531,0x414C5F434F444553595354454D31,NULL,NULL,NULL,NULL,NULL,NULL),
 (2,0x414C5F56414C554534,0x414C5F434F444534,0x414C5F434F444553595354454D34,0x44414C5F434F444534,0x44414C5F56414C554534,0x44414C5F434F444553595354454D34,0x4354595F56414C554534,0x4354595F434F444534,0x4354595F434F444553595354454D34);
/*!40000 ALTER TABLE `ad_datatype_value9` ENABLE KEYS */;


--
-- Definition of table `bl_datatype`
--

DROP TABLE IF EXISTS `bl_datatype`;
CREATE TABLE `bl_datatype` (
  `id` int(8) NOT NULL,
  `value1_value` varchar(1) character set latin1 collate latin1_bin default NULL,
  `value2_null_flavor` varchar(50) character set latin1 collate latin1_bin default NULL,
  `value2_value` varchar(1) character set latin1 collate latin1_bin default NULL,
  PRIMARY KEY  (`id`)
) ENGINE=InnoDB DEFAULT CHARSET=latin1;

--
-- Dumping data for table `bl_datatype`
--

/*!40000 ALTER TABLE `bl_datatype` DISABLE KEYS */;
INSERT INTO `bl_datatype` (`id`,`value1_value`,`value2_null_flavor`,`value2_value`) VALUES 
 (1,NULL,NULL,NULL),
 (2,0x31,NULL,NULL),
 (3,NULL,NULL,0x31),
 (4,NULL,0x494E56,0x30);
/*!40000 ALTER TABLE `bl_datatype` ENABLE KEYS */;


--
-- Definition of table `bl_nonnull_datatype`
--

DROP TABLE IF EXISTS `bl_nonnull_datatype`;
CREATE TABLE `bl_nonnull_datatype` (
  `id` int(8) NOT NULL,
  `value1_value` varchar(1) character set latin1 collate latin1_bin default NULL,
  PRIMARY KEY  (`id`)
) ENGINE=InnoDB DEFAULT CHARSET=latin1;

--
-- Dumping data for table `bl_nonnull_datatype`
--

/*!40000 ALTER TABLE `bl_nonnull_datatype` DISABLE KEYS */;
INSERT INTO `bl_nonnull_datatype` (`id`,`value1_value`) VALUES 
 (1,NULL),
 (2,0x31);
/*!40000 ALTER TABLE `bl_nonnull_datatype` ENABLE KEYS */;


--
-- Definition of table `cd_cd_datatype_value8`
--

DROP TABLE IF EXISTS `cd_cd_datatype_value8`;
CREATE TABLE `cd_cd_datatype_value8` (
  `cd_data_type_id` int(8) NOT NULL,
  `cd_datatype_value8_id` int(8) NOT NULL,
  PRIMARY KEY  (`cd_data_type_id`,`cd_datatype_value8_id`),
  KEY `fk_cd_cd_datatyp_cd_datatype_v` (`cd_datatype_value8_id`),
  CONSTRAINT `fk_cd_cd_datatype__cd_datatype` FOREIGN KEY (`cd_data_type_id`) REFERENCES `cd_datatype` (`id`) ON DELETE NO ACTION ON UPDATE NO ACTION,
  CONSTRAINT `fk_cd_cd_datatyp_cd_datatype_v` FOREIGN KEY (`cd_datatype_value8_id`) REFERENCES `cd_datatype_value8` (`id`) ON DELETE NO ACTION ON UPDATE NO ACTION
) ENGINE=InnoDB DEFAULT CHARSET=latin1;

--
-- Dumping data for table `cd_cd_datatype_value8`
--

/*!40000 ALTER TABLE `cd_cd_datatype_value8` DISABLE KEYS */;
INSERT INTO `cd_cd_datatype_value8` (`cd_data_type_id`,`cd_datatype_value8_id`) VALUES 
 (40,1),
 (41,1),
 (42,1),
 (43,1),
 (44,1);
/*!40000 ALTER TABLE `cd_cd_datatype_value8` ENABLE KEYS */;


--
-- Definition of table `cd_datatype`
--

DROP TABLE IF EXISTS `cd_datatype`;
CREATE TABLE `cd_datatype` (
  `id` int(8) NOT NULL,
  `value1_code` varchar(50) character set latin1 collate latin1_bin default NULL,
  `value2_null_flavor` varchar(50) character set latin1 collate latin1_bin default NULL,
  `value2_code` varchar(50) character set latin1 collate latin1_bin default NULL,
  `value3_code` varchar(50) character set latin1 collate latin1_bin default NULL,
  `value4_null_flavor` varchar(50) character set latin1 collate latin1_bin default NULL,
  `value4_code` varchar(50) character set latin1 collate latin1_bin default NULL,
  `value4_code_system` varchar(50) character set latin1 collate latin1_bin default NULL,
  `value4_code_system_version` varchar(50) character set latin1 collate latin1_bin default NULL,
  `value4_code_system_name` varchar(50) character set latin1 collate latin1_bin default NULL,
  `value4_display_null_flavor` varchar(50) character set latin1 collate latin1_bin default NULL,
  `value4_display_value` varchar(50) character set latin1 collate latin1_bin default NULL,
  `value4_orig_txt_null_flavor` varchar(50) character set latin1 collate latin1_bin default NULL,
  `value4_orig_txt_value` longtext character set latin1 collate latin1_bin,
  `value4_orig_txt_description` varchar(50) character set latin1 collate latin1_bin default NULL,
  `value5_null_flavor` varchar(50) character set latin1 collate latin1_bin default NULL,
  `value5_code` varchar(50) character set latin1 collate latin1_bin default NULL,
  `value5_code_system` varchar(50) character set latin1 collate latin1_bin default NULL,
  `value5_code_system_name` varchar(50) character set latin1 collate latin1_bin default NULL,
  `value5_code_system_version` varchar(50) character set latin1 collate latin1_bin default NULL,
  `value5_display_null_flavor` varchar(50) character set latin1 collate latin1_bin default NULL,
  `value5_display_value` varchar(50) character set latin1 collate latin1_bin default NULL,
  `value5_orig_txt_null_flavor` varchar(50) character set latin1 collate latin1_bin default NULL,
  `value5_orig_txt_value` longtext character set latin1 collate latin1_bin,
  `value5_orig_txt_description` varchar(50) character set latin1 collate latin1_bin default NULL,
  `cd_datatype_value7_id` int(8) default NULL,
  PRIMARY KEY  (`id`),
  KEY `fk_cd_datatype_value7` (`cd_datatype_value7_id`),
  CONSTRAINT `fk_cd_datatype_value7` FOREIGN KEY (`cd_datatype_value7_id`) REFERENCES `cd_datatype_value7` (`id`) ON DELETE NO ACTION ON UPDATE NO ACTION
) ENGINE=InnoDB DEFAULT CHARSET=latin1;

--
-- Dumping data for table `cd_datatype`
--

/*!40000 ALTER TABLE `cd_datatype` DISABLE KEYS */;
INSERT INTO `cd_datatype` (`id`,`value1_code`,`value2_null_flavor`,`value2_code`,`value3_code`,`value4_null_flavor`,`value4_code`,`value4_code_system`,`value4_code_system_version`,`value4_code_system_name`,`value4_display_null_flavor`,`value4_display_value`,`value4_orig_txt_null_flavor`,`value4_orig_txt_value`,`value4_orig_txt_description`,`value5_null_flavor`,`value5_code`,`value5_code_system`,`value5_code_system_name`,`value5_code_system_version`,`value5_display_null_flavor`,`value5_display_value`,`value5_orig_txt_null_flavor`,`value5_orig_txt_value`,`value5_orig_txt_description`,`cd_datatype_value7_id`) VALUES 
 (1,0x434F444531,NULL,NULL,NULL,NULL,NULL,NULL,NULL,NULL,NULL,NULL,NULL,NULL,NULL,NULL,NULL,NULL,NULL,NULL,NULL,NULL,NULL,NULL,NULL,NULL),
 (2,0x434F444532,NULL,NULL,NULL,NULL,NULL,NULL,NULL,NULL,NULL,NULL,NULL,NULL,NULL,NULL,NULL,NULL,NULL,NULL,NULL,NULL,NULL,NULL,NULL,NULL),
 (3,0x434F444533,NULL,NULL,NULL,NULL,NULL,NULL,NULL,NULL,NULL,NULL,NULL,NULL,NULL,NULL,NULL,NULL,NULL,NULL,NULL,NULL,NULL,NULL,NULL,NULL),
 (4,0x434F444534,NULL,NULL,NULL,NULL,NULL,NULL,NULL,NULL,NULL,NULL,NULL,NULL,NULL,NULL,NULL,NULL,NULL,NULL,NULL,NULL,NULL,NULL,NULL,NULL),
 (5,0x434F444535,NULL,NULL,NULL,NULL,NULL,NULL,NULL,NULL,NULL,NULL,NULL,NULL,NULL,NULL,NULL,NULL,NULL,NULL,NULL,NULL,NULL,NULL,NULL,NULL),
 (6,NULL,NULL,0x434F444531,NULL,NULL,NULL,NULL,NULL,NULL,NULL,NULL,NULL,NULL,NULL,NULL,NULL,NULL,NULL,NULL,NULL,NULL,NULL,NULL,NULL,NULL),
 (7,NULL,NULL,0x434F444532,NULL,NULL,NULL,NULL,NULL,NULL,NULL,NULL,NULL,NULL,NULL,NULL,NULL,NULL,NULL,NULL,NULL,NULL,NULL,NULL,NULL,NULL),
 (8,NULL,NULL,0x434F444533,NULL,NULL,NULL,NULL,NULL,NULL,NULL,NULL,NULL,NULL,NULL,NULL,NULL,NULL,NULL,NULL,NULL,NULL,NULL,NULL,NULL,NULL),
 (9,NULL,0x4E49,NULL,NULL,NULL,NULL,NULL,NULL,NULL,NULL,NULL,NULL,NULL,NULL,NULL,NULL,NULL,NULL,NULL,NULL,NULL,NULL,NULL,NULL,NULL),
 (10,NULL,0x4E49,NULL,NULL,NULL,NULL,NULL,NULL,NULL,NULL,NULL,NULL,NULL,NULL,NULL,NULL,NULL,NULL,NULL,NULL,NULL,NULL,NULL,NULL,NULL),
 (11,NULL,NULL,NULL,0x434F444531,NULL,NULL,NULL,NULL,NULL,NULL,NULL,NULL,NULL,NULL,NULL,NULL,NULL,NULL,NULL,NULL,NULL,NULL,NULL,NULL,NULL),
 (12,NULL,NULL,NULL,0x434F444532,NULL,NULL,NULL,NULL,NULL,NULL,NULL,NULL,NULL,NULL,NULL,NULL,NULL,NULL,NULL,NULL,NULL,NULL,NULL,NULL,NULL),
 (13,NULL,NULL,NULL,0x434F444533,NULL,NULL,NULL,NULL,NULL,NULL,NULL,NULL,NULL,NULL,NULL,NULL,NULL,NULL,NULL,NULL,NULL,NULL,NULL,NULL,NULL),
 (14,NULL,NULL,NULL,0x434F444534,NULL,NULL,NULL,NULL,NULL,NULL,NULL,NULL,NULL,NULL,NULL,NULL,NULL,NULL,NULL,NULL,NULL,NULL,NULL,NULL,NULL),
 (15,NULL,NULL,NULL,0x434F444535,NULL,NULL,NULL,NULL,NULL,NULL,NULL,NULL,NULL,NULL,NULL,NULL,NULL,NULL,NULL,NULL,NULL,NULL,NULL,NULL,NULL),
 (16,NULL,NULL,NULL,NULL,0x4E49,NULL,NULL,NULL,NULL,NULL,NULL,NULL,NULL,NULL,NULL,NULL,NULL,NULL,NULL,NULL,NULL,NULL,NULL,NULL,NULL),
 (17,NULL,NULL,NULL,NULL,NULL,0x434F444532,NULL,NULL,NULL,NULL,0x56414C5545345F444953504C41595F56414C554531,0x4E49,NULL,NULL,NULL,NULL,NULL,NULL,NULL,NULL,NULL,NULL,NULL,NULL,NULL),
 (18,NULL,NULL,NULL,NULL,NULL,0x434F444533,NULL,NULL,NULL,NULL,0x56414C5545345F444953504C41595F56414C554532,NULL,NULL,0x56414C5545345F4F5249475F5458545F4445534352495054494F4E31,NULL,NULL,NULL,NULL,NULL,NULL,NULL,NULL,NULL,NULL,NULL),
 (19,NULL,NULL,NULL,NULL,NULL,0x434F444534,NULL,NULL,NULL,NULL,0x56414C5545345F444953504C41595F56414C554532,NULL,0x56414C5545345F4F5249475F5458545F56414C554531,0x56414C5545345F4F5249475F5458545F4445534352495054494F4E32,NULL,NULL,NULL,NULL,NULL,NULL,NULL,NULL,NULL,NULL,NULL),
 (20,NULL,NULL,NULL,NULL,NULL,0x434F444535,0x56414C5545345F434F44455F53595354454D,NULL,NULL,NULL,0x56414C5545345F444953504C41595F56414C554533,NULL,0x56414C5545345F4F5249475F5458545F56414C554532,0x56414C5545345F4F5249475F5458545F4445534352495054494F4E33,NULL,NULL,NULL,NULL,NULL,NULL,NULL,NULL,NULL,NULL,NULL),
 (21,NULL,NULL,NULL,NULL,NULL,0x434F444536,0x56414C5545345F434F44455F53595354454D,NULL,NULL,NULL,0x56414C5545345F444953504C41595F56414C554534,NULL,0x56414C5545345F4F5249475F5458545F56414C554533,0x56414C5545345F4F5249475F5458545F4445534352495054494F4E34,NULL,NULL,NULL,NULL,NULL,NULL,NULL,NULL,NULL,NULL,NULL),
 (22,NULL,NULL,NULL,NULL,NULL,0x434F444537,0x56414C5545345F434F44455F53595354454D,0x56414C5545345F434F44455F53595354454D5F56455253494F4E31,NULL,NULL,0x56414C5545345F444953504C41595F56414C554534,NULL,0x56414C5545345F4F5249475F5458545F56414C554534,0x56414C5545345F4F5249475F5458545F4445534352495054494F4E35,NULL,NULL,NULL,NULL,NULL,NULL,NULL,NULL,NULL,NULL,NULL),
 (23,NULL,NULL,NULL,NULL,NULL,0x434F444538,0x56414C5545345F434F44455F53595354454D,0x56414C5545345F434F44455F53595354454D5F56455253494F4E31,0x56414C5545345F434F44455F53595354454D5F4E414D45,NULL,0x56414C5545345F444953504C41595F56414C554534,NULL,0x56414C5545345F4F5249475F5458545F56414C554535,0x56414C5545345F4F5249475F5458545F4445534352495054494F4E36,NULL,NULL,NULL,NULL,NULL,NULL,NULL,NULL,NULL,NULL,NULL),
 (24,NULL,NULL,NULL,NULL,NULL,NULL,NULL,NULL,NULL,NULL,NULL,NULL,NULL,NULL,NULL,0x434F444531,0x56414C5545355F434F44455F53595354454D31,NULL,NULL,NULL,NULL,NULL,NULL,NULL,NULL),
 (25,NULL,NULL,NULL,NULL,NULL,NULL,NULL,NULL,NULL,NULL,NULL,NULL,NULL,NULL,NULL,0x434F444532,0x56414C5545355F434F44455F53595354454D32,NULL,NULL,NULL,0x56414C5545355F444953504C41595F56414C554531,NULL,NULL,NULL,NULL),
 (26,NULL,NULL,NULL,NULL,NULL,NULL,NULL,NULL,NULL,NULL,NULL,NULL,NULL,NULL,NULL,0x434F444533,NULL,0x56414C5545355F434F44455F53595354454D5F4E414D4531,NULL,NULL,0x56414C5545355F444953504C41595F56414C554532,NULL,NULL,0x56414C5545355F4F5249475F5458545F4445534352495054494F4E31,NULL),
 (27,NULL,NULL,NULL,NULL,NULL,NULL,NULL,NULL,NULL,NULL,NULL,NULL,NULL,NULL,NULL,0x434F444534,0x56414C5545355F434F44455F53595354454D33,NULL,NULL,NULL,0x56414C5545355F444953504C41595F56414C554532,NULL,0x56414C5545355F4F5249475F5458545F56414C554531,0x56414C5545355F4F5249475F5458545F4445534352495054494F4E32,NULL),
 (28,NULL,NULL,NULL,NULL,NULL,NULL,NULL,NULL,NULL,NULL,NULL,NULL,NULL,NULL,NULL,0x434F444535,0x56414C5545355F434F44455F53595354454D,0x56414C5545355F434F44455F53595354454D5F4E414D4532,NULL,NULL,0x56414C5545355F444953504C41595F56414C554533,NULL,0x56414C5545355F4F5249475F5458545F56414C554532,0x56414C5545355F4F5249475F5458545F4445534352495054494F4E33,NULL),
 (29,NULL,NULL,NULL,NULL,NULL,NULL,NULL,NULL,NULL,NULL,NULL,NULL,NULL,NULL,NULL,0x434F444536,0x56414C5545355F434F44455F53595354454D,NULL,NULL,NULL,0x56414C5545355F444953504C41595F56414C554535,NULL,0x56414C5545355F4F5249475F5458545F56414C554533,0x56414C5545355F4F5249475F5458545F4445534352495054494F4E34,NULL),
 (30,NULL,NULL,NULL,NULL,NULL,NULL,NULL,NULL,NULL,NULL,NULL,NULL,NULL,NULL,NULL,0x434F444537,0x56414C5545355F434F44455F53595354454D,NULL,0x56414C5545355F434F44455F53595354454D5F56455253494F4E31,NULL,0x56414C5545355F444953504C41595F56414C554535,NULL,0x56414C5545355F4F5249475F5458545F56414C554535,0x56414C5545355F4F5249475F5458545F4445534352495054494F4E35,NULL),
 (31,NULL,NULL,NULL,NULL,NULL,NULL,NULL,NULL,NULL,NULL,NULL,NULL,NULL,NULL,NULL,0x434F444538,0x56414C5545355F434F44455F53595354454D,0x56414C5545355F434F44455F53595354454D5F4E414D45,0x56414C5545355F434F44455F53595354454D5F56455253494F4E31,NULL,0x56414C5545355F444953504C41595F56414C554535,NULL,0x56414C5545355F4F5249475F5458545F56414C554535,0x56414C5545355F4F5249475F5458545F4445534352495054494F4E36,NULL),
 (32,NULL,NULL,NULL,NULL,NULL,NULL,NULL,NULL,NULL,NULL,NULL,NULL,NULL,NULL,NULL,0x434F444531,0x56414C5545355F434F44455F53595354454D31,NULL,NULL,0x4E49,NULL,0x4E49,NULL,NULL,1),
 (33,NULL,NULL,NULL,NULL,NULL,NULL,NULL,NULL,NULL,NULL,NULL,NULL,NULL,NULL,NULL,0x434F444532,0x56414C5545355F434F44455F53595354454D32,NULL,NULL,NULL,0x56414C5545355F444953504C41595F56414C554531,0x4E49,NULL,NULL,2),
 (34,NULL,NULL,NULL,NULL,NULL,NULL,NULL,NULL,NULL,NULL,NULL,NULL,NULL,NULL,NULL,0x434F444533,NULL,0x56414C5545355F434F44455F53595354454D5F4E414D4531,NULL,NULL,0x56414C5545355F444953504C41595F56414C554532,NULL,NULL,0x56414C5545355F4F5249475F5458545F4445534352495054494F4E31,3),
 (35,NULL,NULL,NULL,NULL,NULL,NULL,NULL,NULL,NULL,NULL,NULL,NULL,NULL,NULL,NULL,0x434F444534,0x56414C5545355F434F44455F53595354454D33,NULL,NULL,NULL,0x56414C5545355F444953504C41595F56414C554532,NULL,0x56414C5545355F4F5249475F5458545F56414C554531,0x56414C5545355F4F5249475F5458545F4445534352495054494F4E32,4),
 (36,NULL,NULL,NULL,NULL,NULL,NULL,NULL,NULL,NULL,NULL,NULL,NULL,NULL,NULL,NULL,0x434F444535,0x56414C5545355F434F44455F53595354454D,0x56414C5545355F434F44455F53595354454D5F4E414D4532,NULL,NULL,0x56414C5545355F444953504C41595F56414C554533,NULL,0x56414C5545355F4F5249475F5458545F56414C554532,0x56414C5545355F4F5249475F5458545F4445534352495054494F4E33,5),
 (37,NULL,NULL,NULL,NULL,NULL,NULL,NULL,NULL,NULL,NULL,NULL,NULL,NULL,NULL,NULL,0x434F444536,0x56414C5545355F434F44455F53595354454D,NULL,NULL,NULL,0x56414C5545355F444953504C41595F56414C554535,NULL,0x56414C5545355F4F5249475F5458545F56414C554533,0x56414C5545355F4F5249475F5458545F4445534352495054494F4E34,6),
 (38,NULL,NULL,NULL,NULL,NULL,NULL,NULL,NULL,NULL,NULL,NULL,NULL,NULL,NULL,NULL,0x434F444537,0x56414C5545355F434F44455F53595354454D,NULL,0x56414C5545355F434F44455F53595354454D5F56455253494F4E31,NULL,0x56414C5545355F444953504C41595F56414C554535,NULL,0x56414C5545355F4F5249475F5458545F56414C554535,0x56414C5545355F4F5249475F5458545F4445534352495054494F4E35,7),
 (39,NULL,NULL,NULL,NULL,NULL,NULL,NULL,NULL,NULL,NULL,NULL,NULL,NULL,NULL,NULL,0x434F444538,0x56414C5545355F434F44455F53595354454D,0x56414C5545355F434F44455F53595354454D5F4E414D45,0x56414C5545355F434F44455F53595354454D5F56455253494F4E31,NULL,0x56414C5545355F444953504C41595F56414C554535,NULL,0x56414C5545355F4F5249475F5458545F56414C554535,0x56414C5545355F4F5249475F5458545F4445534352495054494F4E36,8),
 (40,NULL,NULL,NULL,NULL,NULL,NULL,NULL,NULL,NULL,NULL,NULL,NULL,NULL,NULL,NULL,NULL,NULL,NULL,NULL,NULL,NULL,NULL,NULL,NULL,NULL),
 (41,NULL,NULL,NULL,NULL,NULL,NULL,NULL,NULL,NULL,NULL,NULL,NULL,NULL,NULL,NULL,NULL,NULL,NULL,NULL,NULL,NULL,NULL,NULL,NULL,NULL),
 (42,NULL,NULL,NULL,NULL,NULL,NULL,NULL,NULL,NULL,NULL,NULL,NULL,NULL,NULL,NULL,NULL,NULL,NULL,NULL,NULL,NULL,NULL,NULL,NULL,NULL),
 (43,NULL,NULL,NULL,NULL,NULL,NULL,NULL,NULL,NULL,NULL,NULL,NULL,NULL,NULL,NULL,NULL,NULL,NULL,NULL,NULL,NULL,NULL,NULL,NULL,NULL),
 (44,NULL,NULL,NULL,NULL,NULL,NULL,NULL,NULL,NULL,NULL,NULL,NULL,NULL,NULL,NULL,NULL,NULL,NULL,NULL,NULL,NULL,NULL,NULL,NULL,NULL),
 (45,NULL,NULL,0x434F44453631,NULL,NULL,NULL,NULL,NULL,NULL,NULL,NULL,NULL,NULL,NULL,NULL,NULL,NULL,NULL,NULL,NULL,NULL,NULL,NULL,NULL,NULL),
 (46,NULL,NULL,0x434F44453632,NULL,NULL,NULL,NULL,NULL,NULL,NULL,NULL,NULL,NULL,NULL,NULL,NULL,NULL,NULL,NULL,NULL,NULL,NULL,NULL,NULL,NULL),
 (47,NULL,NULL,0x434F44453633,NULL,NULL,NULL,NULL,NULL,NULL,NULL,NULL,NULL,NULL,NULL,NULL,NULL,NULL,NULL,NULL,NULL,NULL,NULL,NULL,NULL,NULL),
 (48,NULL,NULL,0x434F44453634,NULL,NULL,NULL,NULL,NULL,NULL,NULL,NULL,NULL,NULL,NULL,NULL,NULL,NULL,NULL,NULL,NULL,NULL,NULL,NULL,NULL,NULL),
 (49,NULL,NULL,0x434F44453635,NULL,NULL,NULL,NULL,NULL,NULL,NULL,NULL,NULL,NULL,NULL,NULL,NULL,NULL,NULL,NULL,NULL,NULL,NULL,NULL,NULL,NULL),
 (50,NULL,NULL,0x434F44453636,NULL,NULL,NULL,NULL,NULL,NULL,NULL,NULL,NULL,NULL,NULL,NULL,NULL,NULL,NULL,NULL,NULL,NULL,NULL,NULL,NULL,NULL);
/*!40000 ALTER TABLE `cd_datatype` ENABLE KEYS */;


--
-- Definition of table `cd_datatype_value6`
--

DROP TABLE IF EXISTS `cd_datatype_value6`;
CREATE TABLE `cd_datatype_value6` (
  `cd_datatype_id` int(8) NOT NULL,
  `null_flavor` varchar(50) character set latin1 collate latin1_bin default NULL,
  `code` varchar(50) character set latin1 collate latin1_bin default NULL,
  `code_system` varchar(50) character set latin1 collate latin1_bin default NULL,
  `code_system_name` varchar(50) character set latin1 collate latin1_bin default NULL,
  `code_system_version` varchar(50) character set latin1 collate latin1_bin default NULL,
  `display_null_flavor` varchar(50) character set latin1 collate latin1_bin default NULL,
  `display_value` varchar(50) character set latin1 collate latin1_bin default NULL,
  `orig_txt_null_flavor` varchar(50) character set latin1 collate latin1_bin default NULL,
  `orig_txt_value` longtext character set latin1 collate latin1_bin,
  `orig_txt_description` varchar(50) character set latin1 collate latin1_bin default NULL,
  PRIMARY KEY  (`cd_datatype_id`),
  CONSTRAINT `fk_cd_datatype_val_cd_datatype` FOREIGN KEY (`cd_datatype_id`) REFERENCES `cd_datatype` (`id`) ON DELETE NO ACTION ON UPDATE NO ACTION
) ENGINE=InnoDB DEFAULT CHARSET=latin1;

--
-- Dumping data for table `cd_datatype_value6`
--

/*!40000 ALTER TABLE `cd_datatype_value6` DISABLE KEYS */;
INSERT INTO `cd_datatype_value6` (`cd_datatype_id`,`null_flavor`,`code`,`code_system`,`code_system_name`,`code_system_version`,`display_null_flavor`,`display_value`,`orig_txt_null_flavor`,`orig_txt_value`,`orig_txt_description`) VALUES 
 (45,NULL,0x434F444531,NULL,NULL,NULL,NULL,0x56414C5545365F444953504C41595F56414C554531,0x4E49,NULL,NULL),
 (46,NULL,0x434F444532,NULL,NULL,NULL,NULL,0x56414C5545365F444953504C41595F56414C554532,NULL,0x4F5249475F5458545F56414C554531,NULL),
 (47,NULL,0x434F444533,NULL,NULL,NULL,NULL,0x56414C5545365F444953504C41595F56414C554533,NULL,0x4F5249475F5458545F56414C554532,0x4F5249475F5458545F4445534352495054494F4E31),
 (48,NULL,0x434F444534,0x434F44455F53595354454D5F3631,NULL,NULL,NULL,0x56414C5545365F444953504C41595F56414C554534,NULL,0x4F5249475F5458545F56414C554533,0x4F5249475F5458545F4445534352495054494F4E32),
 (49,NULL,0x434F444535,0x434F44455F53595354454D5F3632,0x434F44455F53595354454D5F4E414D455F3631,NULL,NULL,0x56414C5545365F444953504C41595F56414C554535,NULL,0x4F5249475F5458545F56414C554534,0x4F5249475F5458545F4445534352495054494F4E33),
 (50,NULL,0x434F444531,0x434F44455F53595354454D5F3633,0x434F44455F53595354454D5F4E414D455F3632,0x434F44455F53595354454D5F56455253494F4E5F3631,NULL,0x56414C5545365F444953504C41595F56414C554536,NULL,NULL,NULL);
/*!40000 ALTER TABLE `cd_datatype_value6` ENABLE KEYS */;


--
-- Definition of table `cd_datatype_value7`
--

DROP TABLE IF EXISTS `cd_datatype_value7`;
CREATE TABLE `cd_datatype_value7` (
  `id` int(8) NOT NULL,
  `null_flavor` varchar(50) character set latin1 collate latin1_bin default NULL,
  `code` varchar(50) character set latin1 collate latin1_bin default NULL,
  `code_system` varchar(50) character set latin1 collate latin1_bin default NULL,
  `code_system_name` varchar(50) character set latin1 collate latin1_bin default NULL,
  `code_system_version` varchar(50) character set latin1 collate latin1_bin default NULL,
  `display_null_flavor` varchar(50) character set latin1 collate latin1_bin default NULL,
  `display_value` varchar(50) character set latin1 collate latin1_bin default NULL,
  `orig_txt_null_flavor` varchar(50) character set latin1 collate latin1_bin default NULL,
  `orig_txt_value` longtext character set latin1 collate latin1_bin,
  `orig_txt_description` varchar(50) character set latin1 collate latin1_bin default NULL,
  PRIMARY KEY  (`id`)
) ENGINE=InnoDB DEFAULT CHARSET=latin1;

--
-- Dumping data for table `cd_datatype_value7`
--

/*!40000 ALTER TABLE `cd_datatype_value7` DISABLE KEYS */;
INSERT INTO `cd_datatype_value7` (`id`,`null_flavor`,`code`,`code_system`,`code_system_name`,`code_system_version`,`display_null_flavor`,`display_value`,`orig_txt_null_flavor`,`orig_txt_value`,`orig_txt_description`) VALUES 
 (1,NULL,0x434F444531,NULL,NULL,NULL,NULL,0x56414C5545375F444953504C41595F56414C554531,NULL,0x4F5249475F5458545F56414C554531,NULL),
 (2,NULL,0x434F444532,NULL,NULL,NULL,NULL,0x56414C5545375F444953504C41595F56414C554532,NULL,0x4F5249475F5458545F56414C554532,0x4F5249475F5458545F4445534352495054494F4E31),
 (3,NULL,0x434F444533,0x434F44455F53595354454D5F31,NULL,NULL,NULL,0x56414C5545375F444953504C41595F56414C554533,NULL,0x4F5249475F5458545F56414C554533,0x4F5249475F5458545F4445534352495054494F4E32),
 (4,NULL,0x434F444534,0x434F44455F53595354454D5F32,0x434F44455F53595354454D5F4E414D455F31,NULL,NULL,0x56414C5545375F444953504C41595F56414C554534,NULL,0x4F5249475F5458545F56414C554534,0x4F5249475F5458545F4445534352495054494F4E33),
 (5,NULL,0x434F444535,0x434F44455F53595354454D5F33,0x434F44455F53595354454D5F4E414D455F32,0x434F44455F53595354454D5F56455253494F4E5F31,NULL,0x56414C5545375F444953504C41595F56414C554535,NULL,0x4F5249475F5458545F56414C554535,0x4F5249475F5458545F4445534352495054494F4E34),
 (6,NULL,0x434F444536,NULL,NULL,NULL,NULL,0x56414C5545375F444953504C41595F56414C554536,NULL,NULL,0x4F5249475F5458545F4445534352495054494F4E35),
 (7,NULL,0x434F444537,NULL,NULL,NULL,0x4E49,NULL,NULL,0x4F5249475F5458545F56414C554537,0x4F5249475F5458545F4445534352495054494F4E36),
 (8,NULL,0x434F444538,0x434F44455F53595354454D5F34,NULL,NULL,NULL,0x56414C5545375F444953504C41595F56414C554538,NULL,0x4F5249475F5458545F56414C554538,0x4F5249475F5458545F4445534352495054494F4E37);
/*!40000 ALTER TABLE `cd_datatype_value7` ENABLE KEYS */;


--
-- Definition of table `cd_datatype_value8`
--

DROP TABLE IF EXISTS `cd_datatype_value8`;
CREATE TABLE `cd_datatype_value8` (
  `id` int(8) NOT NULL,
  `null_flavor` varchar(50) character set latin1 collate latin1_bin default NULL,
  `code` varchar(50) character set latin1 collate latin1_bin default NULL,
  `code_system` varchar(50) character set latin1 collate latin1_bin default NULL,
  `code_system_name` varchar(50) character set latin1 collate latin1_bin default NULL,
  `code_system_version` varchar(50) character set latin1 collate latin1_bin default NULL,
  `display_null_flavor` varchar(50) character set latin1 collate latin1_bin default NULL,
  `display_value` varchar(50) character set latin1 collate latin1_bin default NULL,
  `orig_txt_null_flavor` varchar(50) character set latin1 collate latin1_bin default NULL,
  `orig_txt_value` longtext character set latin1 collate latin1_bin,
  `orig_txt_description` varchar(50) character set latin1 collate latin1_bin default NULL,
  PRIMARY KEY  (`id`)
) ENGINE=InnoDB DEFAULT CHARSET=latin1;

--
-- Dumping data for table `cd_datatype_value8`
--

/*!40000 ALTER TABLE `cd_datatype_value8` DISABLE KEYS */;
INSERT INTO `cd_datatype_value8` (`id`,`null_flavor`,`code`,`code_system`,`code_system_name`,`code_system_version`,`display_null_flavor`,`display_value`,`orig_txt_null_flavor`,`orig_txt_value`,`orig_txt_description`) VALUES 
 (1,NULL,0x434F444531,NULL,NULL,NULL,NULL,0x56414C5545385F444953504C41595F56414C554531,0x4E49,NULL,NULL);
/*!40000 ALTER TABLE `cd_datatype_value8` ENABLE KEYS */;


--
-- Definition of table `dset_ad_datatype`
--

DROP TABLE IF EXISTS `dset_ad_datatype`;
CREATE TABLE `dset_ad_datatype` (
  `id` int(8) NOT NULL,
  PRIMARY KEY  (`id`)
) ENGINE=InnoDB DEFAULT CHARSET=latin1;

--
-- Dumping data for table `dset_ad_datatype`
--

/*!40000 ALTER TABLE `dset_ad_datatype` DISABLE KEYS */;
INSERT INTO `dset_ad_datatype` (`id`) VALUES 
 (1),
 (2),
 (3),
 (4),
 (5),
 (6),
 (7),
 (8),
 (9),
 (10),
 (11),
 (12),
 (13),
 (14),
 (15),
 (16),
 (17),
 (18),
 (19),
 (20),
 (21),
 (22),
 (23),
 (24),
 (25),
 (26),
 (27),
 (28),
 (29),
 (30),
 (31),
 (32),
 (33),
 (34),
 (35),
 (36),
 (37),
 (38),
 (39),
 (40),
 (41),
 (42),
 (43),
 (44),
 (45),
 (46),
 (47),
 (48),
 (49),
 (50),
 (51),
 (52),
 (53),
 (54),
 (55),
 (56),
 (57),
 (58);
/*!40000 ALTER TABLE `dset_ad_datatype` ENABLE KEYS */;


--
-- Definition of table `dset_ad_dset_ad_value8`
--

DROP TABLE IF EXISTS `dset_ad_dset_ad_value8`;
CREATE TABLE `dset_ad_dset_ad_value8` (
  `dset_ad_datatype_id` int(8) NOT NULL,
  `dset_ad_value8_id` int(8) NOT NULL,
  PRIMARY KEY  (`dset_ad_value8_id`,`dset_ad_datatype_id`),
  KEY `fk_dser_ad_dset__dset_ad_data` (`dset_ad_datatype_id`),
  CONSTRAINT `fk_dser_ad_dset__dset_ad_data` FOREIGN KEY (`dset_ad_datatype_id`) REFERENCES `dset_ad_datatype` (`id`) ON DELETE NO ACTION ON UPDATE NO ACTION,
  CONSTRAINT `fk_dser_ad_dset__dset_ad_valu` FOREIGN KEY (`dset_ad_value8_id`) REFERENCES `dset_ad_value8` (`id`) ON DELETE NO ACTION ON UPDATE NO ACTION
) ENGINE=InnoDB DEFAULT CHARSET=latin1;

--
-- Dumping data for table `dset_ad_dset_ad_value8`
--

/*!40000 ALTER TABLE `dset_ad_dset_ad_value8` DISABLE KEYS */;
INSERT INTO `dset_ad_dset_ad_value8` (`dset_ad_datatype_id`,`dset_ad_value8_id`) VALUES 
 (48,1),
 (48,2),
 (48,3),
 (48,4),
 (48,5),
 (48,6),
 (48,7),
 (48,8),
 (48,9),
 (48,10);
/*!40000 ALTER TABLE `dset_ad_dset_ad_value8` ENABLE KEYS */;


--
-- Definition of table `dset_ad_value1`
--

DROP TABLE IF EXISTS `dset_ad_value1`;
CREATE TABLE `dset_ad_value1` (
  `dset_ad_datatype_id` int(8) NOT NULL,
  `adxp_al_value` varchar(50) character set latin1 collate latin1_bin default NULL,
  PRIMARY KEY  (`dset_ad_datatype_id`),
  CONSTRAINT `fk_dser_ad_dataty_val_ad_da` FOREIGN KEY (`dset_ad_datatype_id`) REFERENCES `dset_ad_datatype` (`id`) ON DELETE NO ACTION ON UPDATE NO ACTION
) ENGINE=InnoDB DEFAULT CHARSET=latin1;

--
-- Dumping data for table `dset_ad_value1`
--

/*!40000 ALTER TABLE `dset_ad_value1` DISABLE KEYS */;
INSERT INTO `dset_ad_value1` (`dset_ad_datatype_id`,`adxp_al_value`) VALUES 
 (1,NULL),
 (2,0x31204A6566666572736F6E20537472656574),
 (3,0x32204A6566666572736F6E20537472656574),
 (4,0x33204A6566666572736F6E20537472656574),
 (5,0x342053756E20537472656574),
 (6,0x352053756E20537472656574);
/*!40000 ALTER TABLE `dset_ad_value1` ENABLE KEYS */;


--
-- Definition of table `dset_ad_value2`
--

DROP TABLE IF EXISTS `dset_ad_value2`;
CREATE TABLE `dset_ad_value2` (
  `dset_ad_datatype_id` int(8) NOT NULL,
  `adxp_dal_value` varchar(50) character set latin1 collate latin1_bin default NULL,
  `adxp_dal_code` varchar(50) character set latin1 collate latin1_bin default NULL,
  PRIMARY KEY  (`dset_ad_datatype_id`),
  CONSTRAINT `fk_dser_ad_datat_val_ad_datat` FOREIGN KEY (`dset_ad_datatype_id`) REFERENCES `dset_ad_datatype` (`id`) ON DELETE NO ACTION ON UPDATE NO ACTION
) ENGINE=InnoDB DEFAULT CHARSET=latin1;

--
-- Dumping data for table `dset_ad_value2`
--

/*!40000 ALTER TABLE `dset_ad_value2` DISABLE KEYS */;
INSERT INTO `dset_ad_value2` (`dset_ad_datatype_id`,`adxp_dal_value`,`adxp_dal_code`) VALUES 
 (7,0x537569746520313030,NULL),
 (8,0x537569746520313031,NULL),
 (9,NULL,0x434F444531),
 (10,0x537569746520313033,0x434F444532),
 (11,0x537569746520313034,0x434F444533);
/*!40000 ALTER TABLE `dset_ad_value2` ENABLE KEYS */;


--
-- Definition of table `dset_ad_value3`
--

DROP TABLE IF EXISTS `dset_ad_value3`;
CREATE TABLE `dset_ad_value3` (
  `dset_ad_datatype_id` int(8) NOT NULL,
  `adxp_al_value` varchar(50) character set latin1 collate latin1_bin default NULL,
  `adxp_al_code` varchar(50) character set latin1 collate latin1_bin default NULL,
  `adxp_al_codesystem` varchar(50) character set latin1 collate latin1_bin default NULL,
  PRIMARY KEY  (`dset_ad_datatype_id`),
  CONSTRAINT `fk_dser_ad_datat_val_ad3` FOREIGN KEY (`dset_ad_datatype_id`) REFERENCES `dset_ad_datatype` (`id`) ON DELETE NO ACTION ON UPDATE NO ACTION
) ENGINE=InnoDB DEFAULT CHARSET=latin1;

--
-- Dumping data for table `dset_ad_value3`
--

/*!40000 ALTER TABLE `dset_ad_value3` DISABLE KEYS */;
INSERT INTO `dset_ad_value3` (`dset_ad_datatype_id`,`adxp_al_value`,`adxp_al_code`,`adxp_al_codesystem`) VALUES 
 (12,0x31204A6566666572736F6E20537472656574,NULL,NULL),
 (13,0x32204A6566666572736F6E20537472656574,0x434F444531,NULL),
 (14,NULL,0x434F444532,NULL),
 (15,0x33204A6566666572736F6E20537472656574,0x434F444533,NULL),
 (16,0x34204A6566666572736F6E20537472656574,0x434F444534,0x434F44455F53595354454D);
/*!40000 ALTER TABLE `dset_ad_value3` ENABLE KEYS */;


--
-- Definition of table `dset_ad_value4`
--

DROP TABLE IF EXISTS `dset_ad_value4`;
CREATE TABLE `dset_ad_value4` (
  `dset_ad_datatype_id` int(8) NOT NULL,
  `adxp_al1_value` varchar(50) character set latin1 collate latin1_bin default NULL,
  `adxp_al2_value` varchar(50) character set latin1 collate latin1_bin default NULL,
  `adxp_al1_code` varchar(50) character set latin1 collate latin1_bin default NULL,
  `adxp_al2_code` varchar(50) character set latin1 collate latin1_bin default NULL,
  `adxp_al2_codesystem` varchar(50) character set latin1 collate latin1_bin default NULL,
  `adxp_al1_codesystem` varchar(50) character set latin1 collate latin1_bin default NULL,
  PRIMARY KEY  (`dset_ad_datatype_id`),
  CONSTRAINT `fk_dser_ad_type_val_ad4` FOREIGN KEY (`dset_ad_datatype_id`) REFERENCES `dset_ad_datatype` (`id`) ON DELETE NO ACTION ON UPDATE NO ACTION
) ENGINE=InnoDB DEFAULT CHARSET=latin1;

--
-- Dumping data for table `dset_ad_value4`
--

/*!40000 ALTER TABLE `dset_ad_value4` DISABLE KEYS */;
INSERT INTO `dset_ad_value4` (`dset_ad_datatype_id`,`adxp_al1_value`,`adxp_al2_value`,`adxp_al1_code`,`adxp_al2_code`,`adxp_al2_codesystem`,`adxp_al1_codesystem`) VALUES 
 (17,0x313030204A6566666572736F6E20537472656574,NULL,NULL,NULL,NULL,NULL),
 (18,0x313031204A6566666572736F6E20537472656574,NULL,0x4E4349313031,NULL,NULL,NULL),
 (19,0x313032204A6566666572736F6E20537472656574,NULL,0x4E4349313032,NULL,NULL,0x414458505F414C315F434F444553595354454D31),
 (20,NULL,0x3230302045786563757469766520426C7664,NULL,NULL,NULL,NULL),
 (21,NULL,0x3230312045786563757469766520426C7664,NULL,0x4E4349323031,NULL,NULL),
 (22,NULL,0x3230322045786563757469766520426C7664,NULL,0x4E4349323032,0x414458505F414C325F434F444553595354454D31,NULL),
 (23,0x313030204A6566666572736F6E20537472656574,0x3230302045786563757469766520426C7664,NULL,NULL,NULL,NULL),
 (24,0x313031204A6566666572736F6E20537472656574,0x3230312045786563757469766520426C7664,0x4E4349313031,0x4E4349323031,NULL,NULL),
 (25,0x313032204A6566666572736F6E20537472656574,0x3230322045786563757469766520426C7664,0x4E4349313032,0x4E4349323032,0x414458505F414C325F434F444553595354454D31,0x414458505F414C315F434F444553595354454D31);
/*!40000 ALTER TABLE `dset_ad_value4` ENABLE KEYS */;


--
-- Definition of table `dset_ad_value5`
--

DROP TABLE IF EXISTS `dset_ad_value5`;
CREATE TABLE `dset_ad_value5` (
  `dset_ad_datatype_id` int(8) NOT NULL,
  `adxp_al_value` varchar(50) character set latin1 collate latin1_bin default NULL,
  `adxp_al_code` varchar(50) character set latin1 collate latin1_bin default NULL,
  `adxp_al_codesystem` varchar(50) character set latin1 collate latin1_bin default NULL,
  `adxp_dal_code` varchar(50) character set latin1 collate latin1_bin default NULL,
  `adxp_dal_codesystem` varchar(50) character set latin1 collate latin1_bin default NULL,
  `adxp_dal_value` varchar(50) character set latin1 collate latin1_bin default NULL,
  `adxp_cty_value` varchar(50) character set latin1 collate latin1_bin default NULL,
  `adxp_cty_code` varchar(50) character set latin1 collate latin1_bin default NULL,
  `adxp_cty_codesystem` varchar(50) character set latin1 collate latin1_bin default NULL,
  PRIMARY KEY  (`dset_ad_datatype_id`),
  CONSTRAINT `fk_dser_ad_datat_val_ad5` FOREIGN KEY (`dset_ad_datatype_id`) REFERENCES `dset_ad_datatype` (`id`) ON DELETE NO ACTION ON UPDATE NO ACTION
) ENGINE=InnoDB DEFAULT CHARSET=latin1;

--
-- Dumping data for table `dset_ad_value5`
--

/*!40000 ALTER TABLE `dset_ad_value5` DISABLE KEYS */;
INSERT INTO `dset_ad_value5` (`dset_ad_datatype_id`,`adxp_al_value`,`adxp_al_code`,`adxp_al_codesystem`,`adxp_dal_code`,`adxp_dal_codesystem`,`adxp_dal_value`,`adxp_cty_value`,`adxp_cty_code`,`adxp_cty_codesystem`) VALUES 
 (26,0x313030204A6566666572736F6E20537472656574,NULL,NULL,NULL,NULL,NULL,NULL,NULL,NULL),
 (27,0x313031204A6566666572736F6E20537472656574,0x4E4349414C313031,NULL,NULL,NULL,NULL,NULL,NULL,NULL),
 (28,0x313032204A6566666572736F6E20537472656574,0x4E4349414C313032,0x414458505F414C5F434F444553595354454D31,NULL,NULL,NULL,NULL,NULL,NULL),
 (29,0x313033204A6566666572736F6E20537472656574,0x4E4349414C313033,0x414458505F414C5F434F444553595354454D32,0x4E434944414C313030,NULL,NULL,NULL,NULL,NULL),
 (30,0x313034204A6566666572736F6E20537472656574,0x4E4349414C313034,0x414458505F414C5F434F444553595354454D33,0x4E434944414C313031,0x414458505F44414C5F434F444553595354454D31,NULL,NULL,NULL,NULL),
 (31,0x313035204A6566666572736F6E20537472656574,0x4E4349414C313035,0x414458505F414C5F434F444553595354454D34,0x4E434944414C313032,0x414458505F44414C5F434F444553595354454D32,0x537569746520353030,NULL,NULL,NULL),
 (32,0x313036204A6566666572736F6E20537472656574,0x4E4349414C313036,0x414458505F414C5F434F444553595354454D35,0x4E434944414C313033,0x414458505F44414C5F434F444553595354454D33,0x537569746520353031,0x526F636B76696C6C65,NULL,NULL),
 (33,0x313037204A6566666572736F6E20537472656574,0x4E4349414C313037,0x414458505F414C5F434F444553595354454D36,0x4E434944414C313034,0x414458505F44414C5F434F444553595354454D34,0x537569746520353032,0x526F636B76696C6C65,0x52434B,NULL),
 (34,0x313038204A6566666572736F6E20537472656574,0x4E4349414C313038,0x414458505F414C5F434F444553595354454D37,0x4E434944414C313035,0x414458505F44414C5F434F444553595354454D35,0x537569746520353033,0x526F636B76696C6C65,0x52434B,0x52434B5F434F44455F535953),
 (35,0x313038204A6566666572736F6E20537472656574,0x4E4349414C313038,0x414458505F414C5F434F444553595354454D37,0x4E434944414C313035,0x414458505F44414C5F434F444553595354454D35,0x537569746520353033,0x526F636B76696C6C65,0x52434B,0x52434B5F434F44455F535953);
/*!40000 ALTER TABLE `dset_ad_value5` ENABLE KEYS */;


--
-- Definition of table `dset_ad_value6`
--

DROP TABLE IF EXISTS `dset_ad_value6`;
CREATE TABLE `dset_ad_value6` (
  `dset_ad_datatype_id` int(8) NOT NULL,
  `adxp_adl_value` varchar(50) character set latin1 collate latin1_bin default NULL,
  `adxp_al_value` varchar(50) character set latin1 collate latin1_bin default NULL,
  `adxp_bnn_value` varchar(50) character set latin1 collate latin1_bin default NULL,
  `adxp_bnr_value` varchar(50) character set latin1 collate latin1_bin default NULL,
  `adxp_bns_value` varchar(50) character set latin1 collate latin1_bin default NULL,
  `adxp_car_value` varchar(50) character set latin1 collate latin1_bin default NULL,
  `adxp_cen_value` varchar(50) character set latin1 collate latin1_bin default NULL,
  `adxp_cnt_value` varchar(50) character set latin1 collate latin1_bin default NULL,
  `adxp_cpa_value` varchar(50) character set latin1 collate latin1_bin default NULL,
  `adxp_cty_value` varchar(50) character set latin1 collate latin1_bin default NULL,
  `adxp_dal_value` varchar(50) character set latin1 collate latin1_bin default NULL,
  `adxp_del_value` varchar(50) character set latin1 collate latin1_bin default NULL,
  `adxp_dinsta_value` varchar(50) character set latin1 collate latin1_bin default NULL,
  `adxp_dinstq_value` varchar(50) character set latin1 collate latin1_bin default NULL,
  `adxp_dir_value` varchar(50) character set latin1 collate latin1_bin default NULL,
  `adxp_dmod_value` varchar(50) character set latin1 collate latin1_bin default NULL,
  `adxp_dmodid_value` varchar(50) character set latin1 collate latin1_bin default NULL,
  `adxp_int_value` varchar(50) character set latin1 collate latin1_bin default NULL,
  `adxp_pob_value` varchar(50) character set latin1 collate latin1_bin default NULL,
  `adxp_pre_value` varchar(50) character set latin1 collate latin1_bin default NULL,
  `adxp_sal_value` varchar(50) character set latin1 collate latin1_bin default NULL,
  `adxp_sta_value` varchar(50) character set latin1 collate latin1_bin default NULL,
  `adxp_stb_value` varchar(50) character set latin1 collate latin1_bin default NULL,
  `adxp_str_value` varchar(50) character set latin1 collate latin1_bin default NULL,
  `adxp_sttyp_value` varchar(50) character set latin1 collate latin1_bin default NULL,
  `adxp_unid_value` varchar(50) character set latin1 collate latin1_bin default NULL,
  `adxp_unit_value` varchar(50) character set latin1 collate latin1_bin default NULL,
  `adxp_zip_value` varchar(50) character set latin1 collate latin1_bin default NULL,
  `adxp_adl_code` varchar(50) character set latin1 collate latin1_bin default NULL,
  `adxp_bns_code` varchar(50) character set latin1 collate latin1_bin default NULL,
  `adxp_bns_codesystem` varchar(50) character set latin1 collate latin1_bin default NULL,
  `adxp_dal_code` varchar(50) character set latin1 collate latin1_bin default NULL,
  `adxp_dal_codesystem` varchar(50) character set latin1 collate latin1_bin default NULL,
  `adxp_int_code` varchar(50) character set latin1 collate latin1_bin default NULL,
  `adxp_int_codesystem` varchar(50) character set latin1 collate latin1_bin default NULL,
  `adxp_stb_code` varchar(50) character set latin1 collate latin1_bin default NULL,
  `adxp_stb_codesystem` varchar(50) character set latin1 collate latin1_bin default NULL,
  `adxp_zip_codesystem` varchar(50) character set latin1 collate latin1_bin default NULL,
  `adxp_zip_code` varchar(50) character set latin1 collate latin1_bin default NULL,
  PRIMARY KEY  (`dset_ad_datatype_id`),
  CONSTRAINT `fk_dser_ad_type_val_ad6` FOREIGN KEY (`dset_ad_datatype_id`) REFERENCES `dset_ad_datatype` (`id`) ON DELETE NO ACTION ON UPDATE NO ACTION
) ENGINE=InnoDB DEFAULT CHARSET=latin1;

--
-- Dumping data for table `dset_ad_value6`
--

/*!40000 ALTER TABLE `dset_ad_value6` DISABLE KEYS */;
INSERT INTO `dset_ad_value6` (`dset_ad_datatype_id`,`adxp_adl_value`,`adxp_al_value`,`adxp_bnn_value`,`adxp_bnr_value`,`adxp_bns_value`,`adxp_car_value`,`adxp_cen_value`,`adxp_cnt_value`,`adxp_cpa_value`,`adxp_cty_value`,`adxp_dal_value`,`adxp_del_value`,`adxp_dinsta_value`,`adxp_dinstq_value`,`adxp_dir_value`,`adxp_dmod_value`,`adxp_dmodid_value`,`adxp_int_value`,`adxp_pob_value`,`adxp_pre_value`,`adxp_sal_value`,`adxp_sta_value`,`adxp_stb_value`,`adxp_str_value`,`adxp_sttyp_value`,`adxp_unid_value`,`adxp_unit_value`,`adxp_zip_value`,`adxp_adl_code`,`adxp_bns_code`,`adxp_bns_codesystem`,`adxp_dal_code`,`adxp_dal_codesystem`,`adxp_int_code`,`adxp_int_codesystem`,`adxp_stb_code`,`adxp_stb_codesystem`,`adxp_zip_codesystem`,`adxp_zip_code`) VALUES 
 (36,0x414458505F41444C5F56414C554531,0x414458505F414C5F56414C554531,0x414458505F424E4E5F56414C554531,0x414458505F424E525F56414C554531,0x414458505F424E535F56414C554531,0x414458505F4341525F56414C554531,0x414458505F43454E5F56414C554531,0x414458505F434E545F56414C554531,0x414458505F4350415F56414C554531,0x414458505F4354595F56414C554531,0x414458505F44414C5F56414C554531,0x414458505F44454C5F56414C554531,0x414458505F44494E5354415F56414C554531,0x414458505F44494E5354515F56414C554531,0x414458505F4449525F56414C554531,0x414458505F444D4F445F56414C554531,0x414458505F444D4F4449445F56414C554531,0x414458505F494E545F56414C554531,0x414458505F504F425F56414C554531,0x414458505F5052455F56414C554531,0x414458505F53414C5F56414C554531,0x414458505F5354415F56414C554531,0x414458505F5354425F56414C554531,0x414458505F5354525F56414C554531,0x414458505F53545459505F56414C554531,0x414458505F554E49445F56414C554531,0x414458505F554E49545F56414C554531,0x414458505F5A49505F56414C554531,NULL,NULL,NULL,NULL,NULL,NULL,NULL,NULL,NULL,NULL,NULL),
 (37,0x414458505F41444C5F56414C554532,0x414458505F414C5F56414C554532,0x414458505F424E4E5F56414C554532,0x414458505F424E525F56414C554532,0x414458505F424E535F56414C554532,0x414458505F4341525F56414C554532,0x414458505F43454E5F56414C554532,0x414458505F434E545F56414C554532,0x414458505F4350415F56414C554532,0x414458505F4354595F56414C554532,0x414458505F44414C5F56414C554532,0x414458505F44454C5F56414C554532,0x414458505F44494E5354415F56414C554532,0x414458505F44494E5354515F56414C554532,0x414458505F4449525F56414C554532,0x414458505F444D4F445F56414C554532,0x414458505F444D4F4449445F56414C554532,0x414458505F494E545F56414C554532,0x414458505F504F425F56414C554532,0x414458505F5052455F56414C554532,0x414458505F53414C5F56414C554532,0x414458505F5354415F56414C554532,0x414458505F5354425F56414C554532,0x414458505F5354525F56414C554532,0x414458505F53545459505F56414C554532,0x414458505F554E49445F56414C554532,0x414458505F554E49545F56414C554532,0x414458505F5A49505F56414C554532,0x414458505F41444C5F434F4445,NULL,NULL,NULL,NULL,NULL,NULL,NULL,NULL,NULL,NULL),
 (38,0x414458505F41444C5F56414C554533,0x414458505F414C5F56414C554533,0x414458505F424E4E5F56414C554533,0x414458505F424E525F56414C554533,0x414458505F424E535F56414C554533,0x414458505F4341525F56414C554533,0x414458505F43454E5F56414C554533,0x414458505F434E545F56414C554533,0x414458505F4350415F56414C554533,0x414458505F4354595F56414C554533,0x414458505F44414C5F56414C554533,0x414458505F44454C5F56414C554533,0x414458505F44494E5354415F56414C554533,0x414458505F44494E5354515F56414C554533,0x414458505F4449525F56414C554533,0x414458505F444D4F445F56414C554533,0x414458505F444D4F4449445F56414C554533,0x414458505F494E545F56414C554533,0x414458505F504F425F56414C554533,0x414458505F5052455F56414C554533,0x414458505F53414C5F56414C554533,0x414458505F5354415F56414C554533,0x414458505F5354425F56414C554533,0x414458505F5354525F56414C554533,0x414458505F53545459505F56414C554533,0x414458505F554E49445F56414C554533,0x414458505F554E49545F56414C554533,0x414458505F5A49505F56414C554533,0x414458505F41444C5F434F4445,0x414458505F424E535F434F4445,NULL,NULL,NULL,NULL,NULL,NULL,NULL,NULL,NULL),
 (39,0x414458505F41444C5F56414C554534,0x414458505F414C5F56414C554534,0x414458505F424E4E5F56414C554534,0x414458505F424E525F56414C554534,0x414458505F424E535F56414C554534,0x414458505F4341525F56414C554534,0x414458505F43454E5F56414C554534,0x414458505F434E545F56414C554534,0x414458505F4350415F56414C554534,0x414458505F4354595F56414C554534,0x414458505F44414C5F56414C554534,0x414458505F44454C5F56414C554534,0x414458505F44494E5354415F56414C554534,0x414458505F44494E5354515F56414C554534,0x414458505F4449525F56414C554534,0x414458505F444D4F445F56414C554534,0x414458505F444D4F4449445F56414C554534,0x414458505F494E545F56414C554534,0x414458505F504F425F56414C554534,0x414458505F5052455F56414C554534,0x414458505F53414C5F56414C554534,0x414458505F5354415F56414C554534,0x414458505F5354425F56414C554534,0x414458505F5354525F56414C554534,0x414458505F53545459505F56414C554534,0x414458505F554E49445F56414C554534,0x414458505F554E49545F56414C554534,0x414458505F5A49505F56414C554534,0x414458505F41444C5F434F4445,0x414458505F424E535F434F4445,0x414458505F424E535F434F444553595354454D,NULL,NULL,NULL,NULL,NULL,NULL,NULL,NULL),
 (40,0x414458505F41444C5F56414C554535,0x414458505F414C5F56414C554535,0x414458505F424E4E5F56414C554535,0x414458505F424E525F56414C554535,0x414458505F424E535F56414C554535,0x414458505F4341525F56414C554535,0x414458505F43454E5F56414C554535,0x414458505F434E545F56414C554535,0x414458505F4350415F56414C554535,0x414458505F4354595F56414C554535,0x414458505F44414C5F56414C554535,0x414458505F44454C5F56414C554535,0x414458505F44494E5354415F56414C554535,0x414458505F44494E5354515F56414C554535,0x414458505F4449525F56414C554535,0x414458505F444D4F445F56414C554535,0x414458505F444D4F4449445F56414C554535,0x414458505F494E545F56414C554535,0x414458505F504F425F56414C554535,0x414458505F5052455F56414C554535,0x414458505F53414C5F56414C554535,0x414458505F5354415F56414C554535,0x414458505F5354425F56414C554535,0x414458505F5354525F56414C554535,0x414458505F53545459505F56414C554535,0x414458505F554E49445F56414C554535,0x414458505F554E49545F56414C554535,0x414458505F5A49505F56414C554535,0x414458505F41444C5F434F4445,0x414458505F424E535F434F4445,0x414458505F424E535F434F444553595354454D,0x414458505F44414C5F434F4445,NULL,NULL,NULL,NULL,NULL,NULL,NULL),
 (41,0x414458505F41444C5F56414C554536,0x414458505F414C5F56414C554536,0x414458505F424E4E5F56414C554536,0x414458505F424E525F56414C554536,0x414458505F424E535F56414C554536,0x414458505F4341525F56414C554536,0x414458505F43454E5F56414C554536,0x414458505F434E545F56414C554536,0x414458505F4350415F56414C554536,0x414458505F4354595F56414C554536,0x414458505F44414C5F56414C554536,0x414458505F44454C5F56414C554536,0x414458505F44494E5354415F56414C554536,0x414458505F44494E5354515F56414C554536,0x414458505F4449525F56414C554536,0x414458505F444D4F445F56414C554536,0x414458505F444D4F4449445F56414C554536,0x414458505F494E545F56414C554536,0x414458505F504F425F56414C554536,0x414458505F5052455F56414C554536,0x414458505F53414C5F56414C554536,0x414458505F5354415F56414C554536,0x414458505F5354425F56414C554536,0x414458505F5354525F56414C554536,0x414458505F53545459505F56414C554536,0x414458505F554E49445F56414C554536,0x414458505F554E49545F56414C554536,0x414458505F5A49505F56414C554536,0x414458505F41444C5F434F4445,0x414458505F424E535F434F4445,0x414458505F424E535F434F444553595354454D,0x414458505F44414C5F434F4445,0x414458505F44414C5F434F444553595354454D,NULL,NULL,NULL,NULL,NULL,NULL),
 (42,0x414458505F41444C5F56414C554537,0x414458505F414C5F56414C554537,0x414458505F424E4E5F56414C554537,0x414458505F424E525F56414C554537,0x414458505F424E535F56414C554537,0x414458505F4341525F56414C554537,0x414458505F43454E5F56414C554537,0x414458505F434E545F56414C554537,0x414458505F4350415F56414C554537,0x414458505F4354595F56414C554537,0x414458505F44414C5F56414C554537,0x414458505F44454C5F56414C554537,0x414458505F44494E5354415F56414C554537,0x414458505F44494E5354515F56414C554537,0x414458505F4449525F56414C554537,0x414458505F444D4F445F56414C554537,0x414458505F444D4F4449445F56414C554537,0x414458505F494E545F56414C554537,0x414458505F504F425F56414C554537,0x414458505F5052455F56414C554537,0x414458505F53414C5F56414C554537,0x414458505F5354415F56414C554537,0x414458505F5354425F56414C554537,0x414458505F5354525F56414C554537,0x414458505F53545459505F56414C554537,0x414458505F554E49445F56414C554537,0x414458505F554E49545F56414C554537,0x414458505F5A49505F56414C554537,0x414458505F41444C5F434F4445,0x414458505F424E535F434F4445,0x414458505F424E535F434F444553595354454D,0x414458505F44414C5F434F4445,0x414458505F44414C5F434F444553595354454D,0x414458505F494E545F434F4445,NULL,NULL,NULL,NULL,NULL),
 (43,0x414458505F41444C5F56414C554538,0x414458505F414C5F56414C554538,0x414458505F424E4E5F56414C554538,0x414458505F424E525F56414C554538,0x414458505F424E535F56414C554538,0x414458505F4341525F56414C554538,0x414458505F43454E5F56414C554538,0x414458505F434E545F56414C554538,0x414458505F4350415F56414C554538,0x414458505F4354595F56414C554538,0x414458505F44414C5F56414C554538,0x414458505F44454C5F56414C554538,0x414458505F44494E5354415F56414C554538,0x414458505F44494E5354515F56414C554538,0x414458505F4449525F56414C554538,0x414458505F444D4F445F56414C554538,0x414458505F444D4F4449445F56414C554538,0x414458505F494E545F56414C554538,0x414458505F504F425F56414C554538,0x414458505F5052455F56414C554538,0x414458505F53414C5F56414C554538,0x414458505F5354415F56414C554538,0x414458505F5354425F56414C554538,0x414458505F5354525F56414C554538,0x414458505F53545459505F56414C554538,0x414458505F554E49445F56414C554538,0x414458505F554E49545F56414C554538,0x414458505F5A49505F56414C554538,0x414458505F41444C5F434F4445,0x414458505F424E535F434F4445,0x414458505F424E535F434F444553595354454D,0x414458505F44414C5F434F4445,0x414458505F44414C5F434F444553595354454D,0x414458505F494E545F434F4445,0x414458505F494E545F434F444553595354454D,NULL,NULL,NULL,NULL),
 (44,0x414458505F41444C5F56414C554539,0x414458505F414C5F56414C554539,0x414458505F424E4E5F56414C554539,0x414458505F424E525F56414C554539,0x414458505F424E535F56414C554539,0x414458505F4341525F56414C554539,0x414458505F43454E5F56414C554539,0x414458505F434E545F56414C554539,0x414458505F4350415F56414C554539,0x414458505F4354595F56414C554539,0x414458505F44414C5F56414C554539,0x414458505F44454C5F56414C554539,0x414458505F44494E5354415F56414C554539,0x414458505F44494E5354515F56414C554539,0x414458505F4449525F56414C554539,0x414458505F444D4F445F56414C554539,0x414458505F444D4F4449445F56414C554539,0x414458505F494E545F56414C554539,0x414458505F504F425F56414C554539,0x414458505F5052455F56414C554539,0x414458505F53414C5F56414C554539,0x414458505F5354415F56414C554539,0x414458505F5354425F56414C554539,0x414458505F5354525F56414C554539,0x414458505F53545459505F56414C554539,0x414458505F554E49445F56414C554539,0x414458505F554E49545F56414C554539,0x414458505F5A49505F56414C554539,0x414458505F41444C5F434F4445,0x414458505F424E535F434F4445,0x414458505F424E535F434F444553595354454D,0x414458505F44414C5F434F4445,0x414458505F44414C5F434F444553595354454D,0x414458505F494E545F434F4445,0x414458505F494E545F434F444553595354454D,0x414458505F5354425F434F4445,NULL,NULL,NULL),
 (45,0x414458505F41444C5F56414C55453130,0x414458505F414C5F56414C55453130,0x414458505F424E4E5F56414C55453130,0x414458505F424E525F56414C55453130,0x414458505F424E535F56414C55453130,0x414458505F4341525F56414C55453130,0x414458505F43454E5F56414C55453130,0x414458505F434E545F56414C55453130,0x414458505F4350415F56414C55453130,0x414458505F4354595F56414C55453130,0x414458505F44414C5F56414C55453130,0x414458505F44454C5F56414C55453130,0x414458505F44494E5354415F56414C55453130,0x414458505F44494E5354515F56414C55453130,0x414458505F4449525F56414C55453130,0x414458505F444D4F445F56414C55453130,0x414458505F444D4F4449445F56414C55453130,0x414458505F494E545F56414C55453130,0x414458505F504F425F56414C55453130,0x414458505F5052455F56414C55453130,0x414458505F53414C5F56414C55453130,0x414458505F5354415F56414C55453130,0x414458505F5354425F56414C55453130,0x414458505F5354525F56414C55453130,0x414458505F53545459505F56414C55453130,0x414458505F554E49445F56414C55453130,0x414458505F554E49545F56414C55453130,0x414458505F5A49505F56414C55453130,0x414458505F41444C5F434F4445,0x414458505F424E535F434F4445,0x414458505F424E535F434F444553595354454D,0x414458505F44414C5F434F4445,0x414458505F44414C5F434F444553595354454D,0x414458505F494E545F434F4445,0x414458505F494E545F434F444553595354454D,0x414458505F5354425F434F4445,0x414458505F5354425F434F444553595354454D,NULL,NULL),
 (46,0x414458505F41444C5F56414C55453131,0x414458505F414C5F56414C55453131,0x414458505F424E4E5F56414C55453131,0x414458505F424E525F56414C55453131,0x414458505F424E535F56414C55453131,0x414458505F4341525F56414C55453131,0x414458505F43454E5F56414C55453131,0x414458505F434E545F56414C55453131,0x414458505F4350415F56414C55453131,0x414458505F4354595F56414C55453131,0x414458505F44414C5F56414C55453131,0x414458505F44454C5F56414C55453131,0x414458505F44494E5354415F56414C55453131,0x414458505F44494E5354515F56414C55453131,0x414458505F4449525F56414C55453131,0x414458505F444D4F445F56414C55453131,0x414458505F444D4F4449445F56414C55453131,0x414458505F494E545F56414C55453131,0x414458505F504F425F56414C55453131,0x414458505F5052455F56414C55453131,0x414458505F53414C5F56414C55453131,0x414458505F5354415F56414C55453131,0x414458505F5354425F56414C55453131,0x414458505F5354525F56414C55453131,0x414458505F53545459505F56414C55453131,0x414458505F554E49445F56414C55453131,0x414458505F554E49545F56414C55453131,0x414458505F5A49505F56414C55453131,0x414458505F41444C5F434F4445,0x414458505F424E535F434F4445,0x414458505F424E535F434F444553595354454D,0x414458505F44414C5F434F4445,0x414458505F44414C5F434F444553595354454D,0x414458505F494E545F434F4445,0x414458505F494E545F434F444553595354454D,0x414458505F5354425F434F4445,0x414458505F5354425F434F444553595354454D,0x414458505F5A49505F434F444553595354454D,NULL),
 (47,0x414458505F41444C5F56414C55453132,0x414458505F414C5F56414C55453132,0x414458505F424E4E5F56414C55453132,0x414458505F424E525F56414C55453132,0x414458505F424E535F56414C55453132,0x414458505F4341525F56414C55453132,0x414458505F43454E5F56414C55453132,0x414458505F434E545F56414C55453132,0x414458505F4350415F56414C55453132,0x414458505F4354595F56414C55453132,0x414458505F44414C5F56414C55453132,0x414458505F44454C5F56414C55453132,0x414458505F44494E5354415F56414C55453132,0x414458505F44494E5354515F56414C55453132,0x414458505F4449525F56414C55453132,0x414458505F444D4F445F56414C55453132,0x414458505F444D4F4449445F56414C55453132,0x414458505F494E545F56414C55453132,0x414458505F504F425F56414C55453132,0x414458505F5052455F56414C55453132,0x414458505F53414C5F56414C55453132,0x414458505F5354415F56414C55453132,0x414458505F5354425F56414C55453132,0x414458505F5354525F56414C55453132,0x414458505F53545459505F56414C55453132,0x414458505F554E49445F56414C55453132,0x414458505F554E49545F56414C55453132,0x414458505F5A49505F56414C55453132,0x414458505F41444C5F434F4445,0x414458505F424E535F434F4445,0x414458505F424E535F434F444553595354454D,0x414458505F44414C5F434F4445,0x414458505F44414C5F434F444553595354454D,0x414458505F494E545F434F4445,0x414458505F494E545F434F444553595354454D,0x414458505F5354425F434F4445,0x414458505F5354425F434F444553595354454D,0x414458505F5A49505F434F444553595354454D,0x414458505F5A49505F434F4445);
/*!40000 ALTER TABLE `dset_ad_value6` ENABLE KEYS */;


--
-- Definition of table `dset_ad_value7`
--

DROP TABLE IF EXISTS `dset_ad_value7`;
CREATE TABLE `dset_ad_value7` (
  `id` int(8) NOT NULL,
  `dset_ad_datatype_id` int(8) default NULL,
  `adxp_al_value` varchar(50) character set latin1 collate latin1_bin default NULL,
  `adxp_al_code` varchar(50) character set latin1 collate latin1_bin default NULL,
  `adxp_al_codesystem` varchar(50) character set latin1 collate latin1_bin default NULL,
  `adxp_dal_code` varchar(50) character set latin1 collate latin1_bin default NULL,
  `adxp_dal_codesystem` varchar(50) character set latin1 collate latin1_bin default NULL,
  `adxp_dal_value` varchar(50) character set latin1 collate latin1_bin default NULL,
  `adxp_cty_value` varchar(50) character set latin1 collate latin1_bin default NULL,
  `adxp_cty_code` varchar(50) character set latin1 collate latin1_bin default NULL,
  `adxp_cty_codesystem` varchar(50) character set latin1 collate latin1_bin default NULL,
  PRIMARY KEY  (`id`),
  KEY `fk_dset_ad_value_dset_ad7` (`dset_ad_datatype_id`),
  CONSTRAINT `fk_dset_ad_value_dset_ad7` FOREIGN KEY (`dset_ad_datatype_id`) REFERENCES `dset_ad_datatype` (`id`) ON DELETE NO ACTION ON UPDATE NO ACTION
) ENGINE=InnoDB DEFAULT CHARSET=latin1;

--
-- Dumping data for table `dset_ad_value7`
--

/*!40000 ALTER TABLE `dset_ad_value7` DISABLE KEYS */;
INSERT INTO `dset_ad_value7` (`id`,`dset_ad_datatype_id`,`adxp_al_value`,`adxp_al_code`,`adxp_al_codesystem`,`adxp_dal_code`,`adxp_dal_codesystem`,`adxp_dal_value`,`adxp_cty_value`,`adxp_cty_code`,`adxp_cty_codesystem`) VALUES 
 (1,49,0x313030204A6566666572736F6E20537472656574,NULL,NULL,NULL,NULL,NULL,NULL,NULL,NULL),
 (2,50,0x313031204A6566666572736F6E20537472656574,0x4E4349414C313031,NULL,NULL,NULL,NULL,NULL,NULL,NULL),
 (3,51,0x313032204A6566666572736F6E20537472656574,0x4E4349414C313032,0x414458505F414C5F434F444553595354454D31,NULL,NULL,NULL,NULL,NULL,NULL),
 (4,52,0x313033204A6566666572736F6E20537472656574,0x4E4349414C313033,0x414458505F414C5F434F444553595354454D32,0x4E434944414C313031,NULL,NULL,NULL,NULL,NULL),
 (5,53,0x313034204A6566666572736F6E20537472656574,0x4E4349414C313034,0x414458505F414C5F434F444553595354454D33,0x4E434944414C313032,0x414458505F44414C5F434F444553595354454D35,NULL,NULL,NULL,NULL),
 (6,54,0x313035204A6566666572736F6E20537472656574,0x4E4349414C313035,0x414458505F414C5F434F444553595354454D34,0x4E434944414C313033,0x414458505F44414C5F434F444553595354454D35,0x537569746520353031,NULL,NULL,NULL),
 (7,55,0x313036204A6566666572736F6E20537472656574,0x4E4349414C313036,0x414458505F414C5F434F444553595354454D35,0x4E434944414C313034,0x414458505F44414C5F434F444553595354454D35,0x537569746520353032,0x526F636B76696C6C65,NULL,NULL),
 (8,56,0x313037204A6566666572736F6E20537472656574,0x4E4349414C313037,0x414458505F414C5F434F444553595354454D36,0x4E434944414C313035,0x414458505F44414C5F434F444553595354454D35,0x537569746520353033,0x526F636B76696C6C65,0x52434B,NULL),
 (9,57,0x313038204A6566666572736F6E20537472656574,0x4E4349414C313038,0x414458505F414C5F434F444553595354454D37,0x4E434944414C313036,0x414458505F44414C5F434F444553595354454D35,0x537569746520353034,0x526F636B76696C6C65,0x52434B,0x52434B5F434F44455F535953),
 (10,58,0x313039204A6566666572736F6E20537472656574,0x4E4349414C313038,0x414458505F414C5F434F444553595354454D38,0x4E434944414C313037,0x414458505F44414C5F434F444553595354454D35,0x537569746520353035,0x526F636B76696C6C65,0x52434B,0x52434B5F434F44455F535953);
/*!40000 ALTER TABLE `dset_ad_value7` ENABLE KEYS */;


--
-- Definition of table `dset_ad_value8`
--

DROP TABLE IF EXISTS `dset_ad_value8`;
CREATE TABLE `dset_ad_value8` (
  `id` int(8) NOT NULL,
  `adxp_al_value` varchar(50) character set latin1 collate latin1_bin default NULL,
  `adxp_al_code` varchar(50) character set latin1 collate latin1_bin default NULL,
  `adxp_al_codesystem` varchar(50) character set latin1 collate latin1_bin default NULL,
  `adxp_dal_code` varchar(50) character set latin1 collate latin1_bin default NULL,
  `adxp_dal_codesystem` varchar(50) character set latin1 collate latin1_bin default NULL,
  `adxp_dal_value` varchar(50) character set latin1 collate latin1_bin default NULL,
  `adxp_cty_value` varchar(50) character set latin1 collate latin1_bin default NULL,
  `adxp_cty_code` varchar(50) character set latin1 collate latin1_bin default NULL,
  `adxp_cty_codesystem` varchar(50) character set latin1 collate latin1_bin default NULL,
  PRIMARY KEY  (`id`)
) ENGINE=InnoDB DEFAULT CHARSET=latin1;

--
-- Dumping data for table `dset_ad_value8`
--

/*!40000 ALTER TABLE `dset_ad_value8` DISABLE KEYS */;
INSERT INTO `dset_ad_value8` (`id`,`adxp_al_value`,`adxp_al_code`,`adxp_al_codesystem`,`adxp_dal_code`,`adxp_dal_codesystem`,`adxp_dal_value`,`adxp_cty_value`,`adxp_cty_code`,`adxp_cty_codesystem`) VALUES 
 (1,0x313030204A6566666572736F6E20537472656574,NULL,NULL,NULL,NULL,NULL,NULL,NULL,NULL),
 (2,0x313031204A6566666572736F6E20537472656574,0x4E4349414C313031,NULL,NULL,NULL,NULL,NULL,NULL,NULL),
 (3,0x313032204A6566666572736F6E20537472656574,0x4E4349414C313032,0x414458505F414C5F434F444553595354454D31,NULL,NULL,NULL,NULL,NULL,NULL),
 (4,0x313033204A6566666572736F6E20537472656574,0x4E4349414C313033,0x414458505F414C5F434F444553595354454D32,0x4E434944414C313030,NULL,NULL,NULL,NULL,NULL),
 (5,0x313034204A6566666572736F6E20537472656574,0x4E4349414C313034,0x414458505F414C5F434F444553595354454D33,0x4E434944414C313031,0x414458505F44414C5F434F444553595354454D31,NULL,NULL,NULL,NULL),
 (6,0x313035204A6566666572736F6E20537472656574,0x4E4349414C313035,0x414458505F414C5F434F444553595354454D34,0x4E434944414C313032,0x414458505F44414C5F434F444553595354454D32,0x537569746520353030,NULL,NULL,NULL),
 (7,0x313036204A6566666572736F6E20537472656574,0x4E4349414C313036,0x414458505F414C5F434F444553595354454D35,0x4E434944414C313033,0x414458505F44414C5F434F444553595354454D33,0x537569746520353031,0x526F636B76696C6C65,NULL,NULL),
 (8,0x313037204A6566666572736F6E20537472656574,0x4E4349414C313037,0x414458505F414C5F434F444553595354454D36,0x4E434944414C313034,0x414458505F44414C5F434F444553595354454D34,0x537569746520353032,0x526F636B76696C6C65,0x52434B,NULL),
 (9,0x313038204A6566666572736F6E20537472656574,0x4E4349414C313038,0x414458505F414C5F434F444553595354454D37,0x4E434944414C313035,0x414458505F44414C5F434F444553595354454D35,0x537569746520353033,0x526F636B76696C6C65,0x52434B,0x52434B5F434F44455F535953),
 (10,0x313038204A6566666572736F6E20537472656574,0x4E4349414C313038,0x414458505F414C5F434F444553595354454D37,0x4E434944414C313035,0x414458505F44414C5F434F444553595354454D35,0x537569746520353033,0x526F636B76696C6C65,0x52434B,0x52434B5F434F44455F535953);
/*!40000 ALTER TABLE `dset_ad_value8` ENABLE KEYS */;


--
-- Definition of table `dset_cd`
--

DROP TABLE IF EXISTS `dset_cd`;
CREATE TABLE `dset_cd` (
  `id` int(8) NOT NULL,
  PRIMARY KEY  (`id`)
) ENGINE=InnoDB DEFAULT CHARSET=latin1;

--
-- Dumping data for table `dset_cd`
--

/*!40000 ALTER TABLE `dset_cd` DISABLE KEYS */;
INSERT INTO `dset_cd` (`id`) VALUES 
 (1),
 (2),
 (3),
 (4),
 (5),
 (6),
 (7),
 (8),
 (9),
 (10),
 (11),
 (12),
 (13),
 (14),
 (15),
 (16),
 (17),
 (18),
 (19),
 (20),
 (21),
 (22),
 (23),
 (24),
 (25),
 (26),
 (27),
 (28),
 (29),
 (30),
 (31),
 (32),
 (33),
 (34),
 (35);
/*!40000 ALTER TABLE `dset_cd` ENABLE KEYS */;


--
-- Definition of table `dset_cd_cd_value7`
--

DROP TABLE IF EXISTS `dset_cd_cd_value7`;
CREATE TABLE `dset_cd_cd_value7` (
  `dset_cd_id` int(8) NOT NULL,
  `dset_cd_value7_id` int(8) NOT NULL,
  PRIMARY KEY  (`dset_cd_value7_id`,`dset_cd_id`),
  KEY `fk_dset_cd_cd_value7_dset_cd` (`dset_cd_id`),
  CONSTRAINT `fk_dset_cd_cd_value7_dset_cd` FOREIGN KEY (`dset_cd_id`) REFERENCES `dset_cd` (`id`) ON DELETE NO ACTION ON UPDATE NO ACTION,
  CONSTRAINT `fk_dset_cd_cd_va_dset_cd5` FOREIGN KEY (`dset_cd_value7_id`) REFERENCES `dset_cd_value7` (`id`) ON DELETE NO ACTION ON UPDATE NO ACTION
) ENGINE=InnoDB DEFAULT CHARSET=latin1;

--
-- Dumping data for table `dset_cd_cd_value7`
--

/*!40000 ALTER TABLE `dset_cd_cd_value7` DISABLE KEYS */;
INSERT INTO `dset_cd_cd_value7` (`dset_cd_id`,`dset_cd_value7_id`) VALUES 
 (31,1),
 (32,2),
 (33,3),
 (34,4),
 (35,5);
/*!40000 ALTER TABLE `dset_cd_cd_value7` ENABLE KEYS */;


--
-- Definition of table `dset_cd_value1`
--

DROP TABLE IF EXISTS `dset_cd_value1`;
CREATE TABLE `dset_cd_value1` (
  `dset_cd_id` int(8) NOT NULL,
  `code` varchar(50) character set latin1 collate latin1_bin default NULL,
  PRIMARY KEY  (`dset_cd_id`),
  CONSTRAINT `fk_dset_cd_value1_dset_cd` FOREIGN KEY (`dset_cd_id`) REFERENCES `dset_cd` (`id`) ON DELETE NO ACTION ON UPDATE NO ACTION
) ENGINE=InnoDB DEFAULT CHARSET=latin1;

--
-- Dumping data for table `dset_cd_value1`
--

/*!40000 ALTER TABLE `dset_cd_value1` DISABLE KEYS */;
INSERT INTO `dset_cd_value1` (`dset_cd_id`,`code`) VALUES 
 (1,0x434F444531),
 (2,0x434F444532),
 (3,0x434F444533),
 (4,0x434F444534),
 (5,0x434F444535);
/*!40000 ALTER TABLE `dset_cd_value1` ENABLE KEYS */;


--
-- Definition of table `dset_cd_value2`
--

DROP TABLE IF EXISTS `dset_cd_value2`;
CREATE TABLE `dset_cd_value2` (
  `dset_cd_id` int(8) NOT NULL,
  `code` varchar(50) character set latin1 collate latin1_bin default NULL,
  `null_flavor` varchar(50) character set latin1 collate latin1_bin default NULL,
  PRIMARY KEY  (`dset_cd_id`),
  CONSTRAINT `fk_dset_cd_value2_dset_cd` FOREIGN KEY (`dset_cd_id`) REFERENCES `dset_cd` (`id`) ON DELETE NO ACTION ON UPDATE NO ACTION
) ENGINE=InnoDB DEFAULT CHARSET=latin1;

--
-- Dumping data for table `dset_cd_value2`
--

/*!40000 ALTER TABLE `dset_cd_value2` DISABLE KEYS */;
INSERT INTO `dset_cd_value2` (`dset_cd_id`,`code`,`null_flavor`) VALUES 
 (6,0x434F444531,NULL),
 (7,0x434F444532,NULL),
 (8,0x434F444533,NULL),
 (9,NULL,0x4E49),
 (10,NULL,0x4E49);
/*!40000 ALTER TABLE `dset_cd_value2` ENABLE KEYS */;


--
-- Definition of table `dset_cd_value3`
--

DROP TABLE IF EXISTS `dset_cd_value3`;
CREATE TABLE `dset_cd_value3` (
  `dset_cd_id` int(8) NOT NULL,
  `code` varchar(50) character set latin1 collate latin1_bin default NULL,
  `code_system` varchar(50) character set latin1 collate latin1_bin default NULL,
  `code_system_name` varchar(50) character set latin1 collate latin1_bin default NULL,
  PRIMARY KEY  (`dset_cd_id`),
  CONSTRAINT `fk_dset_cd_value3_dset_cd` FOREIGN KEY (`dset_cd_id`) REFERENCES `dset_cd` (`id`) ON DELETE NO ACTION ON UPDATE NO ACTION
) ENGINE=InnoDB DEFAULT CHARSET=latin1;

--
-- Dumping data for table `dset_cd_value3`
--

/*!40000 ALTER TABLE `dset_cd_value3` DISABLE KEYS */;
INSERT INTO `dset_cd_value3` (`dset_cd_id`,`code`,`code_system`,`code_system_name`) VALUES 
 (11,0x434F444531,0x434F44455F53595354454D31,0x434F44455F53595354454D5F4E414D4531),
 (12,0x434F444532,0x434F44455F53595354454D32,0x434F44455F53595354454D5F4E414D4532),
 (13,0x434F444533,0x434F44455F53595354454D33,0x434F44455F53595354454D5F4E414D4533),
 (14,0x434F444534,0x434F44455F53595354454D34,0x434F44455F53595354454D5F4E414D4534),
 (15,0x434F444535,0x434F44455F53595354454D35,0x434F44455F53595354454D5F4E414D4535);
/*!40000 ALTER TABLE `dset_cd_value3` ENABLE KEYS */;


--
-- Definition of table `dset_cd_value4`
--

DROP TABLE IF EXISTS `dset_cd_value4`;
CREATE TABLE `dset_cd_value4` (
  `dset_cd_id` int(8) NOT NULL,
  `code` varchar(50) character set latin1 collate latin1_bin default NULL,
  `code_system` varchar(50) character set latin1 collate latin1_bin default NULL,
  `code_system_name` varchar(50) character set latin1 collate latin1_bin default NULL,
  `code_system_version` varchar(50) character set latin1 collate latin1_bin default NULL,
  `displayable_value` varchar(50) character set latin1 collate latin1_bin default NULL,
  `originaltext_value` varchar(50) character set latin1 collate latin1_bin default NULL,
  `originaltext_desc` varchar(50) character set latin1 collate latin1_bin default NULL,
  PRIMARY KEY  (`dset_cd_id`),
  CONSTRAINT `fk_dset_cd_value4_dset_cd` FOREIGN KEY (`dset_cd_id`) REFERENCES `dset_cd` (`id`) ON DELETE NO ACTION ON UPDATE NO ACTION
) ENGINE=InnoDB DEFAULT CHARSET=latin1;

--
-- Dumping data for table `dset_cd_value4`
--

/*!40000 ALTER TABLE `dset_cd_value4` DISABLE KEYS */;
INSERT INTO `dset_cd_value4` (`dset_cd_id`,`code`,`code_system`,`code_system_name`,`code_system_version`,`displayable_value`,`originaltext_value`,`originaltext_desc`) VALUES 
 (16,0x434F444531,0x434F44455F53595354454D31,0x434F44455F53595354454D5F4E414D4531,0x434F44455F53595354454D5F56455253494F4E31,0x434F444531,0x4F72675465787456616C31,0x4F7267546578744465736331),
 (17,0x434F444532,0x434F44455F53595354454D32,0x434F44455F53595354454D5F4E414D4532,0x434F44455F53595354454D5F56455253494F4E32,0x434F444532,0x4F72675465787456616C32,0x4F7267546578744465736332),
 (18,0x434F444533,0x434F44455F53595354454D33,0x434F44455F53595354454D5F4E414D4533,0x434F44455F53595354454D5F56455253494F4E33,0x434F444533,0x4F72675465787456616C33,0x4F7267546578744465736333),
 (19,0x434F444534,0x434F44455F53595354454D34,0x434F44455F53595354454D5F4E414D4534,0x434F44455F53595354454D5F56455253494F4E34,0x434F444534,0x4F72675465787456616C34,0x4F7267546578744465736334),
 (20,0x434F444535,0x434F44455F53595354454D35,0x434F44455F53595354454D5F4E414D4535,0x434F44455F53595354454D5F56455253494F4E35,0x434F444535,0x4F72675465787456616C35,0x4F7267546578744465736335);
/*!40000 ALTER TABLE `dset_cd_value4` ENABLE KEYS */;


--
-- Definition of table `dset_cd_value5`
--

DROP TABLE IF EXISTS `dset_cd_value5`;
CREATE TABLE `dset_cd_value5` (
  `dset_cd_id` int(8) NOT NULL,
  `code` varchar(50) character set latin1 collate latin1_bin default NULL,
  `code_system` varchar(50) character set latin1 collate latin1_bin default NULL,
  `code_system_name` varchar(50) character set latin1 collate latin1_bin default NULL,
  `code_system_version` varchar(50) character set latin1 collate latin1_bin default NULL,
  `displayable_value` varchar(50) character set latin1 collate latin1_bin default NULL,
  `originaltext_value` varchar(50) character set latin1 collate latin1_bin default NULL,
  `originaltext_desc` varchar(50) character set latin1 collate latin1_bin default NULL,
  PRIMARY KEY  (`dset_cd_id`),
  CONSTRAINT `fk_dset_cd_value5_dset_cd` FOREIGN KEY (`dset_cd_id`) REFERENCES `dset_cd` (`id`) ON DELETE NO ACTION ON UPDATE NO ACTION
) ENGINE=InnoDB DEFAULT CHARSET=latin1;

--
-- Dumping data for table `dset_cd_value5`
--

/*!40000 ALTER TABLE `dset_cd_value5` DISABLE KEYS */;
INSERT INTO `dset_cd_value5` (`dset_cd_id`,`code`,`code_system`,`code_system_name`,`code_system_version`,`displayable_value`,`originaltext_value`,`originaltext_desc`) VALUES 
 (21,0x434F444531,0x434F44455F53595354454D31,0x434F44455F53595354454D5F4E414D4531,0x434F44455F53595354454D5F56455253494F4E31,0x434F444531,0x4F72675465787456616C31,0x4F7267546578744465736331),
 (22,0x434F444532,0x434F44455F53595354454D32,0x434F44455F53595354454D5F4E414D4532,0x434F44455F53595354454D5F56455253494F4E32,0x434F444532,0x4F72675465787456616C32,0x4F7267546578744465736332),
 (23,0x434F444533,0x434F44455F53595354454D33,0x434F44455F53595354454D5F4E414D4533,0x434F44455F53595354454D5F56455253494F4E33,0x434F444533,0x4F72675465787456616C33,0x4F7267546578744465736333),
 (24,0x434F444534,0x434F44455F53595354454D34,0x434F44455F53595354454D5F4E414D4534,0x434F44455F53595354454D5F56455253494F4E34,0x434F444534,0x4F72675465787456616C34,0x4F7267546578744465736334),
 (25,0x434F444535,0x434F44455F53595354454D35,0x434F44455F53595354454D5F4E414D4535,0x434F44455F53595354454D5F56455253494F4E35,0x434F444535,0x4F72675465787456616C35,0x4F7267546578744465736335);
/*!40000 ALTER TABLE `dset_cd_value5` ENABLE KEYS */;


--
-- Definition of table `dset_cd_value6`
--

DROP TABLE IF EXISTS `dset_cd_value6`;
CREATE TABLE `dset_cd_value6` (
  `id` int(8) NOT NULL,
  `dset_cd_id` int(8) default NULL,
  `code` varchar(50) character set latin1 collate latin1_bin default NULL,
  PRIMARY KEY  (`id`),
  KEY `fk_dset_cd_value6_dset_cd` (`dset_cd_id`),
  CONSTRAINT `fk_dset_cd_value6_dset_cd` FOREIGN KEY (`dset_cd_id`) REFERENCES `dset_cd` (`id`) ON DELETE NO ACTION ON UPDATE NO ACTION
) ENGINE=InnoDB DEFAULT CHARSET=latin1;

--
-- Dumping data for table `dset_cd_value6`
--

/*!40000 ALTER TABLE `dset_cd_value6` DISABLE KEYS */;
INSERT INTO `dset_cd_value6` (`id`,`dset_cd_id`,`code`) VALUES 
 (1,26,0x434F444531),
 (2,27,0x434F444532),
 (3,28,0x434F444533),
 (4,29,0x434F444534),
 (5,30,0x434F444535);
/*!40000 ALTER TABLE `dset_cd_value6` ENABLE KEYS */;


--
-- Definition of table `dset_cd_value7`
--

DROP TABLE IF EXISTS `dset_cd_value7`;
CREATE TABLE `dset_cd_value7` (
  `id` int(8) NOT NULL,
  `code` varchar(50) character set latin1 collate latin1_bin default NULL,
  PRIMARY KEY  (`id`)
) ENGINE=InnoDB DEFAULT CHARSET=latin1;

--
-- Dumping data for table `dset_cd_value7`
--

/*!40000 ALTER TABLE `dset_cd_value7` DISABLE KEYS */;
INSERT INTO `dset_cd_value7` (`id`,`code`) VALUES 
 (1,0x434F444531),
 (2,0x434F444532),
 (3,0x434F444533),
 (4,0x434F444534),
 (5,0x434F444535);
/*!40000 ALTER TABLE `dset_cd_value7` ENABLE KEYS */;


--
-- Definition of table `dset_en`
--

DROP TABLE IF EXISTS `dset_en`;
CREATE TABLE `dset_en` (
  `id` int(8) NOT NULL,
  PRIMARY KEY  (`id`)
) ENGINE=InnoDB DEFAULT CHARSET=latin1;

--
-- Dumping data for table `dset_en`
--

/*!40000 ALTER TABLE `dset_en` DISABLE KEYS */;
/*!40000 ALTER TABLE `dset_en` ENABLE KEYS */;


--
-- Definition of table `dset_en_value1`
--

DROP TABLE IF EXISTS `dset_en_value1`;
CREATE TABLE `dset_en_value1` (
  `dset_en_datatype_id` int(8) NOT NULL,
  `enxp_pn_value` varchar(50) character set latin1 collate latin1_bin default NULL,
  PRIMARY KEY  (`dset_en_datatype_id`),
  CONSTRAINT `fk_en_type_val_en_type` FOREIGN KEY (`dset_en_datatype_id`) REFERENCES `dset_en` (`id`) ON DELETE NO ACTION ON UPDATE NO ACTION
) ENGINE=InnoDB DEFAULT CHARSET=latin1;

--
-- Dumping data for table `dset_en_value1`
--

/*!40000 ALTER TABLE `dset_en_value1` DISABLE KEYS */;
/*!40000 ALTER TABLE `dset_en_value1` ENABLE KEYS */;


--
-- Definition of table `dset_en_value2`
--

DROP TABLE IF EXISTS `dset_en_value2`;
CREATE TABLE `dset_en_value2` (
  `dset_en_datatype_id` int(8) NOT NULL,
  `enxp_pn_value` varchar(50) character set latin1 collate latin1_bin default NULL,
  `enxp_pn_code` varchar(50) character set latin1 collate latin1_bin default NULL,
  PRIMARY KEY  (`dset_en_datatype_id`),
  CONSTRAINT `fk_en_type_val2_en_type` FOREIGN KEY (`dset_en_datatype_id`) REFERENCES `dset_en` (`id`) ON DELETE NO ACTION ON UPDATE NO ACTION
) ENGINE=InnoDB DEFAULT CHARSET=latin1;

--
-- Dumping data for table `dset_en_value2`
--

/*!40000 ALTER TABLE `dset_en_value2` DISABLE KEYS */;
/*!40000 ALTER TABLE `dset_en_value2` ENABLE KEYS */;


--
-- Definition of table `dset_en_value3`
--

DROP TABLE IF EXISTS `dset_en_value3`;
CREATE TABLE `dset_en_value3` (
  `dset_en_datatype_id` int(8) NOT NULL,
  `enxp_pn_code` varchar(50) character set latin1 collate latin1_bin default NULL,
  `enxp_pn_value` varchar(50) character set latin1 collate latin1_bin default NULL,
  `enxp_pn_codesystem` varchar(50) character set latin1 collate latin1_bin default NULL,
  `enxp_pn_codesystemversion` varchar(50) character set latin1 collate latin1_bin default NULL,
  PRIMARY KEY  (`dset_en_datatype_id`),
  CONSTRAINT `fk_en_type_val3_en_type` FOREIGN KEY (`dset_en_datatype_id`) REFERENCES `dset_en` (`id`) ON DELETE NO ACTION ON UPDATE NO ACTION
) ENGINE=InnoDB DEFAULT CHARSET=latin1;

--
-- Dumping data for table `dset_en_value3`
--

/*!40000 ALTER TABLE `dset_en_value3` DISABLE KEYS */;
/*!40000 ALTER TABLE `dset_en_value3` ENABLE KEYS */;


--
-- Definition of table `dset_en_value4`
--

DROP TABLE IF EXISTS `dset_en_value4`;
CREATE TABLE `dset_en_value4` (
  `dset_en_datatype_id` int(8) NOT NULL,
  `enxp_pn_value` varchar(50) character set latin1 collate latin1_bin default NULL,
  `enxp_pn_enpq` varchar(50) character set latin1 collate latin1_bin default NULL,
  PRIMARY KEY  (`dset_en_datatype_id`),
  CONSTRAINT `fk_en_datatype_val4_en_datat` FOREIGN KEY (`dset_en_datatype_id`) REFERENCES `dset_en` (`id`) ON DELETE NO ACTION ON UPDATE NO ACTION
) ENGINE=InnoDB DEFAULT CHARSET=latin1;

--
-- Dumping data for table `dset_en_value4`
--

/*!40000 ALTER TABLE `dset_en_value4` DISABLE KEYS */;
/*!40000 ALTER TABLE `dset_en_value4` ENABLE KEYS */;


--
-- Definition of table `dset_en_value5`
--

DROP TABLE IF EXISTS `dset_en_value5`;
CREATE TABLE `dset_en_value5` (
  `dset_en_datatype_id` int(8) NOT NULL,
  `enxp_pn_value` varchar(50) character set latin1 collate latin1_bin default NULL,
  `enxp_pn2_value` varchar(50) character set latin1 collate latin1_bin default NULL,
  `enxp_pn_code` varchar(50) character set latin1 collate latin1_bin default NULL,
  `enxp_pn2_code` varchar(50) character set latin1 collate latin1_bin default NULL,
  `enxp_pn_codesystem` varchar(50) character set latin1 collate latin1_bin default NULL,
  `enxp_pn2_codesystem` varchar(50) character set latin1 collate latin1_bin default NULL,
  `enxp_pn2_codesystemversion` varchar(50) character set latin1 collate latin1_bin default NULL,
  `enxp_pn_codesystemversion` varchar(50) character set latin1 collate latin1_bin default NULL,
  PRIMARY KEY  (`dset_en_datatype_id`)
) ENGINE=InnoDB DEFAULT CHARSET=latin1;

--
-- Dumping data for table `dset_en_value5`
--

/*!40000 ALTER TABLE `dset_en_value5` DISABLE KEYS */;
/*!40000 ALTER TABLE `dset_en_value5` ENABLE KEYS */;


--
-- Definition of table `dset_en_value6`
--

DROP TABLE IF EXISTS `dset_en_value6`;
CREATE TABLE `dset_en_value6` (
  `dset_en_datatype_id` int(8) NOT NULL,
  `enxp_pn_value` varchar(50) character set latin1 collate latin1_bin default NULL,
  `enxp_pn_code` varchar(50) character set latin1 collate latin1_bin default NULL,
  `enxp_pn_codesystem` varchar(50) character set latin1 collate latin1_bin default NULL,
  `enxp_pn_codesystemversion` varchar(50) character set latin1 collate latin1_bin default NULL,
  `enxp_on_value` varchar(50) character set latin1 collate latin1_bin default NULL,
  `enxp_on_code` varchar(50) character set latin1 collate latin1_bin default NULL,
  `enxp_on_codesystem` varchar(50) character set latin1 collate latin1_bin default NULL,
  `enxp_on_codesystemversion` varchar(50) character set latin1 collate latin1_bin default NULL,
  PRIMARY KEY  (`dset_en_datatype_id`),
  CONSTRAINT `fk_en_datatype_val6_en_datat` FOREIGN KEY (`dset_en_datatype_id`) REFERENCES `dset_en` (`id`) ON DELETE NO ACTION ON UPDATE NO ACTION
) ENGINE=InnoDB DEFAULT CHARSET=latin1;

--
-- Dumping data for table `dset_en_value6`
--

/*!40000 ALTER TABLE `dset_en_value6` DISABLE KEYS */;
/*!40000 ALTER TABLE `dset_en_value6` ENABLE KEYS */;


--
-- Definition of table `dset_en_value7`
--

DROP TABLE IF EXISTS `dset_en_value7`;
CREATE TABLE `dset_en_value7` (
  `dset_en_datatype_id` int(8) NOT NULL,
  `enxp_pn_code` varchar(50) character set latin1 collate latin1_bin default NULL,
  `enxp_on_code` varchar(50) character set latin1 collate latin1_bin default NULL,
  `enxp_pn_value` varchar(50) character set latin1 collate latin1_bin default NULL,
  `enxp_on_value` varchar(50) character set latin1 collate latin1_bin default NULL,
  `enxp_on_codesystem` varchar(50) character set latin1 collate latin1_bin default NULL,
  `enxp_pn_codesystem` varchar(50) character set latin1 collate latin1_bin default NULL,
  `enxp_on_codesystemversion` varchar(50) character set latin1 collate latin1_bin default NULL,
  `enxp_pn_codesystemversion` varchar(50) character set latin1 collate latin1_bin default NULL,
  PRIMARY KEY  (`dset_en_datatype_id`),
  CONSTRAINT `fk_en_datatype_val7_en_datat` FOREIGN KEY (`dset_en_datatype_id`) REFERENCES `dset_en` (`id`) ON DELETE NO ACTION ON UPDATE NO ACTION
) ENGINE=InnoDB DEFAULT CHARSET=latin1;

--
-- Dumping data for table `dset_en_value7`
--

/*!40000 ALTER TABLE `dset_en_value7` DISABLE KEYS */;
/*!40000 ALTER TABLE `dset_en_value7` ENABLE KEYS */;


--
-- Definition of table `dset_ii`
--

DROP TABLE IF EXISTS `dset_ii`;
CREATE TABLE `dset_ii` (
  `id` int(8) NOT NULL,
  PRIMARY KEY  (`id`)
) ENGINE=InnoDB DEFAULT CHARSET=latin1;

--
-- Dumping data for table `dset_ii`
--

/*!40000 ALTER TABLE `dset_ii` DISABLE KEYS */;
INSERT INTO `dset_ii` (`id`) VALUES 
 (1),
 (2),
 (3),
 (4),
 (5),
 (6),
 (7),
 (8),
 (9),
 (10),
 (11),
 (12),
 (13),
 (14),
 (15),
 (16),
 (17),
 (18),
 (19),
 (20),
 (21),
 (22),
 (23),
 (24),
 (25),
 (26),
 (27),
 (28),
 (29);
/*!40000 ALTER TABLE `dset_ii` ENABLE KEYS */;


--
-- Definition of table `dset_ii_ii_value6`
--

DROP TABLE IF EXISTS `dset_ii_ii_value6`;
CREATE TABLE `dset_ii_ii_value6` (
  `dset_ii_id` int(8) NOT NULL,
  `dset_ii_value6_id` int(8) NOT NULL,
  PRIMARY KEY  (`dset_ii_value6_id`,`dset_ii_id`),
  KEY `fk_dset_ii_ii_value6_dset_ii` (`dset_ii_id`),
  CONSTRAINT `fk_dset_ii_ii_value6_dset_ii` FOREIGN KEY (`dset_ii_id`) REFERENCES `dset_ii` (`id`) ON DELETE NO ACTION ON UPDATE NO ACTION,
  CONSTRAINT `fk_dset_ii_ii_va_dset_ii_val` FOREIGN KEY (`dset_ii_value6_id`) REFERENCES `dset_ii_value6` (`id`) ON DELETE NO ACTION ON UPDATE NO ACTION
) ENGINE=InnoDB DEFAULT CHARSET=latin1;

--
-- Dumping data for table `dset_ii_ii_value6`
--

/*!40000 ALTER TABLE `dset_ii_ii_value6` DISABLE KEYS */;
INSERT INTO `dset_ii_ii_value6` (`dset_ii_id`,`dset_ii_value6_id`) VALUES 
 (26,1),
 (27,1),
 (28,1),
 (29,2),
 (29,3);
/*!40000 ALTER TABLE `dset_ii_ii_value6` ENABLE KEYS */;


--
-- Definition of table `dset_ii_value1`
--

DROP TABLE IF EXISTS `dset_ii_value1`;
CREATE TABLE `dset_ii_value1` (
  `dset_ii_id` int(8) NOT NULL,
  `extension` varchar(50) character set latin1 collate latin1_bin default NULL,
  PRIMARY KEY  (`dset_ii_id`),
  CONSTRAINT `fk_dset_ii_value1_dsetii` FOREIGN KEY (`dset_ii_id`) REFERENCES `dset_ii` (`id`) ON DELETE NO ACTION ON UPDATE NO ACTION
) ENGINE=InnoDB DEFAULT CHARSET=latin1;

--
-- Dumping data for table `dset_ii_value1`
--

/*!40000 ALTER TABLE `dset_ii_value1` DISABLE KEYS */;
INSERT INTO `dset_ii_value1` (`dset_ii_id`,`extension`) VALUES 
 (1,0x457874656E73696F6E31),
 (2,0x457874656E73696F6E32),
 (3,0x457874656E73696F6E33),
 (4,0x457874656E73696F6E34),
 (5,0x457874656E73696F6E35);
/*!40000 ALTER TABLE `dset_ii_value1` ENABLE KEYS */;


--
-- Definition of table `dset_ii_value2`
--

DROP TABLE IF EXISTS `dset_ii_value2`;
CREATE TABLE `dset_ii_value2` (
  `dset_ii_id` int(8) NOT NULL,
  `extension` varchar(50) character set latin1 collate latin1_bin default NULL,
  `root` varchar(50) character set latin1 collate latin1_bin default NULL,
  `null_flavor` varchar(50) character set latin1 collate latin1_bin default NULL,
  PRIMARY KEY  (`dset_ii_id`),
  CONSTRAINT `fk_dset_ii_value2_dsetii` FOREIGN KEY (`dset_ii_id`) REFERENCES `dset_ii` (`id`) ON DELETE NO ACTION ON UPDATE NO ACTION
) ENGINE=InnoDB DEFAULT CHARSET=latin1;

--
-- Dumping data for table `dset_ii_value2`
--

/*!40000 ALTER TABLE `dset_ii_value2` DISABLE KEYS */;
INSERT INTO `dset_ii_value2` (`dset_ii_id`,`extension`,`root`,`null_flavor`) VALUES 
 (6,NULL,NULL,0x4E49),
 (7,0x457874656E73696F6E32,0x524F4F5432,NULL),
 (8,0x457874656E73696F6E33,0x524F4F5433,NULL),
 (9,0x457874656E73696F6E34,0x524F4F5434,NULL),
 (10,0x457874656E73696F6E35,0x524F4F5435,NULL);
/*!40000 ALTER TABLE `dset_ii_value2` ENABLE KEYS */;


--
-- Definition of table `dset_ii_value3`
--

DROP TABLE IF EXISTS `dset_ii_value3`;
CREATE TABLE `dset_ii_value3` (
  `dset_ii_id` int(8) NOT NULL,
  `extension` varchar(50) character set latin1 collate latin1_bin default NULL,
  `identifier_name` varchar(50) character set latin1 collate latin1_bin default NULL,
  `displayable_value` varchar(1) character set latin1 collate latin1_bin default NULL,
  `reliability` varchar(50) character set latin1 collate latin1_bin default NULL,
  `scope` varchar(50) character set latin1 collate latin1_bin default NULL,
  PRIMARY KEY  (`dset_ii_id`),
  CONSTRAINT `fk_dset_ii_value3_dsetii` FOREIGN KEY (`dset_ii_id`) REFERENCES `dset_ii` (`id`) ON DELETE NO ACTION ON UPDATE NO ACTION
) ENGINE=InnoDB DEFAULT CHARSET=latin1;

--
-- Dumping data for table `dset_ii_value3`
--

/*!40000 ALTER TABLE `dset_ii_value3` DISABLE KEYS */;
INSERT INTO `dset_ii_value3` (`dset_ii_id`,`extension`,`identifier_name`,`displayable_value`,`reliability`,`scope`) VALUES 
 (11,0x457874656E73696F6E31,NULL,NULL,NULL,NULL),
 (12,NULL,0x4944454E5449464945525F4E414D4532,NULL,NULL,NULL),
 (13,0x457874656E73696F6E33,0x4944454E5449464945525F4E414D4533,NULL,NULL,NULL),
 (14,0x457874656E73696F6E34,0x4944454E5449464945525F4E414D4534,NULL,NULL,NULL),
 (15,0x457874656E73696F6E35,0x4944454E5449464945525F4E414D4535,NULL,NULL,NULL);
/*!40000 ALTER TABLE `dset_ii_value3` ENABLE KEYS */;


--
-- Definition of table `dset_ii_value4`
--

DROP TABLE IF EXISTS `dset_ii_value4`;
CREATE TABLE `dset_ii_value4` (
  `dset_ii_id` int(8) NOT NULL,
  `root` varchar(50) character set latin1 collate latin1_bin default NULL,
  `extension` varchar(50) character set latin1 collate latin1_bin default NULL,
  `identifier_name` varchar(50) character set latin1 collate latin1_bin default NULL,
  `reliability` varchar(50) character set latin1 collate latin1_bin default NULL,
  `scope` varchar(50) character set latin1 collate latin1_bin default NULL,
  `displayable_value` varchar(1) character set latin1 collate latin1_bin default NULL,
  `null_flavor` varchar(50) character set latin1 collate latin1_bin default NULL,
  PRIMARY KEY  (`dset_ii_id`),
  CONSTRAINT `fk_dset_ii_value4_dsetii` FOREIGN KEY (`dset_ii_id`) REFERENCES `dset_ii` (`id`) ON DELETE NO ACTION ON UPDATE NO ACTION
) ENGINE=InnoDB DEFAULT CHARSET=latin1;

--
-- Dumping data for table `dset_ii_value4`
--

/*!40000 ALTER TABLE `dset_ii_value4` DISABLE KEYS */;
INSERT INTO `dset_ii_value4` (`dset_ii_id`,`root`,`extension`,`identifier_name`,`reliability`,`scope`,`displayable_value`,`null_flavor`) VALUES 
 (16,0x526F6F7431,0x457874656E73696F6E31,NULL,NULL,NULL,0x31,NULL),
 (17,0x526F6F7432,0x457874656E73696F6E32,0x4944454E5449464945525F4E414D4532,NULL,NULL,0x31,NULL),
 (18,0x526F6F7433,NULL,0x4944454E5449464945525F4E414D4533,0x495353,NULL,0x31,NULL),
 (19,0x526F6F7434,0x457874656E73696F6E34,0x4944454E5449464945525F4E414D4534,0x495353,0x4255534E,0x30,NULL),
 (20,0x526F6F7435,0x457874656E73696F6E35,0x4944454E5449464945525F4E414D4535,0x495353,0x4255534E,0x31,NULL);
/*!40000 ALTER TABLE `dset_ii_value4` ENABLE KEYS */;


--
-- Definition of table `dset_ii_value5`
--

DROP TABLE IF EXISTS `dset_ii_value5`;
CREATE TABLE `dset_ii_value5` (
  `id` int(8) NOT NULL,
  `dset_ii_id` int(8) default NULL,
  `extension` varchar(50) character set latin1 collate latin1_bin default NULL,
  PRIMARY KEY  (`id`),
  KEY `fk_dset_ii_value5_dset_ii` (`dset_ii_id`),
  CONSTRAINT `fk_dset_ii_value5_dset_ii` FOREIGN KEY (`dset_ii_id`) REFERENCES `dset_ii` (`id`) ON DELETE NO ACTION ON UPDATE NO ACTION
) ENGINE=InnoDB DEFAULT CHARSET=latin1;

--
-- Dumping data for table `dset_ii_value5`
--

/*!40000 ALTER TABLE `dset_ii_value5` DISABLE KEYS */;
INSERT INTO `dset_ii_value5` (`id`,`dset_ii_id`,`extension`) VALUES 
 (1,21,0x457874656E73696F6E31),
 (2,22,0x457874656E73696F6E32),
 (3,23,0x457874656E73696F6E33),
 (4,24,0x457874656E73696F6E34),
 (5,25,0x457874656E73696F6E35);
/*!40000 ALTER TABLE `dset_ii_value5` ENABLE KEYS */;


--
-- Definition of table `dset_ii_value6`
--

DROP TABLE IF EXISTS `dset_ii_value6`;
CREATE TABLE `dset_ii_value6` (
  `id` int(8) NOT NULL,
  `extension` varchar(50) character set latin1 collate latin1_bin default NULL,
  PRIMARY KEY  (`id`)
) ENGINE=InnoDB DEFAULT CHARSET=latin1;

--
-- Dumping data for table `dset_ii_value6`
--

/*!40000 ALTER TABLE `dset_ii_value6` DISABLE KEYS */;
INSERT INTO `dset_ii_value6` (`id`,`extension`) VALUES 
 (1,0x457874656E73696F6E31),
 (2,0x457874656E73696F6E34),
 (3,0x457874656E73696F6E35);
/*!40000 ALTER TABLE `dset_ii_value6` ENABLE KEYS */;


--
-- Definition of table `dset_tel`
--

DROP TABLE IF EXISTS `dset_tel`;
CREATE TABLE `dset_tel` (
  `id` int(8) NOT NULL,
  `null_flavor` varchar(50) character set latin1 collate latin1_bin default NULL,
  PRIMARY KEY  (`id`)
) ENGINE=InnoDB DEFAULT CHARSET=latin1;

--
-- Dumping data for table `dset_tel`
--

/*!40000 ALTER TABLE `dset_tel` DISABLE KEYS */;
INSERT INTO `dset_tel` (`id`,`null_flavor`) VALUES 
 (0,NULL),
 (1,NULL),
 (2,NULL),
 (3,NULL),
 (4,NULL),
 (5,NULL),
 (6,NULL),
 (7,NULL),
 (8,NULL),
 (9,NULL),
 (10,NULL),
 (11,NULL),
 (12,NULL),
 (13,NULL),
 (14,NULL);
/*!40000 ALTER TABLE `dset_tel` ENABLE KEYS */;


--
-- Definition of table `dset_tel_email`
--

DROP TABLE IF EXISTS `dset_tel_email`;
CREATE TABLE `dset_tel_email` (
  `id` int(8) NOT NULL,
  `null_flavor` varchar(50) character set latin1 collate latin1_bin default NULL,
  PRIMARY KEY  (`id`)
) ENGINE=InnoDB DEFAULT CHARSET=latin1;

--
-- Dumping data for table `dset_tel_email`
--

/*!40000 ALTER TABLE `dset_tel_email` DISABLE KEYS */;
INSERT INTO `dset_tel_email` (`id`,`null_flavor`) VALUES 
 (0,NULL),
 (1,NULL),
 (2,NULL),
 (3,NULL),
 (4,NULL),
 (5,NULL),
 (6,NULL),
 (7,NULL),
 (8,NULL),
 (9,NULL);
/*!40000 ALTER TABLE `dset_tel_email` ENABLE KEYS */;


--
-- Definition of table `dset_tel_email_value1`
--

DROP TABLE IF EXISTS `dset_tel_email_value1`;
CREATE TABLE `dset_tel_email_value1` (
  `dset_tel_email_id` int(8) NOT NULL,
  `tel_email_value` varchar(50) character set latin1 collate latin1_bin default NULL,
  PRIMARY KEY  (`dset_tel_email_id`),
  CONSTRAINT `fk_dset_tel_emai_dset_tel_ema` FOREIGN KEY (`dset_tel_email_id`) REFERENCES `dset_tel_email` (`id`) ON DELETE NO ACTION ON UPDATE NO ACTION
) ENGINE=InnoDB DEFAULT CHARSET=latin1;

--
-- Dumping data for table `dset_tel_email_value1`
--

/*!40000 ALTER TABLE `dset_tel_email_value1` DISABLE KEYS */;
INSERT INTO `dset_tel_email_value1` (`dset_tel_email_id`,`tel_email_value`) VALUES 
 (0,0x54454C5F454D41494C5F56414C554531),
 (1,0x54454C5F454D41494C5F56414C554532),
 (2,0x54454C5F454D41494C5F56414C554533),
 (3,0x54454C5F454D41494C5F56414C554534),
 (4,0x54454C5F454D41494C5F56414C554535),
 (5,0x54454C5F454D41494C5F56414C554531),
 (6,0x54454C5F454D41494C5F56414C554532),
 (7,0x54454C5F454D41494C5F56414C554533),
 (8,0x54454C5F454D41494C5F56414C554534),
 (9,0x54454C5F454D41494C5F56414C554535);
/*!40000 ALTER TABLE `dset_tel_email_value1` ENABLE KEYS */;


--
-- Definition of table `dset_tel_email_value2`
--

DROP TABLE IF EXISTS `dset_tel_email_value2`;
CREATE TABLE `dset_tel_email_value2` (
  `dset_tel_email_id` int(8) default NULL,
  `tel_email_value` varchar(50) character set latin1 collate latin1_bin default NULL,
  `tel_email_null_flavor` varchar(50) character set latin1 collate latin1_bin default NULL,
  KEY `fk_tel_email_val_dset_tel_ema` (`dset_tel_email_id`),
  CONSTRAINT `fk_tel_email_val_dset_tel_ema` FOREIGN KEY (`dset_tel_email_id`) REFERENCES `dset_tel_email` (`id`) ON DELETE NO ACTION ON UPDATE NO ACTION
) ENGINE=InnoDB DEFAULT CHARSET=latin1;

--
-- Dumping data for table `dset_tel_email_value2`
--

/*!40000 ALTER TABLE `dset_tel_email_value2` DISABLE KEYS */;
/*!40000 ALTER TABLE `dset_tel_email_value2` ENABLE KEYS */;


--
-- Definition of table `dset_tel_person`
--

DROP TABLE IF EXISTS `dset_tel_person`;
CREATE TABLE `dset_tel_person` (
  `id` int(8) NOT NULL,
  `null_flavor` varchar(50) character set latin1 collate latin1_bin default NULL,
  PRIMARY KEY  (`id`)
) ENGINE=InnoDB DEFAULT CHARSET=latin1;

--
-- Dumping data for table `dset_tel_person`
--

/*!40000 ALTER TABLE `dset_tel_person` DISABLE KEYS */;
INSERT INTO `dset_tel_person` (`id`,`null_flavor`) VALUES 
 (0,NULL),
 (1,NULL),
 (2,NULL),
 (3,NULL),
 (4,NULL);
/*!40000 ALTER TABLE `dset_tel_person` ENABLE KEYS */;


--
-- Definition of table `dset_tel_person_value1`
--

DROP TABLE IF EXISTS `dset_tel_person_value1`;
CREATE TABLE `dset_tel_person_value1` (
  `dset_tel_person_id` int(8) NOT NULL,
  `tel_person_value` varchar(50) character set latin1 collate latin1_bin default NULL,
  PRIMARY KEY  (`dset_tel_person_id`),
  CONSTRAINT `fk_dset_tel_pers_dset_tel_per` FOREIGN KEY (`dset_tel_person_id`) REFERENCES `dset_tel_person` (`id`) ON DELETE NO ACTION ON UPDATE NO ACTION
) ENGINE=InnoDB DEFAULT CHARSET=latin1;

--
-- Dumping data for table `dset_tel_person_value1`
--

/*!40000 ALTER TABLE `dset_tel_person_value1` DISABLE KEYS */;
INSERT INTO `dset_tel_person_value1` (`dset_tel_person_id`,`tel_person_value`) VALUES 
 (0,0x54454C5F504552534F4E5F56414C554531),
 (1,0x54454C5F504552534F4E5F56414C554532),
 (2,0x54454C5F504552534F4E5F56414C554533),
 (3,0x54454C5F504552534F4E5F56414C554534),
 (4,0x54454C5F504552534F4E5F56414C554535);
/*!40000 ALTER TABLE `dset_tel_person_value1` ENABLE KEYS */;


--
-- Definition of table `dset_tel_phone`
--

DROP TABLE IF EXISTS `dset_tel_phone`;
CREATE TABLE `dset_tel_phone` (
  `id` int(8) NOT NULL,
  `null_flavor` varchar(50) character set latin1 collate latin1_bin default NULL,
  PRIMARY KEY  (`id`)
) ENGINE=InnoDB DEFAULT CHARSET=latin1;

--
-- Dumping data for table `dset_tel_phone`
--

/*!40000 ALTER TABLE `dset_tel_phone` DISABLE KEYS */;
INSERT INTO `dset_tel_phone` (`id`,`null_flavor`) VALUES 
 (0,NULL),
 (1,NULL),
 (2,NULL),
 (3,NULL),
 (4,NULL);
/*!40000 ALTER TABLE `dset_tel_phone` ENABLE KEYS */;


--
-- Definition of table `dset_tel_phone_value1`
--

DROP TABLE IF EXISTS `dset_tel_phone_value1`;
CREATE TABLE `dset_tel_phone_value1` (
  `dset_tel_phone_id` int(8) NOT NULL,
  `tel_phone_value` varchar(50) character set latin1 collate latin1_bin default NULL,
  PRIMARY KEY  (`dset_tel_phone_id`),
  CONSTRAINT `fk_dset_tel_phon_dset_tel_pho` FOREIGN KEY (`dset_tel_phone_id`) REFERENCES `dset_tel_phone` (`id`) ON DELETE NO ACTION ON UPDATE NO ACTION
) ENGINE=InnoDB DEFAULT CHARSET=latin1;

--
-- Dumping data for table `dset_tel_phone_value1`
--

/*!40000 ALTER TABLE `dset_tel_phone_value1` DISABLE KEYS */;
INSERT INTO `dset_tel_phone_value1` (`dset_tel_phone_id`,`tel_phone_value`) VALUES 
 (0,0x54454C5F50484F4E455F56414C554531),
 (1,0x54454C5F50484F4E455F56414C554532),
 (2,0x54454C5F50484F4E455F56414C554533),
 (3,0x54454C5F50484F4E455F56414C554534),
 (4,0x54454C5F50484F4E455F56414C554535);
/*!40000 ALTER TABLE `dset_tel_phone_value1` ENABLE KEYS */;


--
-- Definition of table `dset_tel_tel_value_3`
--

DROP TABLE IF EXISTS `dset_tel_tel_value_3`;
CREATE TABLE `dset_tel_tel_value_3` (
  `dset_tel_id` int(8) NOT NULL,
  `dset_tel_value3_id` int(8) NOT NULL,
  PRIMARY KEY  (`dset_tel_value3_id`,`dset_tel_id`),
  KEY `fk_dset_tel_tel_valu_dset_tel` (`dset_tel_id`),
  CONSTRAINT `fk_dset_tel_tel_valu_dset_tel` FOREIGN KEY (`dset_tel_id`) REFERENCES `dset_tel` (`id`) ON DELETE NO ACTION ON UPDATE NO ACTION,
  CONSTRAINT `fk_dset_tel_tel__dset_tel_val` FOREIGN KEY (`dset_tel_value3_id`) REFERENCES `dset_tel_value3` (`id`) ON DELETE NO ACTION ON UPDATE NO ACTION
) ENGINE=InnoDB DEFAULT CHARSET=latin1;

--
-- Dumping data for table `dset_tel_tel_value_3`
--

/*!40000 ALTER TABLE `dset_tel_tel_value_3` DISABLE KEYS */;
INSERT INTO `dset_tel_tel_value_3` (`dset_tel_id`,`dset_tel_value3_id`) VALUES 
 (10,1),
 (11,1),
 (12,1),
 (13,1),
 (14,1);
/*!40000 ALTER TABLE `dset_tel_tel_value_3` ENABLE KEYS */;


--
-- Definition of table `dset_tel_url`
--

DROP TABLE IF EXISTS `dset_tel_url`;
CREATE TABLE `dset_tel_url` (
  `id` int(8) NOT NULL,
  `null_flavor` varchar(50) character set latin1 collate latin1_bin default NULL,
  PRIMARY KEY  (`id`)
) ENGINE=InnoDB DEFAULT CHARSET=latin1;

--
-- Dumping data for table `dset_tel_url`
--

/*!40000 ALTER TABLE `dset_tel_url` DISABLE KEYS */;
INSERT INTO `dset_tel_url` (`id`,`null_flavor`) VALUES 
 (0,NULL),
 (1,NULL),
 (2,NULL),
 (3,NULL),
 (4,NULL);
/*!40000 ALTER TABLE `dset_tel_url` ENABLE KEYS */;


--
-- Definition of table `dset_tel_url_value1`
--

DROP TABLE IF EXISTS `dset_tel_url_value1`;
CREATE TABLE `dset_tel_url_value1` (
  `dset_tel_url_id` int(8) NOT NULL,
  `tel_url_value` varchar(50) character set latin1 collate latin1_bin default NULL,
  PRIMARY KEY  (`dset_tel_url_id`),
  CONSTRAINT `fk_dset_tel_url_v_dset_tel_url` FOREIGN KEY (`dset_tel_url_id`) REFERENCES `dset_tel_url` (`id`) ON DELETE NO ACTION ON UPDATE NO ACTION
) ENGINE=InnoDB DEFAULT CHARSET=latin1;

--
-- Dumping data for table `dset_tel_url_value1`
--

/*!40000 ALTER TABLE `dset_tel_url_value1` DISABLE KEYS */;
INSERT INTO `dset_tel_url_value1` (`dset_tel_url_id`,`tel_url_value`) VALUES 
 (0,0x54454C5F55524C5F56414C554531),
 (1,0x54454C5F55524C5F56414C554532),
 (2,0x54454C5F55524C5F56414C554533),
 (3,0x54454C5F55524C5F56414C554534),
 (4,0x54454C5F55524C5F56414C554535);
/*!40000 ALTER TABLE `dset_tel_url_value1` ENABLE KEYS */;


--
-- Definition of table `dset_tel_value1`
--

DROP TABLE IF EXISTS `dset_tel_value1`;
CREATE TABLE `dset_tel_value1` (
  `dset_tel_id` int(8) NOT NULL,
  `tel_value` varchar(50) character set latin1 collate latin1_bin default NULL,
  PRIMARY KEY  (`dset_tel_id`),
  CONSTRAINT `fk_dset_tel_value1_dset_tel` FOREIGN KEY (`dset_tel_id`) REFERENCES `dset_tel` (`id`) ON DELETE NO ACTION ON UPDATE NO ACTION
) ENGINE=InnoDB DEFAULT CHARSET=latin1;

--
-- Dumping data for table `dset_tel_value1`
--

/*!40000 ALTER TABLE `dset_tel_value1` DISABLE KEYS */;
INSERT INTO `dset_tel_value1` (`dset_tel_id`,`tel_value`) VALUES 
 (0,0x74656C3A2F2F3132332D3435362D37383931),
 (1,0x74656C3A2F2F3132332D3435362D37383932),
 (2,0x74656C3A2F2F3132332D3435362D37383933),
 (3,0x74656C3A2F2F3132332D3435362D37383934),
 (4,0x74656C3A2F2F3132332D3435362D37383935);
/*!40000 ALTER TABLE `dset_tel_value1` ENABLE KEYS */;


--
-- Definition of table `dset_tel_value2`
--

DROP TABLE IF EXISTS `dset_tel_value2`;
CREATE TABLE `dset_tel_value2` (
  `id` int(8) NOT NULL,
  `dset_tel_id` int(8) default NULL,
  `tel_value` varchar(50) character set latin1 collate latin1_bin default NULL,
  PRIMARY KEY  (`id`),
  KEY `fk_dset_tel_value2_dset_tel` (`dset_tel_id`),
  CONSTRAINT `fk_dset_tel_value2_dset_tel` FOREIGN KEY (`dset_tel_id`) REFERENCES `dset_tel` (`id`) ON DELETE NO ACTION ON UPDATE NO ACTION
) ENGINE=InnoDB DEFAULT CHARSET=latin1;

--
-- Dumping data for table `dset_tel_value2`
--

/*!40000 ALTER TABLE `dset_tel_value2` DISABLE KEYS */;
INSERT INTO `dset_tel_value2` (`id`,`dset_tel_id`,`tel_value`) VALUES 
 (1,5,0x74656C3A2F2F3132332D3435362D37383931),
 (2,6,0x74656C3A2F2F3132332D3435362D37383932),
 (3,7,0x74656C3A2F2F3132332D3435362D37383933),
 (4,8,0x74656C3A2F2F3132332D3435362D37383934),
 (5,9,0x74656C3A2F2F3132332D3435362D37383935);
/*!40000 ALTER TABLE `dset_tel_value2` ENABLE KEYS */;


--
-- Definition of table `dset_tel_value3`
--

DROP TABLE IF EXISTS `dset_tel_value3`;
CREATE TABLE `dset_tel_value3` (
  `id` int(8) NOT NULL,
  `tel_value` varchar(50) character set latin1 collate latin1_bin default NULL,
  PRIMARY KEY  (`id`)
) ENGINE=InnoDB DEFAULT CHARSET=latin1;

--
-- Dumping data for table `dset_tel_value3`
--

/*!40000 ALTER TABLE `dset_tel_value3` DISABLE KEYS */;
INSERT INTO `dset_tel_value3` (`id`,`tel_value`) VALUES 
 (1,0x74656C3A2F2F3132332D3435362D37383932);
/*!40000 ALTER TABLE `dset_tel_value3` ENABLE KEYS */;


--
-- Definition of table `ed_datatype`
--

DROP TABLE IF EXISTS `ed_datatype`;
CREATE TABLE `ed_datatype` (
  `id` int(8) NOT NULL,
  `value1_data` longblob,
  `value2_null_flavor` varchar(50) character set latin1 collate latin1_bin default NULL,
  `value2_data` longblob,
  `value2_compression` varchar(50) character set latin1 collate latin1_bin default NULL,
  `value3_null_flavor` varchar(50) character set latin1 collate latin1_bin default NULL,
  `value3_data` longblob,
  `value3_compression` varchar(50) character set latin1 collate latin1_bin default NULL,
  `value3_description` varchar(50) character set latin1 collate latin1_bin default NULL,
  `value3_value` varchar(50) character set latin1 collate latin1_bin default NULL,
  PRIMARY KEY  (`id`)
) ENGINE=InnoDB DEFAULT CHARSET=latin1;

--
-- Dumping data for table `ed_datatype`
--

/*!40000 ALTER TABLE `ed_datatype` DISABLE KEYS */;
INSERT INTO `ed_datatype` (`id`,`value1_data`,`value2_null_flavor`,`value2_data`,`value2_compression`,`value3_null_flavor`,`value3_data`,`value3_compression`,`value3_description`,`value3_value`) VALUES 
 (1,NULL,NULL,NULL,NULL,NULL,NULL,NULL,NULL,NULL),
 (2,0x011010101001,NULL,NULL,NULL,NULL,NULL,NULL,NULL,NULL),
 (3,0x011010101001,NULL,NULL,NULL,NULL,NULL,NULL,NULL,NULL),
 (4,0x011010101001,NULL,NULL,NULL,NULL,NULL,NULL,NULL,NULL),
 (5,0x011010101001,NULL,NULL,NULL,NULL,NULL,NULL,NULL,NULL),
 (6,0x011010101001,NULL,NULL,NULL,NULL,NULL,NULL,NULL,NULL),
 (7,NULL,0x4E49,NULL,NULL,NULL,NULL,NULL,NULL,NULL),
 (8,NULL,NULL,0x011010101001,NULL,NULL,NULL,NULL,NULL,NULL),
 (9,NULL,NULL,NULL,NULL,NULL,NULL,NULL,NULL,NULL),
 (10,NULL,NULL,NULL,0x475A,NULL,NULL,NULL,NULL,NULL),
 (11,NULL,NULL,0x011010101001,0x475A,NULL,NULL,NULL,NULL,NULL),
 (12,NULL,NULL,NULL,NULL,NULL,NULL,0x475A,NULL,NULL),
 (13,NULL,NULL,NULL,NULL,0x4E49,NULL,NULL,NULL,NULL),
 (14,NULL,NULL,NULL,NULL,NULL,NULL,0x475A,NULL,NULL),
 (15,NULL,NULL,NULL,NULL,NULL,NULL,0x475A,0x4445534352495054494F4E,NULL),
 (16,NULL,NULL,NULL,NULL,NULL,0x011010101001,0x475A,0x4445534352495054494F4E,0x56414C5545335F56414C55455F41);
/*!40000 ALTER TABLE `ed_datatype` ENABLE KEYS */;


--
-- Definition of table `ed_text_datatype`
--

DROP TABLE IF EXISTS `ed_text_datatype`;
CREATE TABLE `ed_text_datatype` (
  `id` int(8) NOT NULL,
  `value1_value` varchar(50) character set latin1 collate latin1_bin default NULL,
  `value2_null_flavor` varchar(50) character set latin1 collate latin1_bin default NULL,
  `value2_value` varchar(50) character set latin1 collate latin1_bin default NULL,
  `value2_compression` varchar(50) character set latin1 collate latin1_bin default NULL,
  `value3_null_flavor` varchar(50) character set latin1 collate latin1_bin default NULL,
  `value3_data` longblob,
  `value3_compression` varchar(50) character set latin1 collate latin1_bin default NULL,
  `value3_description` varchar(50) character set latin1 collate latin1_bin default NULL,
  `value3_value` varchar(50) character set latin1 collate latin1_bin default NULL,
  PRIMARY KEY  (`id`)
) ENGINE=InnoDB DEFAULT CHARSET=latin1;

--
-- Dumping data for table `ed_text_datatype`
--

/*!40000 ALTER TABLE `ed_text_datatype` DISABLE KEYS */;
INSERT INTO `ed_text_datatype` (`id`,`value1_value`,`value2_null_flavor`,`value2_value`,`value2_compression`,`value3_null_flavor`,`value3_data`,`value3_compression`,`value3_description`,`value3_value`) VALUES 
 (17,NULL,NULL,NULL,NULL,NULL,NULL,NULL,NULL,NULL),
 (18,0x45445F544558545F56414C5545315F56414C554531,NULL,NULL,NULL,NULL,NULL,NULL,NULL,NULL),
 (19,0x45445F544558545F56414C5545315F56414C554532,NULL,NULL,NULL,NULL,NULL,NULL,NULL,NULL),
 (20,0x45445F544558545F56414C5545315F56414C554533,NULL,NULL,NULL,NULL,NULL,NULL,NULL,NULL),
 (21,0x45445F544558545F56414C5545315F56414C554534,NULL,NULL,NULL,NULL,NULL,NULL,NULL,NULL),
 (22,0x45445F544558545F56414C5545315F56414C554535,NULL,NULL,NULL,NULL,NULL,NULL,NULL,NULL),
 (23,NULL,0x4E49,NULL,NULL,NULL,NULL,NULL,NULL,NULL),
 (24,NULL,NULL,0x45445F544558545F56414C5545325F56414C554531,NULL,NULL,NULL,NULL,NULL,NULL),
 (25,NULL,NULL,NULL,0x475A,NULL,NULL,NULL,NULL,NULL),
 (26,NULL,NULL,0x45445F544558545F56414C5545325F56414C554532,0x475A,NULL,NULL,NULL,NULL,NULL),
 (27,NULL,NULL,0x45445F544558545F56414C5545325F56414C554533,0x475A,NULL,NULL,NULL,NULL,NULL),
 (28,NULL,NULL,NULL,NULL,NULL,NULL,0x475A,NULL,NULL),
 (29,NULL,NULL,NULL,NULL,0x4E49,NULL,NULL,NULL,NULL),
 (30,NULL,NULL,NULL,NULL,NULL,0x011000101101,0x475A,NULL,NULL),
 (31,NULL,NULL,NULL,NULL,NULL,0x011011101001,0x475A,0x4445534352495054494F4E,NULL),
 (32,NULL,NULL,NULL,NULL,NULL,0x011000101001,0x475A,0x4445534352495054494F4E,0x56414C5545335F56414C55455F41);
/*!40000 ALTER TABLE `ed_text_datatype` ENABLE KEYS */;


--
-- Definition of table `en_datatype`
--

DROP TABLE IF EXISTS `en_datatype`;
CREATE TABLE `en_datatype` (
  `id` int(8) NOT NULL,
  `value1_pn_value` varchar(50) character set latin1 collate latin1_bin default NULL,
  `value2_pn_value` varchar(50) character set latin1 collate latin1_bin default NULL,
  `value2_pn_code` varchar(50) character set latin1 collate latin1_bin default NULL,
  `value3_pn_value` varchar(50) character set latin1 collate latin1_bin default NULL,
  `value3_pn_code` varchar(50) character set latin1 collate latin1_bin default NULL,
  `value3_pn_code_system` varchar(50) character set latin1 collate latin1_bin default NULL,
  `value3_pn_code_system_version` varchar(50) character set latin1 collate latin1_bin default NULL,
  `value4_pn_value` varchar(50) character set latin1 collate latin1_bin default NULL,
  `value4_pn_enpq` varchar(50) character set latin1 collate latin1_bin default NULL,
  `value5_pn_value` varchar(50) character set latin1 collate latin1_bin default NULL,
  `value5_pn2_value` varchar(50) character set latin1 collate latin1_bin default NULL,
  `value5_pn_code` varchar(50) character set latin1 collate latin1_bin default NULL,
  `value5_pn2_code` varchar(50) character set latin1 collate latin1_bin default NULL,
  `value5_pn_code_system` varchar(50) character set latin1 collate latin1_bin default NULL,
  `value5_pn2_code_system` varchar(50) character set latin1 collate latin1_bin default NULL,
  `value5_pn_code_system_version` varchar(50) character set latin1 collate latin1_bin default NULL,
  `value5_pn2_code_system_version` varchar(50) character set latin1 collate latin1_bin default NULL,
  `value6_pn_value` varchar(50) character set latin1 collate latin1_bin default NULL,
  `value6_on_value` varchar(50) character set latin1 collate latin1_bin default NULL,
  `value6_pn_code` varchar(50) character set latin1 collate latin1_bin default NULL,
  `value6_on_code` varchar(50) character set latin1 collate latin1_bin default NULL,
  `value6_pn_code_system` varchar(50) character set latin1 collate latin1_bin default NULL,
  `value6_on_code_system` varchar(50) character set latin1 collate latin1_bin default NULL,
  `value6_pn_code_system_version` varchar(50) character set latin1 collate latin1_bin default NULL,
  `value6_on_code_system_version` varchar(50) character set latin1 collate latin1_bin default NULL,
  PRIMARY KEY  (`id`)
) ENGINE=InnoDB DEFAULT CHARSET=latin1;

--
-- Dumping data for table `en_datatype`
--

/*!40000 ALTER TABLE `en_datatype` DISABLE KEYS */;
INSERT INTO `en_datatype` (`id`,`value1_pn_value`,`value2_pn_value`,`value2_pn_code`,`value3_pn_value`,`value3_pn_code`,`value3_pn_code_system`,`value3_pn_code_system_version`,`value4_pn_value`,`value4_pn_enpq`,`value5_pn_value`,`value5_pn2_value`,`value5_pn_code`,`value5_pn2_code`,`value5_pn_code_system`,`value5_pn2_code_system`,`value5_pn_code_system_version`,`value5_pn2_code_system_version`,`value6_pn_value`,`value6_on_value`,`value6_pn_code`,`value6_on_code`,`value6_pn_code_system`,`value6_on_code_system`,`value6_pn_code_system_version`,`value6_on_code_system_version`) VALUES 
 (1,NULL,NULL,NULL,NULL,NULL,NULL,NULL,NULL,NULL,NULL,NULL,NULL,NULL,NULL,NULL,NULL,NULL,NULL,NULL,NULL,NULL,NULL,NULL,NULL,NULL),
 (2,0x4D722E204A6F686E20446F65204A722E,NULL,NULL,NULL,NULL,NULL,NULL,NULL,NULL,NULL,NULL,NULL,NULL,NULL,NULL,NULL,NULL,NULL,NULL,NULL,NULL,NULL,NULL,NULL,NULL),
 (3,0x4D722E204A6F686E20446F6520446F75626C65204A722E,NULL,NULL,NULL,NULL,NULL,NULL,NULL,NULL,NULL,NULL,NULL,NULL,NULL,NULL,NULL,NULL,NULL,NULL,NULL,NULL,NULL,NULL,NULL,NULL),
 (4,0x4D722E204A6F686E20446F652053722E,NULL,NULL,NULL,NULL,NULL,NULL,NULL,NULL,NULL,NULL,NULL,NULL,NULL,NULL,NULL,NULL,NULL,NULL,NULL,NULL,NULL,NULL,NULL,NULL),
 (5,0x4D722E204A6F686E20446F652053757065722053722E,NULL,NULL,NULL,NULL,NULL,NULL,NULL,NULL,NULL,NULL,NULL,NULL,NULL,NULL,NULL,NULL,NULL,NULL,NULL,NULL,NULL,NULL,NULL,NULL),
 (6,0x4D722E204A6F686E20446F65204949,NULL,NULL,NULL,NULL,NULL,NULL,NULL,NULL,NULL,NULL,NULL,NULL,NULL,NULL,NULL,NULL,NULL,NULL,NULL,NULL,NULL,NULL,NULL,NULL),
 (7,NULL,0x4D722E204A6F686E20446F65204A72312E,NULL,NULL,NULL,NULL,NULL,NULL,NULL,NULL,NULL,NULL,NULL,NULL,NULL,NULL,NULL,NULL,NULL,NULL,NULL,NULL,NULL,NULL,NULL),
 (8,NULL,0x4D722E204A6F686E20446F65204A72322E,NULL,NULL,NULL,NULL,NULL,NULL,NULL,NULL,NULL,NULL,NULL,NULL,NULL,NULL,NULL,NULL,NULL,NULL,NULL,NULL,NULL,NULL,NULL),
 (9,NULL,0x4D722E204A6F686E20446F65204A72332E,0x4A444A33,NULL,NULL,NULL,NULL,NULL,NULL,NULL,NULL,NULL,NULL,NULL,NULL,NULL,NULL,NULL,NULL,NULL,NULL,NULL,NULL,NULL,NULL),
 (10,NULL,0x4D722E204A6F686E20446F65204A72342E,0x4A444A34,NULL,NULL,NULL,NULL,NULL,NULL,NULL,NULL,NULL,NULL,NULL,NULL,NULL,NULL,NULL,NULL,NULL,NULL,NULL,NULL,NULL,NULL),
 (11,NULL,0x4D722E204A6F686E20446F65204A72352E,0x4A444A35,NULL,NULL,NULL,NULL,NULL,NULL,NULL,NULL,NULL,NULL,NULL,NULL,NULL,NULL,NULL,NULL,NULL,NULL,NULL,NULL,NULL,NULL),
 (12,NULL,NULL,NULL,0x4D72732E20536172616820446F652049,NULL,NULL,NULL,NULL,NULL,NULL,NULL,NULL,NULL,NULL,NULL,NULL,NULL,NULL,NULL,NULL,NULL,NULL,NULL,NULL,NULL),
 (13,NULL,NULL,NULL,0x4D72732E20536172616820446F65204949,NULL,NULL,NULL,NULL,NULL,NULL,NULL,NULL,NULL,NULL,NULL,NULL,NULL,NULL,NULL,NULL,NULL,NULL,NULL,NULL,NULL),
 (14,NULL,NULL,NULL,0x4D72732E20536172616820446F6520494949,0x4D534431,NULL,NULL,NULL,NULL,NULL,NULL,NULL,NULL,NULL,NULL,NULL,NULL,NULL,NULL,NULL,NULL,NULL,NULL,NULL,NULL),
 (15,NULL,NULL,NULL,0x4D72732E20536172616820446F65204956,0x4D534432,0x56414C5545335F504E5F434F44455F53595354454D31,NULL,NULL,NULL,NULL,NULL,NULL,NULL,NULL,NULL,NULL,NULL,NULL,NULL,NULL,NULL,NULL,NULL,NULL,NULL),
 (16,NULL,NULL,NULL,0x4D72732E20536172616820446F652056,0x4D534433,0x56414C5545335F504E5F434F44455F53595354454D32,0x312E33,NULL,NULL,NULL,NULL,NULL,NULL,NULL,NULL,NULL,NULL,NULL,NULL,NULL,NULL,NULL,NULL,NULL,NULL),
 (17,NULL,NULL,NULL,NULL,NULL,NULL,NULL,0x56414C5545345F504E5F56414C554531,NULL,NULL,NULL,NULL,NULL,NULL,NULL,NULL,NULL,NULL,NULL,NULL,NULL,NULL,NULL,NULL,NULL),
 (18,NULL,NULL,NULL,NULL,NULL,NULL,NULL,NULL,0x4252,NULL,NULL,NULL,NULL,NULL,NULL,NULL,NULL,NULL,NULL,NULL,NULL,NULL,NULL,NULL,NULL),
 (19,NULL,NULL,NULL,NULL,NULL,NULL,NULL,0x56414C5545345F504E5F56414C554533,0x4252,NULL,NULL,NULL,NULL,NULL,NULL,NULL,NULL,NULL,NULL,NULL,NULL,NULL,NULL,NULL,NULL),
 (20,NULL,NULL,NULL,NULL,NULL,NULL,NULL,0x56414C5545345F504E5F56414C554534,0x4252,NULL,NULL,NULL,NULL,NULL,NULL,NULL,NULL,NULL,NULL,NULL,NULL,NULL,NULL,NULL,NULL),
 (21,NULL,NULL,NULL,NULL,NULL,NULL,NULL,0x56414C5545345F504E5F56414C554531,0x5051,NULL,NULL,NULL,NULL,NULL,NULL,NULL,NULL,NULL,NULL,NULL,NULL,NULL,NULL,NULL,NULL),
 (22,NULL,NULL,NULL,NULL,NULL,NULL,NULL,NULL,NULL,0x4D722E204A6F686E20446F652049,NULL,NULL,NULL,NULL,NULL,NULL,NULL,NULL,NULL,NULL,NULL,NULL,NULL,NULL,NULL),
 (23,NULL,NULL,NULL,NULL,NULL,NULL,NULL,NULL,NULL,0x4D722E204A6F686E20446F65204949,NULL,0x4A444A31,NULL,NULL,NULL,NULL,NULL,NULL,NULL,NULL,NULL,NULL,NULL,NULL,NULL),
 (24,NULL,NULL,NULL,NULL,NULL,NULL,NULL,NULL,NULL,0x4D722E204A6F686E20446F6520494949,NULL,0x4A444A31,NULL,0x56414C5545355F504E5F434F44455F53595354454D31,NULL,NULL,NULL,NULL,NULL,NULL,NULL,NULL,NULL,NULL,NULL),
 (25,NULL,NULL,NULL,NULL,NULL,NULL,NULL,NULL,NULL,0x4D722E204A6F686E20446F65204956,NULL,0x4A444A31,NULL,0x56414C5545355F504E5F434F44455F53595354454D31,NULL,0x322E31,NULL,NULL,NULL,NULL,NULL,NULL,NULL,NULL,NULL),
 (26,NULL,NULL,NULL,NULL,NULL,NULL,NULL,NULL,NULL,NULL,0x4D722E204A6F686E20446F652056,NULL,NULL,NULL,NULL,NULL,NULL,NULL,NULL,NULL,NULL,NULL,NULL,NULL,NULL),
 (27,NULL,NULL,NULL,NULL,NULL,NULL,NULL,NULL,NULL,NULL,0x4D722E204A6F686E20446F65205649,NULL,0x56414C5545355F504E325F434F444531,NULL,NULL,NULL,NULL,NULL,NULL,NULL,NULL,NULL,NULL,NULL,NULL),
 (28,NULL,NULL,NULL,NULL,NULL,NULL,NULL,NULL,NULL,NULL,0x4D722E204A6F686E20446F6520564949,NULL,0x56414C5545355F504E325F434F444532,NULL,0x56414C5545355F504E325F434F44455F53595354454D31,NULL,NULL,NULL,NULL,NULL,NULL,NULL,NULL,NULL,NULL),
 (29,NULL,NULL,NULL,NULL,NULL,NULL,NULL,NULL,NULL,NULL,0x4D722E204A6F686E20446F652056494949,NULL,0x56414C5545355F504E325F434F444533,NULL,0x56414C5545355F504E325F434F44455F53595354454D32,NULL,0x322E32,NULL,NULL,NULL,NULL,NULL,NULL,NULL,NULL),
 (30,NULL,NULL,NULL,NULL,NULL,NULL,NULL,NULL,NULL,0x4D722E204A6F686E20446F652049,0x4D722E204A6F686E20446F652056,NULL,NULL,NULL,NULL,NULL,NULL,NULL,NULL,NULL,NULL,NULL,NULL,NULL,NULL),
 (31,NULL,NULL,NULL,NULL,NULL,NULL,NULL,NULL,NULL,0x4D722E204A6F686E20446F65204949,0x4D722E204A6F686E20446F65205649,0x56414C5545355F504E5F434F444531,0x56414C5545355F504E325F434F444531,NULL,NULL,NULL,NULL,NULL,NULL,NULL,NULL,NULL,NULL,NULL,NULL),
 (32,NULL,NULL,NULL,NULL,NULL,NULL,NULL,NULL,NULL,0x4D722E204A6F686E20446F6520494949,0x4D722E204A6F686E20446F6520564949,0x56414C5545355F504E5F434F444532,0x56414C5545355F504E325F434F444532,0x56414C5545355F504E5F434F44455F53595354454D31,0x56414C5545355F504E325F434F44455F53595354454D31,NULL,NULL,NULL,NULL,NULL,NULL,NULL,NULL,NULL,NULL),
 (33,NULL,NULL,NULL,NULL,NULL,NULL,NULL,NULL,NULL,0x4D722E204A6F686E20446F65205649,0x4D722E204A6F686E20446F652056494949,0x56414C5545355F504E5F434F444533,0x56414C5545355F504E325F434F444533,0x56414C5545355F504E5F434F44455F53595354454D32,0x56414C5545355F504E325F434F44455F53595354454D32,0x322E31,0x322E32,NULL,NULL,NULL,NULL,NULL,NULL,NULL,NULL),
 (34,NULL,NULL,NULL,NULL,NULL,NULL,NULL,NULL,NULL,NULL,NULL,NULL,NULL,NULL,NULL,NULL,NULL,0x4D722E204A6F686E20446F652049,NULL,NULL,NULL,NULL,NULL,NULL,NULL),
 (35,NULL,NULL,NULL,NULL,NULL,NULL,NULL,NULL,NULL,NULL,NULL,NULL,NULL,NULL,NULL,NULL,NULL,0x4D722E204A6F686E20446F65204949,NULL,0x56414C5545365F504E5F434F444531,NULL,NULL,NULL,NULL,NULL),
 (36,NULL,NULL,NULL,NULL,NULL,NULL,NULL,NULL,NULL,NULL,NULL,NULL,NULL,NULL,NULL,NULL,NULL,0x4D722E204A6F686E20446F6520494949,NULL,0x56414C5545365F504E5F434F444532,NULL,0x56414C5545365F504E5F434F44455F53595354454D31,NULL,NULL,NULL),
 (37,NULL,NULL,NULL,NULL,NULL,NULL,NULL,NULL,NULL,NULL,NULL,NULL,NULL,NULL,NULL,NULL,NULL,0x4D722E204A6F686E20446F65204956,NULL,0x56414C5545365F504E5F434F444533,NULL,0x56414C5545365F504E5F434F44455F53595354454D32,NULL,0x332E31,NULL),
 (38,NULL,NULL,NULL,NULL,NULL,NULL,NULL,NULL,NULL,NULL,NULL,NULL,NULL,NULL,NULL,NULL,NULL,NULL,0x4D722E204A6F686E20446F652056,NULL,NULL,NULL,NULL,NULL,NULL),
 (39,NULL,NULL,NULL,NULL,NULL,NULL,NULL,NULL,NULL,NULL,NULL,NULL,NULL,NULL,NULL,NULL,NULL,NULL,0x4D722E204A6F686E20446F65205649,NULL,0x56414C5545365F4F4E5F434F444531,NULL,NULL,NULL,NULL),
 (40,NULL,NULL,NULL,NULL,NULL,NULL,NULL,NULL,NULL,NULL,NULL,NULL,NULL,NULL,NULL,NULL,NULL,NULL,0x4D722E204A6F686E20446F6520564949,NULL,0x56414C5545365F4F4E5F434F444531,NULL,0x56414C5545365F4F4E5F434F44455F53595354454D31,NULL,NULL),
 (41,NULL,NULL,NULL,NULL,NULL,NULL,NULL,NULL,NULL,NULL,NULL,NULL,NULL,NULL,NULL,NULL,NULL,NULL,0x4D722E204A6F686E20446F652056494949,NULL,0x56414C5545365F4F4E5F434F444532,NULL,0x56414C5545365F4F4E5F434F44455F53595354454D32,NULL,0x312E31),
 (42,NULL,NULL,NULL,NULL,NULL,NULL,NULL,NULL,NULL,NULL,NULL,NULL,NULL,NULL,NULL,NULL,NULL,0x4D722E204A6F686E20446F652049,0x4D722E204A6F686E20446F652056,NULL,NULL,NULL,NULL,NULL,NULL),
 (43,NULL,NULL,NULL,NULL,NULL,NULL,NULL,NULL,NULL,NULL,NULL,NULL,NULL,NULL,NULL,NULL,NULL,0x4D722E204A6F686E20446F65204949,0x4D722E204A6F686E20446F65205649,0x56414C5545365F504E5F434F444531,0x56414C5545365F4F4E5F434F444531,NULL,NULL,NULL,NULL),
 (44,NULL,NULL,NULL,NULL,NULL,NULL,NULL,NULL,NULL,NULL,NULL,NULL,NULL,NULL,NULL,NULL,NULL,0x4D722E204A6F686E20446F6520494949,0x4D722E204A6F686E20446F6520564949,0x56414C5545365F504E5F434F444532,0x56414C5545365F4F4E5F434F444532,0x56414C5545365F504E5F434F44455F53595354454D32,0x56414C5545365F4F4E5F434F44455F53595354454D32,NULL,NULL),
 (45,NULL,NULL,NULL,NULL,NULL,NULL,NULL,NULL,NULL,NULL,NULL,NULL,NULL,NULL,NULL,NULL,NULL,0x4D722E204A6F686E20446F65204956,0x4D722E204A6F686E20446F652056494949,0x56414C5545365F504E5F434F444533,0x56414C5545365F4F4E5F434F444533,0x56414C5545365F504E5F434F44455F53595354454D33,0x56414C5545365F4F4E5F434F44455F53595354454D33,0x322E31,0x312E31);
/*!40000 ALTER TABLE `en_datatype` ENABLE KEYS */;


--
-- Definition of table `en_on_datatype`
--

DROP TABLE IF EXISTS `en_on_datatype`;
CREATE TABLE `en_on_datatype` (
  `id` int(8) NOT NULL,
  `value1_on_value` varchar(50) character set latin1 collate latin1_bin default NULL,
  PRIMARY KEY  (`id`)
) ENGINE=InnoDB DEFAULT CHARSET=latin1;

--
-- Dumping data for table `en_on_datatype`
--

/*!40000 ALTER TABLE `en_on_datatype` DISABLE KEYS */;
INSERT INTO `en_on_datatype` (`id`,`value1_on_value`) VALUES 
 (1,NULL),
 (2,0x4E434931),
 (3,0x4E434932),
 (4,0x4E434933),
 (5,0x4E434934),
 (6,0x4E434935);
/*!40000 ALTER TABLE `en_on_datatype` ENABLE KEYS */;


--
-- Definition of table `en_pn_datatype`
--

DROP TABLE IF EXISTS `en_pn_datatype`;
CREATE TABLE `en_pn_datatype` (
  `id` int(8) NOT NULL,
  `value1_pn_value` varchar(50) character set latin1 collate latin1_bin default NULL,
  PRIMARY KEY  (`id`)
) ENGINE=InnoDB DEFAULT CHARSET=latin1;

--
-- Dumping data for table `en_pn_datatype`
--

/*!40000 ALTER TABLE `en_pn_datatype` DISABLE KEYS */;
INSERT INTO `en_pn_datatype` (`id`,`value1_pn_value`) VALUES 
 (1,NULL),
 (2,0x4D722E204A6F686E20446F65),
 (3,0x4D722E204A6F686E20446F65204949),
 (4,0x4D722E204A6F686E20446F6520494949),
 (5,0x4D722E204A6F686E20446F65204956),
 (6,0x4D722E204A6F686E20446F652056);
/*!40000 ALTER TABLE `en_pn_datatype` ENABLE KEYS */;


--
-- Definition of table `ii_datatype`
--

DROP TABLE IF EXISTS `ii_datatype`;
CREATE TABLE `ii_datatype` (
  `id` int(8) NOT NULL,
  `value1_extension` varchar(50) character set latin1 collate latin1_bin default NULL,
  `value2_null_flavor` varchar(50) character set latin1 collate latin1_bin default NULL,
  `value2_root` varchar(50) character set latin1 collate latin1_bin default NULL,
  `value2_extension` varchar(50) character set latin1 collate latin1_bin default NULL,
  `value3_null_flavor` varchar(50) character set latin1 collate latin1_bin default NULL,
  `value3_extension` varchar(50) character set latin1 collate latin1_bin default NULL,
  `value3_identifier_name` varchar(50) character set latin1 collate latin1_bin default NULL,
  `value3_reliability` varchar(50) character set latin1 collate latin1_bin default NULL,
  `value3_scope` varchar(50) character set latin1 collate latin1_bin default NULL,
  `value3_displayable` varchar(1) character set latin1 collate latin1_bin default NULL,
  `value4_null_flavor` varchar(50) character set latin1 collate latin1_bin default NULL,
  `value4_root` varchar(50) character set latin1 collate latin1_bin default NULL,
  `value4_extension` varchar(50) character set latin1 collate latin1_bin default NULL,
  `value4_identifier_name` varchar(50) character set latin1 collate latin1_bin default NULL,
  `value4_reliability` varchar(50) character set latin1 collate latin1_bin default NULL,
  `value4_scope` varchar(50) character set latin1 collate latin1_bin default NULL,
  `value4_displayable` varchar(1) character set latin1 collate latin1_bin default NULL,
  PRIMARY KEY  (`id`)
) ENGINE=InnoDB DEFAULT CHARSET=latin1;

--
-- Dumping data for table `ii_datatype`
--

/*!40000 ALTER TABLE `ii_datatype` DISABLE KEYS */;
INSERT INTO `ii_datatype` (`id`,`value1_extension`,`value2_null_flavor`,`value2_root`,`value2_extension`,`value3_null_flavor`,`value3_extension`,`value3_identifier_name`,`value3_reliability`,`value3_scope`,`value3_displayable`,`value4_null_flavor`,`value4_root`,`value4_extension`,`value4_identifier_name`,`value4_reliability`,`value4_scope`,`value4_displayable`) VALUES 
 (1,NULL,NULL,NULL,NULL,NULL,NULL,NULL,NULL,NULL,NULL,NULL,NULL,NULL,NULL,NULL,NULL,NULL),
 (2,0x49495F457874656E73696F6E,NULL,NULL,NULL,NULL,NULL,NULL,NULL,NULL,NULL,NULL,NULL,NULL,NULL,NULL,NULL,NULL),
 (3,NULL,NULL,NULL,NULL,NULL,NULL,NULL,NULL,NULL,NULL,NULL,NULL,NULL,NULL,NULL,NULL,NULL),
 (4,NULL,0x4E49,NULL,NULL,NULL,NULL,NULL,NULL,NULL,NULL,NULL,NULL,NULL,NULL,NULL,NULL,NULL),
 (5,NULL,NULL,0x49495F56414C5545325F524F4F54,NULL,NULL,NULL,NULL,NULL,NULL,NULL,NULL,NULL,NULL,NULL,NULL,NULL,NULL),
 (6,NULL,NULL,0x49495F56414C5545325F524F4F54,0x49495F56414C5545325F455854454E53494F4E,NULL,NULL,NULL,NULL,NULL,NULL,NULL,NULL,NULL,NULL,NULL,NULL,NULL),
 (7,NULL,NULL,NULL,NULL,NULL,NULL,NULL,NULL,NULL,NULL,NULL,NULL,NULL,NULL,NULL,NULL,NULL),
 (8,NULL,NULL,NULL,NULL,0x554E4B,NULL,NULL,NULL,NULL,NULL,NULL,NULL,NULL,NULL,NULL,NULL,NULL),
 (9,NULL,NULL,NULL,NULL,NULL,0x49495F56414C5545335F455854454E53494F4E,NULL,NULL,NULL,NULL,NULL,NULL,NULL,NULL,NULL,NULL,NULL),
 (10,NULL,NULL,NULL,NULL,NULL,0x49495F56414C5545335F455854454E53494F4E,0x49495F56414C5545335F4944454E5449464945525F4E414D45,NULL,NULL,NULL,NULL,NULL,NULL,NULL,NULL,NULL,NULL),
 (11,NULL,NULL,NULL,NULL,NULL,0x49495F56414C5545335F455854454E53494F4E,0x49495F56414C5545335F4944454E5449464945525F4E414D45,0x495353,0x4255534E,NULL,NULL,NULL,NULL,NULL,NULL,NULL,NULL),
 (12,NULL,NULL,NULL,NULL,NULL,0x49495F56414C5545335F455854454E53494F4E,0x49495F56414C5545335F4944454E5449464945525F4E414D45,0x565246,0x4255534E,0x30,NULL,NULL,NULL,NULL,NULL,NULL,NULL),
 (13,NULL,NULL,NULL,NULL,NULL,NULL,NULL,NULL,NULL,NULL,NULL,NULL,NULL,NULL,NULL,NULL,NULL),
 (14,NULL,NULL,NULL,NULL,NULL,NULL,NULL,NULL,NULL,NULL,0x494E56,NULL,NULL,NULL,NULL,NULL,NULL),
 (15,NULL,NULL,NULL,NULL,NULL,NULL,NULL,NULL,NULL,NULL,NULL,0x49495F56414C5545345F524F4F54,0x49495F56414C5545345F455854454E53494F4E,NULL,NULL,NULL,NULL),
 (16,NULL,NULL,NULL,NULL,NULL,NULL,NULL,NULL,NULL,NULL,NULL,0x49495F56414C5545345F524F4F54,0x49495F56414C5545345F455854454E53494F4E,0x49495F56414C5545345F4944454E5449464945525F4E414D45,NULL,NULL,NULL),
 (17,NULL,NULL,NULL,NULL,NULL,NULL,NULL,NULL,NULL,NULL,NULL,0x49495F56414C5545345F524F4F54,0x49495F56414C5545345F455854454E53494F4E,0x49495F56414C5545345F4944454E5449464945525F4E414D45,0x554E56,NULL,NULL),
 (18,NULL,NULL,NULL,NULL,NULL,NULL,NULL,NULL,NULL,NULL,NULL,0x49495F56414C5545345F524F4F54,0x49495F56414C5545345F455854454E53494F4E,0x49495F56414C5545345F4944454E5449464945525F4E414D45,0x495353,0x4255534E,NULL),
 (19,NULL,NULL,NULL,NULL,NULL,NULL,NULL,NULL,NULL,NULL,NULL,0x49495F56414C5545345F524F4F54,0x49495F56414C5545345F455854454E53494F4E,0x49495F56414C5545345F4944454E5449464945525F4E414D45,0x565246,0x4255534E,0x30);
/*!40000 ALTER TABLE `ii_datatype` ENABLE KEYS */;


--
-- Definition of table `int_datatype`
--

DROP TABLE IF EXISTS `int_datatype`;
CREATE TABLE `int_datatype` (
  `id` int(8) NOT NULL,
  `value1_value` decimal(22,0) default NULL,
  `value2_null_flavor` varchar(50) character set latin1 collate latin1_bin default NULL,
  `value2_value` decimal(22,0) default NULL,
  PRIMARY KEY  (`id`)
) ENGINE=InnoDB DEFAULT CHARSET=latin1;

--
-- Dumping data for table `int_datatype`
--

/*!40000 ALTER TABLE `int_datatype` DISABLE KEYS */;
INSERT INTO `int_datatype` (`id`,`value1_value`,`value2_null_flavor`,`value2_value`) VALUES 
 (1,NULL,NULL,NULL),
 (2,'1',NULL,NULL),
 (3,'2',NULL,NULL),
 (4,'3',NULL,NULL),
 (5,'4',NULL,NULL),
 (6,'5',NULL,NULL),
 (7,NULL,NULL,'6'),
 (8,NULL,NULL,'7'),
 (9,NULL,NULL,'8'),
 (10,NULL,0x4E49,NULL),
 (11,NULL,0x4E49,NULL),
 (12,NULL,0x4E49,NULL);
/*!40000 ALTER TABLE `int_datatype` ENABLE KEYS */;


--
-- Definition of table `ivl_int`
--

DROP TABLE IF EXISTS `ivl_int`;
CREATE TABLE `ivl_int` (
  `id` int(8) NOT NULL,
  `value1_low_value` decimal(22,0) default NULL,
  `value1_high_value` decimal(22,0) default NULL,
  `value2_high_value` decimal(22,0) default NULL,
  `value2_lowclosed` varchar(1) character set latin1 collate latin1_bin default NULL,
  `value3_any_value` decimal(22,0) default NULL,
  `value3_low_value` decimal(22,0) default NULL,
  `value3_high_closed` varchar(1) character set latin1 collate latin1_bin default NULL,
  `value4_low_value` decimal(22,0) default NULL,
  `value4_high_value` decimal(22,0) default NULL,
  `value4_width_value` int(8) default NULL,
  `value4_null_flavor` varchar(50) character set latin1 collate latin1_bin default NULL,
  PRIMARY KEY  (`id`)
) ENGINE=InnoDB DEFAULT CHARSET=latin1;

--
-- Dumping data for table `ivl_int`
--

/*!40000 ALTER TABLE `ivl_int` DISABLE KEYS */;
INSERT INTO `ivl_int` (`id`,`value1_low_value`,`value1_high_value`,`value2_high_value`,`value2_lowclosed`,`value3_any_value`,`value3_low_value`,`value3_high_closed`,`value4_low_value`,`value4_high_value`,`value4_width_value`,`value4_null_flavor`) VALUES 
 (1,NULL,NULL,NULL,NULL,NULL,NULL,NULL,NULL,NULL,NULL,NULL),
 (2,'1',NULL,NULL,NULL,NULL,NULL,NULL,NULL,NULL,NULL,NULL),
 (3,NULL,'10',NULL,NULL,NULL,NULL,NULL,NULL,NULL,NULL,NULL),
 (4,'1','10',NULL,NULL,NULL,NULL,NULL,NULL,NULL,NULL,NULL),
 (5,'1','1',NULL,NULL,NULL,NULL,NULL,NULL,NULL,NULL,NULL),
 (6,'2','1',NULL,NULL,NULL,NULL,NULL,NULL,NULL,NULL,NULL),
 (7,NULL,NULL,'10',NULL,NULL,NULL,NULL,NULL,NULL,NULL,NULL),
 (8,NULL,NULL,NULL,0x31,NULL,NULL,NULL,NULL,NULL,NULL,NULL),
 (9,NULL,NULL,'10',0x31,NULL,NULL,NULL,NULL,NULL,NULL,NULL),
 (10,NULL,NULL,'1',0x30,NULL,NULL,NULL,NULL,NULL,NULL,NULL),
 (11,NULL,NULL,'1',0x31,NULL,NULL,NULL,NULL,NULL,NULL,NULL),
 (12,NULL,NULL,NULL,NULL,'5','11',0x31,NULL,NULL,NULL,NULL),
 (13,NULL,NULL,NULL,NULL,'6','12',0x31,NULL,NULL,NULL,NULL),
 (14,NULL,NULL,NULL,NULL,'7','13',0x31,NULL,NULL,NULL,NULL),
 (15,NULL,NULL,NULL,NULL,'8','14',0x31,NULL,NULL,NULL,NULL),
 (16,NULL,NULL,NULL,NULL,'9','15',0x31,NULL,NULL,NULL,NULL),
 (17,NULL,NULL,NULL,NULL,NULL,NULL,NULL,'5','11',5,0x4E49),
 (18,NULL,NULL,NULL,NULL,NULL,NULL,NULL,'6','12',4,0x4E49),
 (19,NULL,NULL,NULL,NULL,NULL,NULL,NULL,'7','13',3,0x4E49),
 (20,NULL,NULL,NULL,NULL,NULL,NULL,NULL,'8','14',NULL,NULL),
 (21,NULL,NULL,NULL,NULL,NULL,NULL,NULL,'9',NULL,NULL,0x4E49);
/*!40000 ALTER TABLE `ivl_int` ENABLE KEYS */;


--
-- Definition of table `ivl_pq`
--

DROP TABLE IF EXISTS `ivl_pq`;
CREATE TABLE `ivl_pq` (
  `id` int(8) NOT NULL,
  `value1_low_value` decimal(8,2) default NULL,
  `value2_low_value` decimal(8,2) default NULL,
  `value2_low_precision` decimal(22,0) default NULL,
  `value2_low_unit` varchar(50) character set latin1 collate latin1_bin default NULL,
  `value3_low_value` decimal(8,2) default NULL,
  `value3_low_precision` decimal(22,0) default NULL,
  `value3_low_unit` varchar(50) character set latin1 collate latin1_bin default NULL,
  `value3_null_flavor` varchar(50) character set latin1 collate latin1_bin default NULL,
  `value4_high_value` decimal(8,2) default NULL,
  `value4_high_precision` decimal(22,0) default NULL,
  `value4_high_unit` varchar(50) character set latin1 collate latin1_bin default NULL,
  `value4_high_closed` varchar(1) character set latin1 collate latin1_bin default NULL,
  `value4_high_null_flavor` varchar(50) character set latin1 collate latin1_bin default NULL,
  `value4_low_value` decimal(8,2) default NULL,
  `value4_low_precision` decimal(22,0) default NULL,
  `value4_low_unit` varchar(50) character set latin1 collate latin1_bin default NULL,
  `value4_low_null_flavor` varchar(50) character set latin1 collate latin1_bin default NULL,
  `value4_low_closed` varchar(1) character set latin1 collate latin1_bin default NULL,
  `value4_width_value` decimal(8,2) default NULL,
  `value4_width_precision` decimal(22,0) default NULL,
  `value4_width_unit` varchar(50) character set latin1 collate latin1_bin default NULL,
  `value4_width_null_flavor` varchar(50) character set latin1 collate latin1_bin default NULL,
  `value4_null_flavor` varchar(50) character set latin1 collate latin1_bin default NULL,
  PRIMARY KEY  (`id`)
) ENGINE=InnoDB DEFAULT CHARSET=latin1;

--
-- Dumping data for table `ivl_pq`
--

/*!40000 ALTER TABLE `ivl_pq` DISABLE KEYS */;
INSERT INTO `ivl_pq` (`id`,`value1_low_value`,`value2_low_value`,`value2_low_precision`,`value2_low_unit`,`value3_low_value`,`value3_low_precision`,`value3_low_unit`,`value3_null_flavor`,`value4_high_value`,`value4_high_precision`,`value4_high_unit`,`value4_high_closed`,`value4_high_null_flavor`,`value4_low_value`,`value4_low_precision`,`value4_low_unit`,`value4_low_null_flavor`,`value4_low_closed`,`value4_width_value`,`value4_width_precision`,`value4_width_unit`,`value4_width_null_flavor`,`value4_null_flavor`) VALUES 
 (1,NULL,NULL,NULL,NULL,NULL,NULL,NULL,NULL,NULL,NULL,NULL,NULL,NULL,NULL,NULL,NULL,NULL,NULL,NULL,NULL,NULL,NULL,NULL),
 (2,'1.10',NULL,NULL,NULL,NULL,NULL,NULL,NULL,NULL,NULL,NULL,NULL,NULL,NULL,NULL,NULL,NULL,NULL,NULL,NULL,NULL,NULL,NULL),
 (3,'2.10',NULL,NULL,NULL,NULL,NULL,NULL,NULL,NULL,NULL,NULL,NULL,NULL,NULL,NULL,NULL,NULL,NULL,NULL,NULL,NULL,NULL,NULL),
 (4,'3.10',NULL,NULL,NULL,NULL,NULL,NULL,NULL,NULL,NULL,NULL,NULL,NULL,NULL,NULL,NULL,NULL,NULL,NULL,NULL,NULL,NULL,NULL),
 (5,'4.10',NULL,NULL,NULL,NULL,NULL,NULL,NULL,NULL,NULL,NULL,NULL,NULL,NULL,NULL,NULL,NULL,NULL,NULL,NULL,NULL,NULL,NULL),
 (6,'5.10',NULL,NULL,NULL,NULL,NULL,NULL,NULL,NULL,NULL,NULL,NULL,NULL,NULL,NULL,NULL,NULL,NULL,NULL,NULL,NULL,NULL,NULL),
 (7,NULL,'221.10',NULL,NULL,NULL,NULL,NULL,NULL,NULL,NULL,NULL,NULL,NULL,NULL,NULL,NULL,NULL,NULL,NULL,NULL,NULL,NULL,NULL),
 (8,NULL,'222.10','2',NULL,NULL,NULL,NULL,NULL,NULL,NULL,NULL,NULL,NULL,NULL,NULL,NULL,NULL,NULL,NULL,NULL,NULL,NULL,NULL),
 (9,NULL,'221.10','2',0x556E6974,NULL,NULL,NULL,NULL,NULL,NULL,NULL,NULL,NULL,NULL,NULL,NULL,NULL,NULL,NULL,NULL,NULL,NULL,NULL),
 (10,NULL,'222.10',NULL,0x556E6974,NULL,NULL,NULL,NULL,NULL,NULL,NULL,NULL,NULL,NULL,NULL,NULL,NULL,NULL,NULL,NULL,NULL,NULL,NULL),
 (11,NULL,'223.10','2',0x556E6974,NULL,NULL,NULL,NULL,NULL,NULL,NULL,NULL,NULL,NULL,NULL,NULL,NULL,NULL,NULL,NULL,NULL,NULL,NULL),
 (12,NULL,'224.10','2',0x556E6974,NULL,NULL,NULL,NULL,NULL,NULL,NULL,NULL,NULL,NULL,NULL,NULL,NULL,NULL,NULL,NULL,NULL,NULL,NULL),
 (13,NULL,NULL,NULL,NULL,'224.10',NULL,NULL,NULL,NULL,NULL,NULL,NULL,NULL,NULL,NULL,NULL,NULL,NULL,NULL,NULL,NULL,NULL,NULL),
 (14,NULL,NULL,NULL,NULL,'224.10','2',NULL,NULL,NULL,NULL,NULL,NULL,NULL,NULL,NULL,NULL,NULL,NULL,NULL,NULL,NULL,NULL,NULL),
 (15,NULL,NULL,NULL,NULL,NULL,'2',0x556E6974,NULL,NULL,NULL,NULL,NULL,NULL,NULL,NULL,NULL,NULL,NULL,NULL,NULL,NULL,NULL,NULL),
 (16,NULL,NULL,NULL,NULL,'224.10','2',0x556E6974,NULL,NULL,NULL,NULL,NULL,NULL,NULL,NULL,NULL,NULL,NULL,NULL,NULL,NULL,NULL,NULL),
 (17,NULL,NULL,NULL,NULL,NULL,NULL,NULL,0x4E49,NULL,NULL,NULL,NULL,NULL,NULL,NULL,NULL,NULL,NULL,NULL,NULL,NULL,NULL,NULL),
 (18,NULL,NULL,NULL,NULL,NULL,NULL,NULL,NULL,'5.10','2',0x56414C5545345F484947485F554E495431,0x31,NULL,'1.10','2',0x56414C5545345F4C4F575F554E4954,NULL,0x31,'5.10','2',0x56414C5545345F57494454485F554E495431,NULL,NULL),
 (19,NULL,NULL,NULL,NULL,NULL,NULL,NULL,NULL,'6.10','2',0x56414C5545345F484947485F554E495432,0x31,NULL,'1.10','2',0x56414C5545345F4C4F575F554E4954,NULL,0x31,'5.10','2',0x56414C5545345F57494454485F554E495432,NULL,NULL),
 (20,NULL,NULL,NULL,NULL,NULL,NULL,NULL,NULL,NULL,NULL,NULL,NULL,0x4E49,NULL,NULL,NULL,0x4E49,NULL,NULL,NULL,NULL,0x4E49,0x4E41),
 (21,NULL,NULL,NULL,NULL,NULL,NULL,NULL,NULL,'8.10','2',0x56414C5545345F484947485F554E495434,0x31,NULL,NULL,NULL,NULL,0x4E49,0x31,'5.00','2',0x56414C5545345F57494454485F554E495434,NULL,NULL),
 (22,NULL,NULL,NULL,NULL,NULL,NULL,NULL,NULL,'9.10','2',0x56414C5545345F484947485F554E495435,0x31,NULL,'1.10','2',NULL,NULL,0x31,NULL,NULL,NULL,0x4E49,NULL);
/*!40000 ALTER TABLE `ivl_pq` ENABLE KEYS */;


--
-- Definition of table `ivl_pqv`
--

DROP TABLE IF EXISTS `ivl_pqv`;
CREATE TABLE `ivl_pqv` (
  `id` int(8) NOT NULL,
  `value1_low_value` decimal(8,2) default NULL,
  `value1_high_value` decimal(8,2) default NULL,
  `value2_low_value` decimal(8,2) default NULL,
  `value2_low_precision` decimal(22,0) default NULL,
  `value2_high_closed` varchar(1) character set latin1 collate latin1_bin default NULL,
  `value3_low_value` decimal(8,2) default NULL,
  `value3_low_precision` decimal(22,0) default NULL,
  `value3_high_value` decimal(8,2) default NULL,
  `value3_high_precision` decimal(22,0) default NULL,
  `value3_high_null_flavor` varchar(50) character set latin1 collate latin1_bin default NULL,
  `value4_high_value` decimal(8,2) default NULL,
  `value4_high_precision` decimal(22,0) default NULL,
  `value4_high_null_flavor` varchar(50) character set latin1 collate latin1_bin default NULL,
  `value4_low_value` decimal(8,2) default NULL,
  `value4_low_precision` decimal(22,0) default NULL,
  `value4_low_null_flavor` varchar(50) character set latin1 collate latin1_bin default NULL,
  `value4_width_value` decimal(8,2) default NULL,
  `value4_width_precision` decimal(22,0) default NULL,
  `value4_width_null_flavor` varchar(50) character set latin1 collate latin1_bin default NULL,
  PRIMARY KEY  (`id`)
) ENGINE=InnoDB DEFAULT CHARSET=latin1;

--
-- Dumping data for table `ivl_pqv`
--

/*!40000 ALTER TABLE `ivl_pqv` DISABLE KEYS */;
INSERT INTO `ivl_pqv` (`id`,`value1_low_value`,`value1_high_value`,`value2_low_value`,`value2_low_precision`,`value2_high_closed`,`value3_low_value`,`value3_low_precision`,`value3_high_value`,`value3_high_precision`,`value3_high_null_flavor`,`value4_high_value`,`value4_high_precision`,`value4_high_null_flavor`,`value4_low_value`,`value4_low_precision`,`value4_low_null_flavor`,`value4_width_value`,`value4_width_precision`,`value4_width_null_flavor`) VALUES 
 (1,NULL,NULL,NULL,NULL,NULL,NULL,NULL,NULL,NULL,NULL,NULL,NULL,NULL,NULL,NULL,NULL,NULL,NULL,NULL),
 (2,'1.10',NULL,NULL,NULL,NULL,NULL,NULL,NULL,NULL,NULL,NULL,NULL,NULL,NULL,NULL,NULL,NULL,NULL,NULL),
 (3,'2.10',NULL,NULL,NULL,NULL,NULL,NULL,NULL,NULL,NULL,NULL,NULL,NULL,NULL,NULL,NULL,NULL,NULL,NULL),
 (4,'3.10',NULL,NULL,NULL,NULL,NULL,NULL,NULL,NULL,NULL,NULL,NULL,NULL,NULL,NULL,NULL,NULL,NULL,NULL),
 (5,'4.10',NULL,NULL,NULL,NULL,NULL,NULL,NULL,NULL,NULL,NULL,NULL,NULL,NULL,NULL,NULL,NULL,NULL,NULL),
 (6,'5.10',NULL,NULL,NULL,NULL,NULL,NULL,NULL,NULL,NULL,NULL,NULL,NULL,NULL,NULL,NULL,NULL,NULL,NULL),
 (7,NULL,NULL,NULL,NULL,NULL,NULL,NULL,NULL,NULL,NULL,NULL,NULL,NULL,NULL,NULL,NULL,NULL,NULL,NULL),
 (8,NULL,NULL,'1.10','2',NULL,NULL,NULL,NULL,NULL,NULL,NULL,NULL,NULL,NULL,NULL,NULL,NULL,NULL,NULL),
 (9,NULL,NULL,'2.10','2',NULL,NULL,NULL,NULL,NULL,NULL,NULL,NULL,NULL,NULL,NULL,NULL,NULL,NULL,NULL),
 (10,NULL,NULL,'3.10','2',NULL,NULL,NULL,NULL,NULL,NULL,NULL,NULL,NULL,NULL,NULL,NULL,NULL,NULL,NULL),
 (11,NULL,NULL,'4.10','2',NULL,NULL,NULL,NULL,NULL,NULL,NULL,NULL,NULL,NULL,NULL,NULL,NULL,NULL,NULL),
 (12,NULL,NULL,'5.10','2',NULL,NULL,NULL,NULL,NULL,NULL,NULL,NULL,NULL,NULL,NULL,NULL,NULL,NULL,NULL),
 (13,NULL,NULL,'1.10','2',0x31,NULL,NULL,NULL,NULL,NULL,NULL,NULL,NULL,NULL,NULL,NULL,NULL,NULL,NULL),
 (14,NULL,NULL,'2.10','2',0x31,NULL,NULL,NULL,NULL,NULL,NULL,NULL,NULL,NULL,NULL,NULL,NULL,NULL,NULL),
 (15,NULL,NULL,'3.10','2',0x31,NULL,NULL,NULL,NULL,NULL,NULL,NULL,NULL,NULL,NULL,NULL,NULL,NULL,NULL),
 (16,NULL,NULL,'4.10','2',0x31,NULL,NULL,NULL,NULL,NULL,NULL,NULL,NULL,NULL,NULL,NULL,NULL,NULL,NULL),
 (17,NULL,NULL,'5.10','2',0x31,NULL,NULL,NULL,NULL,NULL,NULL,NULL,NULL,NULL,NULL,NULL,NULL,NULL,NULL),
 (18,NULL,NULL,NULL,NULL,NULL,NULL,NULL,NULL,NULL,NULL,NULL,NULL,NULL,NULL,NULL,NULL,NULL,NULL,NULL),
 (19,NULL,NULL,NULL,NULL,NULL,'1.10','2','610.10','2',NULL,NULL,NULL,NULL,NULL,NULL,NULL,NULL,NULL,NULL),
 (20,NULL,NULL,NULL,NULL,NULL,'2.10','2','620.10','2',NULL,NULL,NULL,NULL,NULL,NULL,NULL,NULL,NULL,NULL),
 (21,NULL,NULL,NULL,NULL,NULL,'3.10','2','630.10','2',NULL,NULL,NULL,NULL,NULL,NULL,NULL,NULL,NULL,NULL),
 (22,NULL,NULL,NULL,NULL,NULL,'4.10','2','640.10','2',NULL,NULL,NULL,NULL,NULL,NULL,NULL,NULL,NULL,NULL),
 (23,NULL,NULL,NULL,NULL,NULL,'5.10','2','650.10','2',NULL,NULL,NULL,NULL,NULL,NULL,NULL,NULL,NULL,NULL),
 (24,NULL,NULL,NULL,NULL,NULL,'1.10','2','610.10','2',0x4E49,NULL,NULL,NULL,NULL,NULL,NULL,NULL,NULL,NULL),
 (25,NULL,NULL,NULL,NULL,NULL,'2.10','2','620.10','2',0x4E49,NULL,NULL,NULL,NULL,NULL,NULL,NULL,NULL,NULL),
 (26,NULL,NULL,NULL,NULL,NULL,'3.10','2','630.10','2',0x4E49,NULL,NULL,NULL,NULL,NULL,NULL,NULL,NULL,NULL),
 (27,NULL,NULL,NULL,NULL,NULL,'4.10','2','640.10','2',0x4E49,NULL,NULL,NULL,NULL,NULL,NULL,NULL,NULL,NULL),
 (28,NULL,NULL,NULL,NULL,NULL,'5.10','2','650.10','2',0x4E49,NULL,NULL,NULL,NULL,NULL,NULL,NULL,NULL,NULL),
 (29,NULL,NULL,NULL,NULL,NULL,NULL,NULL,NULL,NULL,NULL,NULL,NULL,NULL,NULL,NULL,NULL,NULL,NULL,NULL),
 (30,NULL,NULL,NULL,NULL,NULL,NULL,NULL,NULL,NULL,NULL,'710.10','2',0x4E49,NULL,NULL,NULL,NULL,NULL,NULL),
 (31,NULL,NULL,NULL,NULL,NULL,NULL,NULL,NULL,NULL,NULL,'720.10','2',0x4E49,NULL,NULL,NULL,NULL,NULL,NULL),
 (32,NULL,NULL,NULL,NULL,NULL,NULL,NULL,NULL,NULL,NULL,'730.10','2',0x4E49,NULL,NULL,NULL,NULL,NULL,NULL),
 (33,NULL,NULL,NULL,NULL,NULL,NULL,NULL,NULL,NULL,NULL,'740.10','2',0x4E49,NULL,NULL,NULL,NULL,NULL,NULL),
 (34,NULL,NULL,NULL,NULL,NULL,NULL,NULL,NULL,NULL,NULL,'750.10','2',0x4E49,NULL,NULL,NULL,NULL,NULL,NULL),
 (35,NULL,NULL,NULL,NULL,NULL,NULL,NULL,NULL,NULL,NULL,'11.10','2',0x4E49,'100.10','2',0x4E49,NULL,NULL,NULL),
 (36,NULL,NULL,NULL,NULL,NULL,NULL,NULL,NULL,NULL,NULL,'12.10','2',0x4E49,'100.10','2',0x4E49,NULL,NULL,NULL),
 (37,NULL,NULL,NULL,NULL,NULL,NULL,NULL,NULL,NULL,NULL,'13.10','2',0x4E49,'100.10','2',0x4E49,NULL,NULL,NULL),
 (38,NULL,NULL,NULL,NULL,NULL,NULL,NULL,NULL,NULL,NULL,'14.10','2',0x4E49,'100.10','2',0x4E49,NULL,NULL,NULL),
 (39,NULL,NULL,NULL,NULL,NULL,NULL,NULL,NULL,NULL,NULL,'15.10','2',0x4E49,'100.10','2',0x4E49,NULL,NULL,NULL),
 (40,NULL,NULL,NULL,NULL,NULL,NULL,NULL,NULL,NULL,NULL,'210.10','2',0x4E49,'100.10','2',0x4E49,'5.00','2',0x4E49),
 (41,NULL,NULL,NULL,NULL,NULL,NULL,NULL,NULL,NULL,NULL,'220.10','2',0x4E49,'100.10','2',0x4E49,'5.00','2',0x4E49),
 (42,NULL,NULL,NULL,NULL,NULL,NULL,NULL,NULL,NULL,NULL,'230.10','2',0x4E49,'100.10','2',0x4E49,'5.00','2',0x4E49),
 (43,NULL,NULL,NULL,NULL,NULL,NULL,NULL,NULL,NULL,NULL,'240.10','2',0x4E49,'100.10','2',0x4E49,'5.00','2',0x4E49),
 (44,NULL,NULL,NULL,NULL,NULL,NULL,NULL,NULL,NULL,NULL,'250.10','2',0x4E49,'100.10','2',0x4E49,'5.00','2',0x4E49);
/*!40000 ALTER TABLE `ivl_pqv` ENABLE KEYS */;


--
-- Definition of table `ivl_real`
--

DROP TABLE IF EXISTS `ivl_real`;
CREATE TABLE `ivl_real` (
  `id` int(8) default NULL,
  `value1_low_value` double default NULL,
  `value1_high_value` double default NULL,
  `value2_high_value` double default NULL,
  `value2_low_closed` varchar(1) character set latin1 collate latin1_bin default NULL,
  `value3_any_value` double default NULL,
  `value3_high_value` double default NULL,
  `value3_high_closed` varchar(1) character set latin1 collate latin1_bin default NULL,
  `value3_low_value` double default NULL,
  `value3_low_closed` varchar(1) character set latin1 collate latin1_bin default NULL,
  `value3_width_value` double default NULL,
  `value3_width_null_flavor` varchar(50) character set latin1 collate latin1_bin default NULL,
  `value3_null_flavor` varchar(50) character set latin1 collate latin1_bin default NULL
) ENGINE=InnoDB DEFAULT CHARSET=latin1;

--
-- Dumping data for table `ivl_real`
--

/*!40000 ALTER TABLE `ivl_real` DISABLE KEYS */;
INSERT INTO `ivl_real` (`id`,`value1_low_value`,`value1_high_value`,`value2_high_value`,`value2_low_closed`,`value3_any_value`,`value3_high_value`,`value3_high_closed`,`value3_low_value`,`value3_low_closed`,`value3_width_value`,`value3_width_null_flavor`,`value3_null_flavor`) VALUES 
 (1,NULL,NULL,NULL,NULL,NULL,NULL,NULL,NULL,NULL,NULL,NULL,NULL),
 (2,10.1,NULL,NULL,NULL,NULL,NULL,NULL,NULL,NULL,NULL,NULL,NULL),
 (3,1,210.2,NULL,NULL,NULL,NULL,NULL,NULL,NULL,NULL,NULL,NULL),
 (4,NULL,220.2,NULL,NULL,NULL,NULL,NULL,NULL,NULL,NULL,NULL,NULL),
 (5,3,230.2,NULL,NULL,NULL,NULL,NULL,NULL,NULL,NULL,NULL,NULL),
 (6,230.2,3,NULL,NULL,NULL,NULL,NULL,NULL,NULL,NULL,NULL,NULL),
 (7,NULL,NULL,-310,NULL,NULL,NULL,NULL,NULL,NULL,NULL,NULL,NULL),
 (8,NULL,NULL,40,0x31,NULL,NULL,NULL,NULL,NULL,NULL,NULL,NULL),
 (9,NULL,NULL,NULL,0x31,NULL,NULL,NULL,NULL,NULL,NULL,NULL,NULL),
 (10,NULL,NULL,4222222,0x31,NULL,NULL,NULL,NULL,NULL,NULL,NULL,NULL),
 (11,NULL,NULL,43,0x30,NULL,NULL,NULL,NULL,NULL,NULL,NULL,NULL),
 (12,NULL,NULL,44,0x30,NULL,NULL,NULL,NULL,NULL,NULL,NULL,NULL),
 (13,NULL,NULL,NULL,NULL,NULL,510,0x31,2,0x31,44,NULL,NULL),
 (14,NULL,NULL,NULL,NULL,NULL,520,0x31,2,0x31,44,NULL,NULL),
 (15,NULL,NULL,NULL,NULL,NULL,530,0x31,2,0x31,NULL,0x4E49,NULL),
 (16,NULL,NULL,NULL,NULL,NULL,540,0x31,2,0x31,44,NULL,NULL),
 (17,NULL,NULL,NULL,NULL,NULL,NULL,NULL,NULL,NULL,NULL,NULL,0x4E49),
 (18,NULL,NULL,NULL,NULL,NULL,610,0x31,251,0x31,4,NULL,NULL),
 (19,NULL,NULL,NULL,NULL,NULL,620,0x31,252,0x31,4,NULL,NULL),
 (20,NULL,NULL,NULL,NULL,NULL,630,0x31,253,0x31,4,NULL,NULL),
 (21,NULL,NULL,NULL,NULL,NULL,640,0x31,254,0x31,4,NULL,NULL),
 (22,NULL,NULL,NULL,NULL,101,650,0x31,255,0x31,4,NULL,NULL);
/*!40000 ALTER TABLE `ivl_real` ENABLE KEYS */;


--
-- Definition of table `ivl_ts`
--

DROP TABLE IF EXISTS `ivl_ts`;
CREATE TABLE `ivl_ts` (
  `id` int(8) default NULL,
  `value1_low_value` datetime default NULL,
  `value1_high_value` datetime default NULL,
  `value2_high_value` datetime default NULL,
  `value2_low_closed` varchar(1) character set latin1 collate latin1_bin default NULL,
  `value3_high_value` datetime default NULL,
  `value3_low_value` datetime default NULL,
  `value3_width_null_flavor` varchar(50) character set latin1 collate latin1_bin default NULL,
  `value3_width_value` int(8) default NULL,
  `value3_null_flavor` varchar(50) character set latin1 collate latin1_bin default NULL
) ENGINE=InnoDB DEFAULT CHARSET=latin1;

--
-- Dumping data for table `ivl_ts`
--

/*!40000 ALTER TABLE `ivl_ts` DISABLE KEYS */;
INSERT INTO `ivl_ts` (`id`,`value1_low_value`,`value1_high_value`,`value2_high_value`,`value2_low_closed`,`value3_high_value`,`value3_low_value`,`value3_width_null_flavor`,`value3_width_value`,`value3_null_flavor`) VALUES 
 (1,NULL,NULL,NULL,NULL,NULL,NULL,NULL,NULL,NULL),
 (2,'2010-03-11 00:00:00',NULL,NULL,NULL,NULL,NULL,NULL,NULL,NULL),
 (3,'2010-03-12 00:00:00',NULL,NULL,NULL,NULL,NULL,NULL,NULL,NULL),
 (4,NULL,'2010-03-11 00:00:00',NULL,NULL,NULL,NULL,NULL,NULL,NULL),
 (5,NULL,'2000-03-12 00:00:00',NULL,NULL,NULL,NULL,NULL,NULL,NULL),
 (6,'2010-03-03 00:00:00','2010-03-13 00:00:00',NULL,NULL,NULL,NULL,NULL,NULL,NULL),
 (7,NULL,NULL,'2010-03-11 00:00:00',NULL,NULL,NULL,NULL,NULL,NULL),
 (8,NULL,NULL,'2001-03-11 00:00:00',0x31,NULL,NULL,NULL,NULL,NULL),
 (9,NULL,NULL,NULL,0x31,NULL,NULL,NULL,NULL,NULL),
 (10,NULL,NULL,'2010-03-13 00:00:00',0x30,NULL,NULL,NULL,NULL,NULL),
 (11,NULL,NULL,'2010-03-14 00:00:00',0x31,NULL,NULL,NULL,NULL,NULL),
 (12,NULL,NULL,'2010-03-15 00:00:00',0x31,NULL,NULL,NULL,NULL,NULL),
 (13,NULL,NULL,NULL,NULL,'2010-03-11 00:00:00','2010-03-01 00:00:00',NULL,4,NULL),
 (14,NULL,NULL,NULL,NULL,'2010-03-12 00:00:00','2010-03-02 00:00:00',NULL,4,NULL),
 (15,NULL,NULL,NULL,NULL,'2010-03-13 00:00:00','2010-03-03 00:00:00',NULL,4,NULL),
 (16,NULL,NULL,NULL,NULL,'2010-03-14 00:00:00','2010-03-04 00:00:00',0x4E49,NULL,NULL),
 (17,NULL,NULL,NULL,NULL,'2010-03-15 00:00:00','2010-03-05 00:00:00',0x4E49,NULL,NULL),
 (18,NULL,NULL,NULL,NULL,NULL,'2010-03-01 00:00:00',NULL,4,NULL),
 (19,NULL,NULL,NULL,NULL,'2010-03-22 00:00:00',NULL,0x4E49,NULL,NULL),
 (20,NULL,NULL,NULL,NULL,NULL,NULL,0x4E41,NULL,0x4E41),
 (21,NULL,NULL,NULL,NULL,'2010-03-24 00:00:00','2010-03-04 00:00:00',NULL,4,NULL);
/*!40000 ALTER TABLE `ivl_ts` ENABLE KEYS */;


--
-- Definition of table `pq_datatype`
--

DROP TABLE IF EXISTS `pq_datatype`;
CREATE TABLE `pq_datatype` (
  `id` int(8) NOT NULL,
  `value1_value` decimal(8,2) default NULL,
  `value1_unit` varchar(50) character set latin1 collate latin1_bin default NULL,
  `value2_value` decimal(8,2) default NULL,
  `value3_null_flavor` varchar(50) character set latin1 collate latin1_bin default NULL,
  `value3_unit` varchar(50) character set latin1 collate latin1_bin default NULL,
  `value3_value` decimal(8,2) default NULL,
  `value3_precision` decimal(22,0) default NULL,
  PRIMARY KEY  (`id`)
) ENGINE=InnoDB DEFAULT CHARSET=latin1;

--
-- Dumping data for table `pq_datatype`
--

/*!40000 ALTER TABLE `pq_datatype` DISABLE KEYS */;
INSERT INTO `pq_datatype` (`id`,`value1_value`,`value1_unit`,`value2_value`,`value3_null_flavor`,`value3_unit`,`value3_value`,`value3_precision`) VALUES 
 (1,NULL,NULL,NULL,NULL,NULL,NULL,NULL),
 (2,'1.12',NULL,NULL,NULL,NULL,NULL,NULL),
 (3,'2.12',NULL,NULL,NULL,NULL,NULL,NULL),
 (4,'3.12',NULL,NULL,NULL,NULL,NULL,NULL),
 (5,'4.12',NULL,NULL,NULL,NULL,NULL,NULL),
 (6,'5.12',NULL,NULL,NULL,NULL,NULL,NULL),
 (7,'1.12',0x47414C4C4F4E,NULL,NULL,NULL,NULL,NULL),
 (8,'2.12',0x47414C4C4F4E,NULL,NULL,NULL,NULL,NULL),
 (9,'3.12',0x47414C4C4F4E,NULL,NULL,NULL,NULL,NULL),
 (10,'4.12',0x47414C4C4F4E,NULL,NULL,NULL,NULL,NULL),
 (11,'5.12',0x47414C4C4F4E,NULL,NULL,NULL,NULL,NULL),
 (12,NULL,NULL,'1.23',NULL,NULL,NULL,NULL),
 (13,NULL,NULL,'2.23',NULL,NULL,NULL,NULL),
 (14,NULL,NULL,'3.23',NULL,NULL,NULL,NULL),
 (15,NULL,NULL,'4.23',NULL,NULL,NULL,NULL),
 (16,NULL,NULL,'5.23',NULL,NULL,NULL,NULL),
 (17,NULL,NULL,NULL,NULL,NULL,'1.34',NULL),
 (18,NULL,NULL,NULL,NULL,NULL,'2.34',NULL),
 (19,NULL,NULL,NULL,NULL,0x4C49544552,'1.37',NULL),
 (20,NULL,NULL,NULL,NULL,0x4C49544552,'2.37',NULL),
 (21,NULL,NULL,NULL,NULL,0x4C49544552,'3.37',NULL),
 (22,NULL,NULL,NULL,NULL,0x4C49544552,'1.38','2'),
 (23,NULL,NULL,NULL,NULL,0x4C49544552,'2.38','2'),
 (24,NULL,NULL,NULL,NULL,0x4C49544552,'3.38','2'),
 (25,NULL,NULL,NULL,0x4E41,NULL,NULL,NULL),
 (26,NULL,NULL,NULL,0x4E41,NULL,NULL,NULL),
 (27,NULL,NULL,NULL,0x4E41,NULL,NULL,NULL);
/*!40000 ALTER TABLE `pq_datatype` ENABLE KEYS */;


--
-- Definition of table `pqv_datatype`
--

DROP TABLE IF EXISTS `pqv_datatype`;
CREATE TABLE `pqv_datatype` (
  `id` int(8) NOT NULL,
  `value1_value` decimal(8,2) default NULL,
  `value2_null_flavor` varchar(50) character set latin1 collate latin1_bin default NULL,
  `value2_value` decimal(8,2) default NULL,
  `value2_precision` decimal(22,0) default NULL,
  `value3_value` decimal(8,2) default NULL,
  `value3_precision` decimal(22,0) default NULL,
  `value4_null_flavor` varchar(50) character set latin1 collate latin1_bin default NULL,
  `value4_precision` decimal(22,0) default NULL,
  `value4_value` decimal(8,2) default NULL,
  PRIMARY KEY  (`id`)
) ENGINE=InnoDB DEFAULT CHARSET=latin1;

--
-- Dumping data for table `pqv_datatype`
--

/*!40000 ALTER TABLE `pqv_datatype` DISABLE KEYS */;
INSERT INTO `pqv_datatype` (`id`,`value1_value`,`value2_null_flavor`,`value2_value`,`value2_precision`,`value3_value`,`value3_precision`,`value4_null_flavor`,`value4_precision`,`value4_value`) VALUES 
 (1,NULL,NULL,NULL,NULL,NULL,NULL,NULL,NULL,NULL),
 (2,NULL,NULL,NULL,NULL,NULL,NULL,NULL,NULL,NULL),
 (3,NULL,NULL,NULL,NULL,NULL,NULL,NULL,NULL,NULL),
 (4,NULL,NULL,NULL,NULL,NULL,NULL,NULL,NULL,NULL),
 (5,NULL,NULL,NULL,NULL,NULL,NULL,NULL,NULL,NULL),
 (6,'1.11',NULL,NULL,NULL,NULL,NULL,NULL,NULL,NULL),
 (7,'2.11',NULL,NULL,NULL,NULL,NULL,NULL,NULL,NULL),
 (8,'3.11',NULL,NULL,NULL,NULL,NULL,NULL,NULL,NULL),
 (9,'4.11',NULL,NULL,NULL,NULL,NULL,NULL,NULL,NULL),
 (10,'5.11',NULL,NULL,NULL,NULL,NULL,NULL,NULL,NULL),
 (11,NULL,NULL,NULL,NULL,NULL,NULL,NULL,NULL,NULL),
 (12,NULL,NULL,NULL,NULL,NULL,NULL,NULL,NULL,NULL),
 (13,NULL,NULL,NULL,NULL,NULL,NULL,NULL,NULL,NULL),
 (14,NULL,NULL,NULL,NULL,NULL,NULL,NULL,NULL,NULL),
 (15,NULL,NULL,NULL,NULL,NULL,NULL,NULL,NULL,NULL),
 (16,NULL,NULL,'1.22',NULL,NULL,NULL,NULL,NULL,NULL),
 (17,NULL,NULL,'2.22',NULL,NULL,NULL,NULL,NULL,NULL),
 (18,NULL,NULL,'3.22',NULL,NULL,NULL,NULL,NULL,NULL),
 (19,NULL,NULL,'4.22',NULL,NULL,NULL,NULL,NULL,NULL),
 (20,NULL,NULL,'5.22',NULL,NULL,NULL,NULL,NULL,NULL),
 (21,NULL,NULL,'1.23','2',NULL,NULL,NULL,NULL,NULL),
 (22,NULL,NULL,'2.23','2',NULL,NULL,NULL,NULL,NULL),
 (23,NULL,NULL,'3.23','2',NULL,NULL,NULL,NULL,NULL),
 (24,NULL,NULL,'4.23','2',NULL,NULL,NULL,NULL,NULL),
 (25,NULL,NULL,'5.23','2',NULL,NULL,NULL,NULL,NULL),
 (26,NULL,0x4E49,'1.23','2',NULL,NULL,NULL,NULL,NULL),
 (27,NULL,0x4E49,'2.23','2',NULL,NULL,NULL,NULL,NULL),
 (28,NULL,0x4E49,'3.23','2',NULL,NULL,NULL,NULL,NULL),
 (29,NULL,0x4E49,'4.23','2',NULL,NULL,NULL,NULL,NULL),
 (30,NULL,0x4E49,'5.23','2',NULL,NULL,NULL,NULL,NULL);
/*!40000 ALTER TABLE `pqv_datatype` ENABLE KEYS */;


--
-- Definition of table `real_datatype`
--

DROP TABLE IF EXISTS `real_datatype`;
CREATE TABLE `real_datatype` (
  `id` int(8) NOT NULL,
  `value1_value` double default NULL,
  `value2_null_flavor` varchar(50) character set latin1 collate latin1_bin default NULL,
  `value2_value` double default NULL,
  PRIMARY KEY  (`id`)
) ENGINE=InnoDB DEFAULT CHARSET=latin1;

--
-- Dumping data for table `real_datatype`
--

/*!40000 ALTER TABLE `real_datatype` DISABLE KEYS */;
INSERT INTO `real_datatype` (`id`,`value1_value`,`value2_null_flavor`,`value2_value`) VALUES 
 (1,NULL,NULL,NULL),
 (2,1001.15,NULL,NULL),
 (3,1002.15,NULL,NULL),
 (4,-1003,NULL,NULL),
 (5,1004,NULL,NULL),
 (6,1005.15,NULL,NULL),
 (7,NULL,NULL,1101.15),
 (8,NULL,NULL,1102),
 (9,NULL,NULL,-1201.15),
 (10,NULL,0x4E41,NULL),
 (11,NULL,0x4E41,NULL),
 (12,NULL,0x4E41,NULL);
/*!40000 ALTER TABLE `real_datatype` ENABLE KEYS */;


--
-- Definition of table `sc_datatype`
--

DROP TABLE IF EXISTS `sc_datatype`;
CREATE TABLE `sc_datatype` (
  `id` int(8) NOT NULL,
  `value1_value` varchar(50) character set latin1 collate latin1_bin default NULL,
  `value1_code_code` varchar(50) character set latin1 collate latin1_bin default NULL,
  `value2_null_flavor` varchar(50) character set latin1 collate latin1_bin default NULL,
  `value2_value` varchar(50) character set latin1 collate latin1_bin default NULL,
  `value2_code_null_flavor` varchar(50) character set latin1 collate latin1_bin default NULL,
  `value2_code_code` varchar(50) character set latin1 collate latin1_bin default NULL,
  `value2_code_code_system` varchar(50) character set latin1 collate latin1_bin default NULL,
  `value2_code_code_system_name` varchar(50) character set latin1 collate latin1_bin default NULL,
  `value2_code_code_system_ver` varchar(50) character set latin1 collate latin1_bin default NULL,
  `value3_null_flavor` varchar(50) character set latin1 collate latin1_bin default NULL,
  `value3_value` varchar(50) character set latin1 collate latin1_bin default NULL,
  `value3_code_null_flavor` varchar(50) character set latin1 collate latin1_bin default NULL,
  `value3_code_code` varchar(50) character set latin1 collate latin1_bin default NULL,
  `value3_code_code_system` varchar(50) character set latin1 collate latin1_bin default NULL,
  `value3_code_code_system_name` varchar(50) character set latin1 collate latin1_bin default NULL,
  `value3_code_code_system_ver` varchar(50) character set latin1 collate latin1_bin default NULL,
  `value3_code_display_nflavor` varchar(50) character set latin1 collate latin1_bin default NULL,
  `value3_code_display_value` varchar(50) character set latin1 collate latin1_bin default NULL,
  `value3_code_orig_txt_nflavor` varchar(50) character set latin1 collate latin1_bin default NULL,
  `value3_code_orig_txt_desc` varchar(50) character set latin1 collate latin1_bin default NULL,
  `value3_code_orig_txt_value` varchar(50) character set latin1 collate latin1_bin default NULL,
  PRIMARY KEY  (`id`)
) ENGINE=InnoDB DEFAULT CHARSET=latin1;

--
-- Dumping data for table `sc_datatype`
--

/*!40000 ALTER TABLE `sc_datatype` DISABLE KEYS */;
INSERT INTO `sc_datatype` (`id`,`value1_value`,`value1_code_code`,`value2_null_flavor`,`value2_value`,`value2_code_null_flavor`,`value2_code_code`,`value2_code_code_system`,`value2_code_code_system_name`,`value2_code_code_system_ver`,`value3_null_flavor`,`value3_value`,`value3_code_null_flavor`,`value3_code_code`,`value3_code_code_system`,`value3_code_code_system_name`,`value3_code_code_system_ver`,`value3_code_display_nflavor`,`value3_code_display_value`,`value3_code_orig_txt_nflavor`,`value3_code_orig_txt_desc`,`value3_code_orig_txt_value`) VALUES 
 (1,NULL,NULL,NULL,NULL,NULL,NULL,NULL,NULL,NULL,NULL,NULL,NULL,NULL,NULL,NULL,NULL,NULL,NULL,NULL,NULL,NULL),
 (2,0x56414C5545315F56414C554531,NULL,NULL,NULL,NULL,NULL,NULL,NULL,NULL,NULL,NULL,NULL,NULL,NULL,NULL,NULL,NULL,NULL,NULL,NULL,NULL),
 (3,0x56414C5545315F56414C554532,NULL,NULL,NULL,NULL,NULL,NULL,NULL,NULL,NULL,NULL,NULL,NULL,NULL,NULL,NULL,NULL,NULL,NULL,NULL,NULL),
 (4,0x56414C5545315F56414C554533,NULL,NULL,NULL,NULL,NULL,NULL,NULL,NULL,NULL,NULL,NULL,NULL,NULL,NULL,NULL,NULL,NULL,NULL,NULL,NULL),
 (5,0x56414C5545315F56414C554534,0x434F444531,NULL,NULL,NULL,NULL,NULL,NULL,NULL,NULL,NULL,NULL,NULL,NULL,NULL,NULL,NULL,NULL,NULL,NULL,NULL),
 (6,0x56414C5545315F56414C554535,0x434F444532,NULL,NULL,NULL,NULL,NULL,NULL,NULL,NULL,NULL,NULL,NULL,NULL,NULL,NULL,NULL,NULL,NULL,NULL,NULL),
 (7,NULL,NULL,0x554E4B,NULL,NULL,NULL,NULL,NULL,NULL,NULL,NULL,NULL,NULL,NULL,NULL,NULL,NULL,NULL,NULL,NULL,NULL),
 (8,NULL,NULL,NULL,0x56414C5545325F56414C554531,NULL,0x56414C5545325F434F44455F434F444531,NULL,NULL,NULL,NULL,NULL,NULL,NULL,NULL,NULL,NULL,NULL,NULL,NULL,NULL,NULL),
 (9,NULL,NULL,NULL,0x56414C5545325F56414C554532,NULL,0x56414C5545325F434F44455F434F444532,0x56414C5545325F434F44455F434F44455F53595354454D31,NULL,NULL,NULL,NULL,NULL,NULL,NULL,NULL,NULL,NULL,NULL,NULL,NULL,NULL),
 (10,NULL,NULL,NULL,0x56414C5545325F56414C554533,NULL,0x56414C5545325F434F44455F434F444533,0x56414C5545325F434F44455F434F44455F53595354454D32,0x56414C5545325F434F44455F434F44455F53595354454D5F4E414D4531,NULL,NULL,NULL,NULL,NULL,NULL,NULL,NULL,NULL,NULL,NULL,NULL,NULL),
 (11,NULL,NULL,NULL,0x56414C5545325F56414C554534,NULL,0x56414C5545325F434F44455F434F444534,0x56414C5545325F434F44455F434F44455F53595354454D33,0x56414C5545325F434F44455F434F44455F53595354454D5F4E414D4532,0x312E31,NULL,NULL,NULL,NULL,NULL,NULL,NULL,NULL,NULL,NULL,NULL,NULL),
 (12,NULL,NULL,NULL,0x56414C5545325F56414C554535,0x4E41,0x56414C5545325F434F44455F434F444535,0x56414C5545325F434F44455F434F44455F53595354454D34,0x56414C5545325F434F44455F434F44455F53595354454D5F4E414D4533,0x312E31,NULL,NULL,NULL,NULL,NULL,NULL,NULL,NULL,NULL,NULL,NULL,NULL),
 (13,NULL,NULL,NULL,NULL,NULL,NULL,NULL,NULL,NULL,0x4E49,NULL,NULL,NULL,NULL,NULL,NULL,NULL,NULL,NULL,NULL,NULL),
 (14,NULL,NULL,NULL,NULL,NULL,NULL,NULL,NULL,NULL,NULL,0x56414C5545335F56414C554531,NULL,0x56414C5545335F434F44455F434F444531,0x56414C5545335F434F44455F434F44455F53595354454D31,NULL,NULL,NULL,NULL,NULL,NULL,NULL),
 (15,NULL,NULL,NULL,NULL,NULL,NULL,NULL,NULL,NULL,NULL,0x56414C5545335F56414C554532,NULL,0x56414C5545335F434F44455F434F444531,0x56414C5545335F434F44455F434F44455F53595354454D31,0x56414C5545335F434F44455F434F44455F53595354454D5F4E414D4531,0x56414C5545335F434F44455F434F44455F53595354454D5F56455231,NULL,NULL,NULL,NULL,NULL),
 (16,NULL,NULL,NULL,NULL,NULL,NULL,NULL,NULL,NULL,NULL,0x56414C5545335F56414C554531,NULL,0x56414C5545335F434F44455F434F444531,0x56414C5545335F434F44455F434F44455F53595354454D31,0x56414C5545335F434F44455F434F44455F53595354454D5F4E414D4531,0x56414C5545335F434F44455F434F44455F53595354454D5F56455231,0x4E49,NULL,0x4E49,NULL,NULL),
 (17,NULL,NULL,NULL,NULL,NULL,NULL,NULL,NULL,NULL,NULL,0x56414C5545335F56414C554533,NULL,0x56414C5545335F434F44455F434F444531,0x56414C5545335F434F44455F434F44455F53595354454D31,0x56414C5545335F434F44455F434F44455F53595354454D5F4E414D4531,0x56414C5545335F434F44455F434F44455F53595354454D5F564552,NULL,0x56414C5545335F434F44455F444953504C41595F56414C5545,0x4E49,NULL,NULL),
 (18,NULL,NULL,NULL,NULL,NULL,NULL,NULL,NULL,NULL,NULL,0x56414C5545335F56414C554534,NULL,0x56414C5545335F434F44455F434F44453331,0x56414C5545335F434F44455F434F44455F53595354454D3331,0x56414C5545335F434F44455F434F44455F53595354454D5F4E414D453331,0x56414C5545335F434F44455F434F44455F53595354454D5F5645523331,NULL,0x56414C5545335F434F44455F444953504C41595F56414C55453331,0x4E49,NULL,NULL),
 (19,NULL,NULL,NULL,NULL,NULL,NULL,NULL,NULL,NULL,NULL,0x56414C5545335F56414C554535,NULL,0x56414C5545335F434F44455F434F44453331,0x56414C5545335F434F44455F434F44455F53595354454D3331,0x56414C5545335F434F44455F434F44455F53595354454D5F4E414D453331,0x56414C5545335F434F44455F434F44455F53595354454D5F5645523331,NULL,0x56414C5545335F434F44455F444953504C41595F56414C55453331,0x4E49,NULL,NULL),
 (20,NULL,NULL,NULL,NULL,NULL,NULL,NULL,NULL,NULL,NULL,0x56414C5545335F56414C554536,NULL,0x56414C5545335F434F44455F434F44453331,0x56414C5545335F434F44455F434F44455F53595354454D3331,0x56414C5545335F434F44455F434F44455F53595354454D5F4E414D453331,0x56414C5545335F434F44455F434F44455F53595354454D5F5645523331,NULL,0x56414C5545335F434F44455F444953504C41595F56414C55453331,0x4E49,NULL,NULL),
 (21,NULL,NULL,NULL,NULL,NULL,NULL,NULL,NULL,NULL,NULL,0x56414C5545335F56414C554537,NULL,0x56414C5545335F434F44455F434F44453331,0x56414C5545335F434F44455F434F44455F53595354454D3331,0x56414C5545335F434F44455F434F44455F53595354454D5F4E414D453331,0x56414C5545335F434F44455F434F44455F53595354454D5F5645523331,NULL,0x56414C5545335F434F44455F444953504C41595F56414C55453331,NULL,0x56414C5545335F434F44455F4F5249475F5458545F4445534331,NULL),
 (22,NULL,NULL,NULL,NULL,NULL,NULL,NULL,NULL,NULL,NULL,0x56414C5545335F56414C554538,NULL,0x56414C5545335F434F44455F434F44453331,0x56414C5545335F434F44455F434F44455F53595354454D3331,0x56414C5545335F434F44455F434F44455F53595354454D5F4E414D453331,0x56414C5545335F434F44455F434F44455F53595354454D5F5645523331,NULL,0x56414C5545335F434F44455F444953504C41595F56414C55453331,NULL,0x56414C5545335F434F44455F4F5249475F5458545F444553433331,0x56414C5545335F434F44455F4F5249475F5458545F56414C55453331),
 (23,NULL,NULL,NULL,NULL,NULL,NULL,NULL,NULL,NULL,NULL,0x56414C5545335F56414C554539,0x4E49,0x56414C5545335F434F44455F434F44453331,0x56414C5545335F434F44455F434F44455F53595354454D3331,0x56414C5545335F434F44455F434F44455F53595354454D5F4E414D453331,0x56414C5545335F434F44455F434F44455F53595354454D5F5645523331,NULL,0x56414C5545335F434F44455F444953504C41595F56414C55453331,NULL,0x56414C5545335F434F44455F4F5249475F5458545F444553433331,0x56414C5545335F434F44455F4F5249475F5458545F56414C55453331);
/*!40000 ALTER TABLE `sc_datatype` ENABLE KEYS */;


--
-- Definition of table `st_datatype`
--

DROP TABLE IF EXISTS `st_datatype`;
CREATE TABLE `st_datatype` (
  `id` int(8) NOT NULL,
  `value1_value` varchar(50) character set latin1 collate latin1_bin default NULL,
  `value2_null_flavor` varchar(50) character set latin1 collate latin1_bin default NULL,
  `value2_value` varchar(50) character set latin1 collate latin1_bin default NULL,
  PRIMARY KEY  (`id`)
) ENGINE=InnoDB DEFAULT CHARSET=latin1;

--
-- Dumping data for table `st_datatype`
--

/*!40000 ALTER TABLE `st_datatype` DISABLE KEYS */;
INSERT INTO `st_datatype` (`id`,`value1_value`,`value2_null_flavor`,`value2_value`) VALUES 
 (1,NULL,NULL,NULL),
 (2,0x56414C5545315F56414C554531,NULL,NULL),
 (3,0x56414C5545315F56414C554532,NULL,NULL),
 (4,0x56414C5545315F56414C554533,NULL,NULL),
 (5,0x56414C5545315F56414C554534,NULL,NULL),
 (6,0x56414C5545315F56414C554535,NULL,NULL),
 (7,NULL,NULL,0x56414C5545325F56414C554531),
 (8,NULL,NULL,0x56414C5545325F56414C554532),
 (9,NULL,NULL,0x56414C5545325F56414C554533),
 (10,NULL,NULL,0x56414C5545325F56414C554534),
 (11,NULL,NULL,0x56414C5545325F56414C554535),
 (12,NULL,0x554E4B,NULL),
 (13,NULL,0x554E4B,NULL),
 (14,NULL,0x554E4B,NULL),
 (15,NULL,0x554E4B,NULL),
 (16,NULL,0x554E4B,NULL);
/*!40000 ALTER TABLE `st_datatype` ENABLE KEYS */;


--
-- Definition of table `st_nt_datatype`
--

DROP TABLE IF EXISTS `st_nt_datatype`;
CREATE TABLE `st_nt_datatype` (
  `id` int(8) NOT NULL,
  `value1_value` varchar(50) character set latin1 collate latin1_bin default NULL,
  `value2_null_flavor` varchar(50) character set latin1 collate latin1_bin default NULL,
  `value2_value` varchar(50) character set latin1 collate latin1_bin default NULL,
  PRIMARY KEY  (`id`)
) ENGINE=InnoDB DEFAULT CHARSET=latin1;

--
-- Dumping data for table `st_nt_datatype`
--

/*!40000 ALTER TABLE `st_nt_datatype` DISABLE KEYS */;
INSERT INTO `st_nt_datatype` (`id`,`value1_value`,`value2_null_flavor`,`value2_value`) VALUES 
 (1,NULL,NULL,NULL),
 (2,0x56414C5545315F56414C554531,NULL,NULL),
 (3,0x56414C5545315F56414C554532,NULL,NULL),
 (4,0x56414C5545315F56414C554533,NULL,NULL),
 (5,0x56414C5545315F56414C554534,NULL,NULL),
 (6,0x56414C5545315F56414C554535,NULL,NULL),
 (7,NULL,NULL,0x56414C5545325F56414C554531),
 (8,NULL,NULL,0x56414C5545325F56414C554532),
 (9,NULL,NULL,0x56414C5545325F56414C554533),
 (10,NULL,NULL,0x56414C5545325F56414C554534),
 (11,NULL,NULL,0x56414C5545325F56414C554535),
 (12,NULL,0x554E4B,NULL),
 (13,NULL,0x554E4B,NULL),
 (14,NULL,0x554E4B,NULL),
 (15,NULL,0x554E4B,NULL),
 (16,NULL,0x554E4B,NULL);
/*!40000 ALTER TABLE `st_nt_datatype` ENABLE KEYS */;


--
-- Definition of table `tel_datatype`
--

DROP TABLE IF EXISTS `tel_datatype`;
CREATE TABLE `tel_datatype` (
  `id` int(8) NOT NULL,
  `value1_value` varchar(50) character set latin1 collate latin1_bin default NULL,
  `value2_null_flavor` varchar(50) character set latin1 collate latin1_bin default NULL,
  `value2_value` varchar(50) character set latin1 collate latin1_bin default NULL,
  PRIMARY KEY  (`id`)
) ENGINE=InnoDB DEFAULT CHARSET=latin1;

--
-- Dumping data for table `tel_datatype`
--

/*!40000 ALTER TABLE `tel_datatype` DISABLE KEYS */;
INSERT INTO `tel_datatype` (`id`,`value1_value`,`value2_null_flavor`,`value2_value`) VALUES 
 (1,NULL,NULL,NULL),
 (2,0x74656C3A2F2F3132332D3435362D37383931,NULL,NULL),
 (3,0x74656C3A2F2F3132332D3435362D37383932,NULL,NULL),
 (4,0x74656C3A2F2F3132332D3435362D37383933,NULL,NULL),
 (5,0x74656C3A2F2F3132332D3435362D37383934,NULL,NULL),
 (6,0x74656C3A2F2F3132332D3435362D37383935,NULL,NULL),
 (7,NULL,NULL,0x74656C3A2F2F3132332D3435362D37383936),
 (8,NULL,NULL,0x74656C3A2F2F3132332D3435362D37383937),
 (9,NULL,NULL,0x74656C3A2F2F3132332D3435362D37383938),
 (10,NULL,NULL,0x74656C3A2F2F3132332D3435362D37383933),
 (11,NULL,NULL,0x74656C3A2F2F3132332D3435362D37383934),
 (12,NULL,NULL,0x74656C3A2F2F3132332D3435362D37383935);
/*!40000 ALTER TABLE `tel_datatype` ENABLE KEYS */;


--
-- Definition of table `tel_email_datatype`
--

DROP TABLE IF EXISTS `tel_email_datatype`;
CREATE TABLE `tel_email_datatype` (
  `id` int(8) NOT NULL,
  `value1_value` varchar(50) character set latin1 collate latin1_bin default NULL,
  `value2_null_flavor` varchar(50) character set latin1 collate latin1_bin default NULL,
  `value2_value` varchar(50) character set latin1 collate latin1_bin default NULL,
  PRIMARY KEY  (`id`)
) ENGINE=InnoDB DEFAULT CHARSET=latin1;

--
-- Dumping data for table `tel_email_datatype`
--

/*!40000 ALTER TABLE `tel_email_datatype` DISABLE KEYS */;
INSERT INTO `tel_email_datatype` (`id`,`value1_value`,`value2_null_flavor`,`value2_value`) VALUES 
 (1,NULL,NULL,NULL),
 (2,0x6D61696C746F3A6A646F6531406E63692E676F76,NULL,NULL),
 (3,0x6D61696C746F3A6A646F6532406E63692E676F76,NULL,NULL),
 (4,0x6D61696C746F3A6A646F6533406E63692E676F76,NULL,NULL),
 (5,0x6D61696C746F3A6A646F6534406E63692E676F76,NULL,NULL),
 (6,0x6D61696C746F3A6A646F6535406E63692E676F76,NULL,NULL),
 (7,NULL,NULL,0x4D61696C546F3A6A646F6531406E63692E676F76),
 (8,NULL,NULL,0x4D61696C546F3A6A646F6532406E63692E676F76),
 (9,NULL,NULL,0x6D61696C746F3A6A646F6533406E63692E676F76),
 (10,NULL,NULL,0x6D61696C746F3A6A646F6534406E63692E676F76),
 (11,NULL,NULL,0x6D61696C746F3A6A646F6535406E63692E676F76);
/*!40000 ALTER TABLE `tel_email_datatype` ENABLE KEYS */;


--
-- Definition of table `tel_person_datatype`
--

DROP TABLE IF EXISTS `tel_person_datatype`;
CREATE TABLE `tel_person_datatype` (
  `id` int(8) NOT NULL,
  `value1_value` varchar(50) character set latin1 collate latin1_bin default NULL,
  `value2_null_flavor` varchar(50) character set latin1 collate latin1_bin default NULL,
  `value2_value` varchar(50) character set latin1 collate latin1_bin default NULL,
  PRIMARY KEY  (`id`)
) ENGINE=InnoDB DEFAULT CHARSET=latin1;

--
-- Dumping data for table `tel_person_datatype`
--

/*!40000 ALTER TABLE `tel_person_datatype` DISABLE KEYS */;
INSERT INTO `tel_person_datatype` (`id`,`value1_value`,`value2_null_flavor`,`value2_value`) VALUES 
 (1,NULL,NULL,NULL),
 (2,0x74656C3A38303034323236323331,NULL,NULL),
 (3,0x782D746578742D6661783A38303034323236323332,NULL,NULL),
 (4,0x782D746578742D74656C3A38303034323236323333,NULL,NULL),
 (5,0x6D61696C746F3A38303034323236323335,NULL,NULL),
 (6,0x782D746578742D74656C3A38303034323236323335,NULL,NULL),
 (7,NULL,NULL,0x782D746578742D74656C3A38303034323236323334),
 (8,NULL,NULL,0x6D61696C746F3A38303034323236323335),
 (9,NULL,NULL,0x782D746578742D74656C3A38303034323236323333),
 (10,NULL,NULL,0x6D61696C746F3A38303034323236323335),
 (11,NULL,NULL,0x782D746578742D74656C3A38303034323236323335);
/*!40000 ALTER TABLE `tel_person_datatype` ENABLE KEYS */;


--
-- Definition of table `tel_phone_datatype`
--

DROP TABLE IF EXISTS `tel_phone_datatype`;
CREATE TABLE `tel_phone_datatype` (
  `id` int(8) NOT NULL,
  `value1_value` varchar(50) character set latin1 collate latin1_bin default NULL,
  `value2_null_flavor` varchar(50) character set latin1 collate latin1_bin default NULL,
  `value2_value` varchar(50) character set latin1 collate latin1_bin default NULL,
  PRIMARY KEY  (`id`)
) ENGINE=InnoDB DEFAULT CHARSET=latin1;

--
-- Dumping data for table `tel_phone_datatype`
--

/*!40000 ALTER TABLE `tel_phone_datatype` DISABLE KEYS */;
INSERT INTO `tel_phone_datatype` (`id`,`value1_value`,`value2_null_flavor`,`value2_value`) VALUES 
 (1,NULL,NULL,NULL),
 (2,0x74656C3A38303034323236323331,NULL,NULL),
 (3,0x782D746578742D74656C3A38303034323236323332,NULL,NULL),
 (4,0x782D746578742D6661783A38303034323236323333,NULL,NULL),
 (5,0x74656C3A38303034323236323334,NULL,NULL),
 (6,0x74656C3A38303034323236323335,NULL,NULL),
 (7,NULL,NULL,0x74656C3A38303034323236323331),
 (8,NULL,NULL,0x782D746578742D74656C3A38303034323236323332),
 (9,NULL,NULL,0x782D746578742D6661783A38303034323236323333),
 (10,NULL,NULL,0x74656C3A38303034323236323334),
 (11,NULL,NULL,0x74656C3A38303034323236323335);
/*!40000 ALTER TABLE `tel_phone_datatype` ENABLE KEYS */;


--
-- Definition of table `tel_url_datatype`
--

DROP TABLE IF EXISTS `tel_url_datatype`;
CREATE TABLE `tel_url_datatype` (
  `id` int(8) NOT NULL,
  `value1_value` varchar(50) character set latin1 collate latin1_bin default NULL,
  `value2_null_flavor` varchar(50) character set latin1 collate latin1_bin default NULL,
  `value2_value` varchar(50) character set latin1 collate latin1_bin default NULL,
  PRIMARY KEY  (`id`)
) ENGINE=InnoDB DEFAULT CHARSET=latin1;

--
-- Dumping data for table `tel_url_datatype`
--

/*!40000 ALTER TABLE `tel_url_datatype` DISABLE KEYS */;
INSERT INTO `tel_url_datatype` (`id`,`value1_value`,`value2_null_flavor`,`value2_value`) VALUES 
 (1,NULL,NULL,NULL),
 (2,0x68747470733A2F2F7777772E63616E6365722E676F76,NULL,NULL),
 (3,0x66696C653A2F2F746573742E786D6C,NULL,NULL),
 (4,0x6674703A2F2F63616E6365722E676F76,NULL,NULL),
 (5,0x6369643A2F2F7777772E63616E636572332E676F76,NULL,NULL),
 (6,0x687474703A2F2F7777772E63616E636572342E676F76,NULL,NULL),
 (7,NULL,NULL,0x68747470733A2F2F7777772E63616E6365722E676F76),
 (8,NULL,NULL,0x6E66733A2F2F642F746573742E786D6C),
 (9,NULL,NULL,0x6369643A2F2F7777772E63616E636572332E676F76),
 (10,NULL,NULL,0x6674703A2F2F63616E6365722E676F76),
 (11,NULL,NULL,0x687474703A2F2F7777772E63616E636572342E676F76);
/*!40000 ALTER TABLE `tel_url_datatype` ENABLE KEYS */;


--
-- Definition of table `ts_datatype`
--

DROP TABLE IF EXISTS `ts_datatype`;
CREATE TABLE `ts_datatype` (
  `id` int(8) NOT NULL,
  `value1_value` datetime default NULL,
  `value2_null_flavor` varchar(50) character set latin1 collate latin1_bin default NULL,
  `value2_value` datetime default NULL,
  PRIMARY KEY  (`id`)
) ENGINE=InnoDB DEFAULT CHARSET=latin1;

--
-- Dumping data for table `ts_datatype`
--

/*!40000 ALTER TABLE `ts_datatype` DISABLE KEYS */;
INSERT INTO `ts_datatype` (`id`,`value1_value`,`value2_null_flavor`,`value2_value`) VALUES 
 (1,NULL,NULL,NULL),
 (2,'2010-03-11 00:00:00',NULL,NULL),
 (3,'2010-03-12 00:00:00',NULL,NULL),
 (4,'2010-03-13 00:00:00',NULL,NULL),
 (5,'2010-03-14 00:00:00',NULL,NULL),
 (6,'2010-03-15 00:00:00',NULL,NULL),
 (7,NULL,NULL,'2010-03-21 00:00:00'),
 (8,NULL,NULL,'2010-03-22 00:00:00'),
 (9,NULL,NULL,'2010-03-23 00:00:00'),
 (10,NULL,0x4E41,NULL),
 (11,NULL,0x4E41,NULL),
 (12,NULL,0x4E41,NULL);
/*!40000 ALTER TABLE `ts_datatype` ENABLE KEYS */;

SET FOREIGN_KEY_CHECKS = 1;