DROP TABLE IF EXISTS AD_AD_DATATYPE_VALUE9 CASCADE ;
DROP TABLE IF EXISTS AD_DATATYPE CASCADE ;
DROP TABLE IF EXISTS AD_DATATYPE_VALUE7 CASCADE ;
DROP TABLE IF EXISTS AD_DATATYPE_VALUE8 CASCADE ;
DROP TABLE IF EXISTS AD_DATATYPE_VALUE9 CASCADE ;
DROP TABLE IF EXISTS BL_DATATYPE CASCADE ;
DROP TABLE IF EXISTS BL_NONNULL_DATATYPE CASCADE ;
DROP TABLE IF EXISTS CD_CD_DATATYPE_VALUE8 CASCADE ;
DROP TABLE IF EXISTS CD_DATATYPE CASCADE ;
DROP TABLE IF EXISTS CD_DATATYPE_VALUE6 CASCADE ;
DROP TABLE IF EXISTS CD_DATATYPE_VALUE7 CASCADE ;
DROP TABLE IF EXISTS CD_DATATYPE_VALUE8 CASCADE ;
DROP TABLE IF EXISTS DSET_AD_DATATYPE CASCADE ;
DROP TABLE IF EXISTS DSET_AD_DSET_AD_VALUE8 CASCADE ;
DROP TABLE IF EXISTS DSET_AD_VALUE1 CASCADE ;
DROP TABLE IF EXISTS DSET_AD_VALUE2 CASCADE ;
DROP TABLE IF EXISTS DSET_AD_VALUE3 CASCADE ;
DROP TABLE IF EXISTS DSET_AD_VALUE4 CASCADE ;
DROP TABLE IF EXISTS DSET_AD_VALUE5 CASCADE ;
DROP TABLE IF EXISTS DSET_AD_VALUE6 CASCADE ;
DROP TABLE IF EXISTS DSET_AD_VALUE7 CASCADE ;
DROP TABLE IF EXISTS DSET_AD_VALUE8 CASCADE ;
DROP TABLE IF EXISTS DSET_CD CASCADE ;
DROP TABLE IF EXISTS DSET_CD_CD_VALUE7 CASCADE ;
DROP TABLE IF EXISTS DSET_CD_VALUE1 CASCADE ;
DROP TABLE IF EXISTS DSET_CD_VALUE2 CASCADE ;
DROP TABLE IF EXISTS DSET_CD_VALUE3 CASCADE ;
DROP TABLE IF EXISTS DSET_CD_VALUE4 CASCADE ;
DROP TABLE IF EXISTS DSET_CD_VALUE5 CASCADE ;
DROP TABLE IF EXISTS DSET_CD_VALUE6 CASCADE ;
DROP TABLE IF EXISTS DSET_CD_VALUE7 CASCADE ;
DROP TABLE IF EXISTS DSET_EN CASCADE ;
DROP TABLE IF EXISTS DSET_EN_VALUE1 CASCADE ;
DROP TABLE IF EXISTS DSET_EN_VALUE2 CASCADE ;
DROP TABLE IF EXISTS DSET_EN_VALUE3 CASCADE ;
DROP TABLE IF EXISTS DSET_EN_VALUE4 CASCADE ;
DROP TABLE IF EXISTS DSET_EN_VALUE5 CASCADE ;
DROP TABLE IF EXISTS DSET_EN_VALUE6 CASCADE ;
DROP TABLE IF EXISTS DSET_EN_VALUE7 CASCADE ;
DROP TABLE IF EXISTS DSET_II CASCADE ;
DROP TABLE IF EXISTS DSET_II_II_VALUE6 CASCADE ;
DROP TABLE IF EXISTS DSET_II_VALUE1 CASCADE ;
DROP TABLE IF EXISTS DSET_II_VALUE2 CASCADE ;
DROP TABLE IF EXISTS DSET_II_VALUE3 CASCADE ;
DROP TABLE IF EXISTS DSET_II_VALUE4 CASCADE ;
DROP TABLE IF EXISTS DSET_II_VALUE5 CASCADE ;
DROP TABLE IF EXISTS DSET_II_VALUE6 CASCADE ;
DROP TABLE IF EXISTS DSET_TEL CASCADE ;
DROP TABLE IF EXISTS DSET_TEL_EMAIL CASCADE ;
DROP TABLE IF EXISTS DSET_TEL_EMAIL_VALUE1 CASCADE ;
DROP TABLE IF EXISTS DSET_TEL_EMAIL_VALUE2 CASCADE ;
DROP TABLE IF EXISTS DSET_TEL_PERSON CASCADE ;
DROP TABLE IF EXISTS DSET_TEL_PERSON_VALUE1 CASCADE ;
DROP TABLE IF EXISTS DSET_TEL_PHONE CASCADE ;
DROP TABLE IF EXISTS DSET_TEL_PHONE_VALUE1 CASCADE ;
DROP TABLE IF EXISTS DSET_TEL_TEL_VALUE_3 CASCADE ;
DROP TABLE IF EXISTS DSET_TEL_URL CASCADE ;
DROP TABLE IF EXISTS DSET_TEL_URL_VALUE1 CASCADE ;
DROP TABLE IF EXISTS DSET_TEL_VALUE1 CASCADE ;
DROP TABLE IF EXISTS DSET_TEL_VALUE2 CASCADE ;
DROP TABLE IF EXISTS DSET_TEL_VALUE3 CASCADE ;
DROP TABLE IF EXISTS ED_DATATYPE CASCADE ;
DROP TABLE IF EXISTS ED_TEXT_DATATYPE CASCADE ;
DROP TABLE IF EXISTS EN_DATATYPE CASCADE ;
DROP TABLE IF EXISTS EN_ON_DATATYPE CASCADE ;
DROP TABLE IF EXISTS EN_PN_DATATYPE CASCADE ;
DROP TABLE IF EXISTS II_DATATYPE CASCADE ;
DROP TABLE IF EXISTS INT_DATATYPE CASCADE ;
DROP TABLE IF EXISTS IVL_INT CASCADE ;
DROP TABLE IF EXISTS IVL_PQ CASCADE ;
DROP TABLE IF EXISTS IVL_PQV CASCADE ;
DROP TABLE IF EXISTS IVL_REAL CASCADE ;
DROP TABLE IF EXISTS IVL_TS CASCADE ;
DROP TABLE IF EXISTS PQ_DATATYPE CASCADE ;
DROP TABLE IF EXISTS PQV_DATATYPE CASCADE ;
DROP TABLE IF EXISTS REAL_DATATYPE CASCADE ;
DROP TABLE IF EXISTS SC_DATATYPE CASCADE ;
DROP TABLE IF EXISTS ST_DATATYPE CASCADE ;
DROP TABLE IF EXISTS ST_NT_DATATYPE CASCADE ;
DROP TABLE IF EXISTS TEL_DATATYPE CASCADE ;
DROP TABLE IF EXISTS TEL_EMAIL_DATATYPE CASCADE ;
DROP TABLE IF EXISTS TEL_PERSON_DATATYPE CASCADE ;
DROP TABLE IF EXISTS TEL_PHONE_DATATYPE CASCADE ;
DROP TABLE IF EXISTS TEL_URL_DATATYPE CASCADE ;
DROP TABLE IF EXISTS TS_DATATYPE CASCADE ;
commit;

CREATE TABLE AD_AD_DATATYPE_VALUE9 (
	AD_DATATYPE_ID BIGINT NOT NULL,
	AD_DATATYPE_VALUE9_ID BIGINT NOT NULL
);

CREATE TABLE AD_DATATYPE (
	ID BIGINT AUTO_INCREMENT  NOT NULL,
	VALUE1_AL_VALUE VARCHAR(50),
	VALUE2_DAL_VALUE VARCHAR(50),
	VALUE2_DAL_CODE VARCHAR(50),
	VALUE3_AL_VALUE VARCHAR(50),
	VALUE3_AL_CODE VARCHAR(50),
	VALUE3_AL_CODESYSTEM VARCHAR(50),
	VALUE4_AL1_VALUE VARCHAR(50),
	VALUE4_AL2_VALUE VARCHAR(50),
	VALUE4_AL1_CODE VARCHAR(50),
	VALUE4_AL2_CODE VARCHAR(50),
	VALUE4_AL1_CODESYSTEM VARCHAR(50),
	VALUE4_AL2_CODESYSTEM VARCHAR(50),
	VALUE5_AL_VALUE VARCHAR(50),
	VALUE5_AL_CODE VARCHAR(50),
	VALUE5_AL_CODESYSTEM VARCHAR(50),
	VALUE5_DAL_CODE VARCHAR(50),
	VALUE5_DAL_VALUE VARCHAR(50),
	VALUE5_DAL_CODESYSTEM VARCHAR(50),
	VALUE5_CTY_VALUE VARCHAR(50),
	VALUE5_CTY_CODE VARCHAR(50),
	VALUE5_CTY_CODESYSTEM VARCHAR(50),
	VALUE6_ADL_VALUE VARCHAR(50),
	VALUE6_AL_VALUE VARCHAR(50),
	VALUE6_BNN_VALUE VARCHAR(50),
	VALUE6_BNR_VALUE VARCHAR(50),
	VALUE6_BNS_VALUE VARCHAR(50),
	VALUE6_CAR_VALUE VARCHAR(50),
	VALUE6_CEN_VALUE VARCHAR(50),
	VALUE6_CNT_VALUE VARCHAR(50),
	VALUE6_CPA_VALUE VARCHAR(50),
	VALUE6_CTY_VALUE VARCHAR(50),
	VALUE6_DAL_VALUE VARCHAR(50),
	VALUE6_DEL_VALUE VARCHAR(50),
	VALUE6_DINSTA_VALUE VARCHAR(50),
	VALUE6_DINSTQ_VALUE VARCHAR(50),
	VALUE6_DIR_VALUE VARCHAR(50),
	VALUE6_DMOD_VALUE VARCHAR(50),
	VALUE6_DMODID_VALUE VARCHAR(50),
	VALUE6_INT_VALUE VARCHAR(50),
	VALUE6_POB_VALUE VARCHAR(50),
	VALUE6_PRE_VALUE VARCHAR(50),
	VALUE6_SAL_VALUE VARCHAR(50),
	VALUE6_STA_VALUE VARCHAR(50),
	VALUE6_STB_VALUE VARCHAR(50),
	VALUE6_STR_VALUE VARCHAR(50),
	VALUE6_STTYP_VALUE VARCHAR(50),
	VALUE6_UNID_VALUE VARCHAR(50),
	VALUE6_UNIT_VALUE VARCHAR(50),
	VALUE6_ZIP_VALUE VARCHAR(50),
	VALUE6_ADL_CODE VARCHAR(50),
	VALUE6_BNS_CODE VARCHAR(50),
	VALUE6_BNS_CODESYSTEM VARCHAR(50),
	VALUE6_DAL_CODE VARCHAR(50),
	VALUE6_DAL_CODESYSTEM VARCHAR(50),
	VALUE6_INT_CODE VARCHAR(50),
	VALUE6_INT_CODESYSTEM VARCHAR(50),
	VALUE6_STB_CODE VARCHAR(50),
	VALUE6_STB_CODESYSTEM VARCHAR(50),
	VALUE6_ZIP_CODESYSTEM VARCHAR(50),
	VALUE6_ZIP_CODE VARCHAR(50),
	AD_DATATYPE_VALUE8_ID BIGINT,
	PRIMARY KEY(ID)
);

CREATE TABLE AD_DATATYPE_VALUE7 (
	AD_DATATYPE_ID BIGINT,
	AL_VALUE VARCHAR(50),
	AL_CODE VARCHAR(50),
	AL_CODESYSTEM VARCHAR(50),
	DAL_CODE VARCHAR(50),
	DAL_VALUE VARCHAR(50),
	DAL_CODESYSTEM VARCHAR(50),
	CTY_VALUE VARCHAR(50),
	CTY_CODE VARCHAR(50),
	CTY_CODESYSTEM VARCHAR(50),
	PRIMARY KEY(AD_DATATYPE_ID)
);

CREATE TABLE AD_DATATYPE_VALUE8 (
	ID BIGINT AUTO_INCREMENT  NOT NULL,
	AL_VALUE VARCHAR(50),
	AL_CODE VARCHAR(50),
	AL_CODESYSTEM VARCHAR(50),
	DAL_CODE VARCHAR(50),
	DAL_VALUE VARCHAR(50),
	DAL_CODESYSTEM VARCHAR(50),
	CTY_VALUE VARCHAR(50),
	CTY_CODE VARCHAR(50),
	CTY_CODESYSTEM VARCHAR(50),
	PRIMARY KEY(ID)
);

CREATE TABLE AD_DATATYPE_VALUE9 (
	ID BIGINT AUTO_INCREMENT  NOT NULL,
	AL_VALUE VARCHAR(50),
	AL_CODE VARCHAR(50),
	AL_CODESYSTEM VARCHAR(50),
	DAL_CODE VARCHAR(50),
	DAL_VALUE VARCHAR(50),
	DAL_CODESYSTEM VARCHAR(50),
	CTY_VALUE VARCHAR(50),
	CTY_CODE VARCHAR(50),
	CTY_CODESYSTEM VARCHAR(50),
	PRIMARY KEY(ID)
);

CREATE TABLE BL_DATATYPE (
	ID BIGINT AUTO_INCREMENT  NOT NULL,
	VALUE1_VALUE BOOL DEFAULT 0,
	VALUE2_NULL_FLAVOR VARCHAR(50),
	VALUE2_VALUE BOOL DEFAULT 0,
	PRIMARY KEY(ID)
);

CREATE TABLE BL_NONNULL_DATATYPE (
	ID BIGINT AUTO_INCREMENT  NOT NULL,
	VALUE1_VALUE BOOL DEFAULT 0,
	PRIMARY KEY(ID)
);

CREATE TABLE CD_DATATYPE (
	ID BIGINT AUTO_INCREMENT  NOT NULL,
	VALUE1_CODE VARCHAR(50),
	VALUE2_NULL_FLAVOR VARCHAR(50),
	VALUE2_CODE VARCHAR(50),
	VALUE3_CODE VARCHAR(50),
	VALUE4_NULL_FLAVOR VARCHAR(50),
	VALUE4_CODE VARCHAR(50),
	VALUE4_CODE_SYSTEM VARCHAR(50),
	VALUE4_CODE_SYSTEM_VERSION VARCHAR(50),
	VALUE4_CODE_SYSTEM_NAME VARCHAR(50),
	VALUE4_DISPLAY_NULL_FLAVOR VARCHAR(50),
	VALUE4_DISPLAY_VALUE VARCHAR(50),
	VALUE4_ORIG_TXT_NULL_FLAVOR VARCHAR(50),
	VALUE4_ORIG_TXT_DATA BLOB,
	VALUE4_ORIG_TXT_DESCRIPTION VARCHAR(50),
	VALUE4_ORIG_TXT_VALUE VARCHAR(50),
	VALUE5_NULL_FLAVOR VARCHAR(50),
	VALUE5_CODE VARCHAR(50),
	VALUE5_CODE_SYSTEM VARCHAR(50),
	VALUE5_CODE_SYSTEM_NAME VARCHAR(50),
	VALUE5_CODE_SYSTEM_VERSION VARCHAR(50),
	VALUE5_DISPLAY_NULL_FLAVOR VARCHAR(50),
	VALUE5_DISPLAY_VALUE VARCHAR(50),
	VALUE5_ORIG_TXT_NULL_FLAVOR VARCHAR(50),
	VALUE5_ORIG_TXT_COMPRESSION VARCHAR(50),
	VALUE5_ORIG_TXT_DATA BLOB,
	VALUE5_ORIG_TXT_DESCRIPTION VARCHAR(50),
	VALUE5_ORIG_TXT_VALUE VARCHAR(50),
	CD_DATATYPE_VALUE7_ID BIGINT,
	PRIMARY KEY(ID)
);

CREATE TABLE CD_DATATYPE_VALUE6 (
	CD_DATATYPE_ID BIGINT AUTO_INCREMENT  NOT NULL,
	NULL_FLAVOR VARCHAR(50),
	CODE VARCHAR(50),
	CODE_SYSTEM VARCHAR(50),
	CODE_SYSTEM_NAME VARCHAR(50),
	CODE_SYSTEM_VERSION VARCHAR(50),
	DISPLAY_NULL_FLAVOR VARCHAR(50),
	DISPLAY_VALUE VARCHAR(50),
	ORIG_TXT_NULL_FLAVOR VARCHAR(50),
	ORIG_TXT_COMPRESSION VARCHAR(50),
	ORIG_TXT_DATA BLOB,
	ORIG_TXT_DESCRIPTION VARCHAR(50),
	ORIG_TXT_VALUE VARCHAR(50),
	PRIMARY KEY(CD_DATATYPE_ID)
);

CREATE TABLE CD_DATATYPE_VALUE7 (
	ID BIGINT AUTO_INCREMENT  NOT NULL,
	NULL_FLAVOR VARCHAR(50),
	CODE VARCHAR(50),
	CODE_SYSTEM VARCHAR(50),
	CODE_SYSTEM_NAME VARCHAR(50),
	CODE_SYSTEM_VERSION VARCHAR(50),
	DISPLAY_NULL_FLAVOR VARCHAR(50),
	DISPLAY_VALUE VARCHAR(50),
	ORIG_TXT_NULL_FLAVOR VARCHAR(50),
	ORIG_TXT_COMPRESSION VARCHAR(50),
	ORIG_TXT_DATA BLOB,
	ORIG_TXT_DESCRIPTION VARCHAR(50),
	ORIG_TXT_VALUE VARCHAR(50),
	PRIMARY KEY(ID)
);

CREATE TABLE CD_DATATYPE_VALUE8 (
	ID BIGINT AUTO_INCREMENT  NOT NULL,
	NULL_FLAVOR VARCHAR(50),
	CODE VARCHAR(50),
	CODE_SYSTEM VARCHAR(50),
	CODE_SYSTEM_NAME VARCHAR(50),
	CODE_SYSTEM_VERSION VARCHAR(50),
	DISPLAY_NULL_FLAVOR VARCHAR(50),
	DISPLAY_VALUE VARCHAR(50),
	ORIG_TXT_NULL_FLAVOR VARCHAR(50),
	ORIG_TXT_COMPRESSION VARCHAR(50),
	ORIG_TXT_DATA BLOB,
	ORIG_TXT_DESCRIPTION VARCHAR(50),
	ORIG_TXT_VALUE VARCHAR(50),
	PRIMARY KEY(ID)
);

CREATE TABLE CD_CD_DATATYPE_VALUE8 (
	CD_DATA_TYPE_ID BIGINT NOT NULL,
	CD_DATATYPE_VALUE8_ID BIGINT NOT NULL
);


CREATE TABLE DSET_AD_DATATYPE (
	ID BIGINT AUTO_INCREMENT  NOT NULL,
	PRIMARY KEY(ID)
);

CREATE TABLE DSET_AD_DSET_AD_VALUE8 (
	DSET_AD_DATATYPE_ID BIGINT NOT NULL,
	DSET_AD_VALUE8_ID BIGINT NOT NULL
);

CREATE TABLE DSET_AD_VALUE1 (
	DSET_AD_DATATYPE_ID BIGINT AUTO_INCREMENT  NOT NULL,
	ADXP_AL_VALUE VARCHAR(50),
	PRIMARY KEY(DSET_AD_DATATYPE_ID)
);

CREATE TABLE DSET_AD_VALUE2 (
	DSET_AD_DATATYPE_ID BIGINT AUTO_INCREMENT  NOT NULL,
	ADXP_DAL_VALUE VARCHAR(50),
	ADXP_DAL_CODE VARCHAR(50),
	PRIMARY KEY(DSET_AD_DATATYPE_ID)
);

CREATE TABLE DSET_AD_VALUE3 (
	DSET_AD_DATATYPE_ID BIGINT AUTO_INCREMENT  NOT NULL,
	ADXP_AL_VALUE VARCHAR(50),
	ADXP_AL_CODE VARCHAR(50),
	ADXP_AL_CODESYSTEM VARCHAR(50),
	PRIMARY KEY(DSET_AD_DATATYPE_ID)
);

CREATE TABLE DSET_AD_VALUE4 (
	DSET_AD_DATATYPE_ID BIGINT AUTO_INCREMENT  NOT NULL,
	ADXP_AL1_VALUE VARCHAR(50),
	ADXP_AL2_VALUE VARCHAR(50),
	ADXP_AL1_CODE VARCHAR(50),
	ADXP_AL2_CODE VARCHAR(50),
	ADXP_AL2_CODESYSTEM VARCHAR(50),
	ADXP_AL1_CODESYSTEM VARCHAR(50),
	PRIMARY KEY(DSET_AD_DATATYPE_ID)
);

CREATE TABLE DSET_AD_VALUE5 (
	DSET_AD_DATATYPE_ID BIGINT AUTO_INCREMENT  NOT NULL,
	ADXP_AL_VALUE VARCHAR(50),
	ADXP_AL_CODE VARCHAR(50),
	ADXP_AL_CODESYSTEM VARCHAR(50),
	ADXP_DAL_CODE VARCHAR(50),
	ADXP_DAL_CODESYSTEM VARCHAR(50),
	ADXP_DAL_VALUE VARCHAR(50),
	ADXP_CTY_VALUE VARCHAR(50),
	ADXP_CTY_CODE VARCHAR(50),
	ADXP_CTY_CODESYSTEM VARCHAR(50),
	PRIMARY KEY(DSET_AD_DATATYPE_ID)
);

CREATE TABLE DSET_AD_VALUE6 (
	DSET_AD_DATATYPE_ID BIGINT AUTO_INCREMENT  NOT NULL,
	ADXP_ADL_VALUE VARCHAR(50),
	ADXP_AL_VALUE VARCHAR(50),
	ADXP_BNN_VALUE VARCHAR(50),
	ADXP_BNR_VALUE VARCHAR(50),
	ADXP_BNS_VALUE VARCHAR(50),
	ADXP_CAR_VALUE VARCHAR(50),
	ADXP_CEN_VALUE VARCHAR(50),
	ADXP_CNT_VALUE VARCHAR(50),
	ADXP_CPA_VALUE VARCHAR(50),
	ADXP_CTY_VALUE VARCHAR(50),
	ADXP_DAL_VALUE VARCHAR(50),
	ADXP_DEL_VALUE VARCHAR(50),
	ADXP_DINSTA_VALUE VARCHAR(50),
	ADXP_DINSTQ_VALUE VARCHAR(50),
	ADXP_DIR_VALUE VARCHAR(50),
	ADXP_DMOD_VALUE VARCHAR(50),
	ADXP_DMODID_VALUE VARCHAR(50),
	ADXP_INT_VALUE VARCHAR(50),
	ADXP_POB_VALUE VARCHAR(50),
	ADXP_PRE_VALUE VARCHAR(50),
	ADXP_SAL_VALUE VARCHAR(50),
	ADXP_STA_VALUE VARCHAR(50),
	ADXP_STB_VALUE VARCHAR(50),
	ADXP_STR_VALUE VARCHAR(50),
	ADXP_STTYP_VALUE VARCHAR(50),
	ADXP_UNID_VALUE VARCHAR(50),
	ADXP_UNIT_VALUE VARCHAR(50),
	ADXP_ZIP_VALUE VARCHAR(50),
	ADXP_ADL_CODE VARCHAR(50),
	ADXP_BNS_CODE VARCHAR(50),
	ADXP_BNS_CODESYSTEM VARCHAR(50),
	ADXP_DAL_CODE VARCHAR(50),
	ADXP_DAL_CODESYSTEM VARCHAR(50),
	ADXP_INT_CODE VARCHAR(50),
	ADXP_INT_CODESYSTEM VARCHAR(50),
	ADXP_STB_CODE VARCHAR(50),
	ADXP_STB_CODESYSTEM VARCHAR(50),
	ADXP_ZIP_CODESYSTEM VARCHAR(50),
	ADXP_ZIP_CODE VARCHAR(50),
	PRIMARY KEY(DSET_AD_DATATYPE_ID)
);

CREATE TABLE DSET_AD_VALUE7 (
	ID BIGINT AUTO_INCREMENT  NOT NULL,
	DSET_AD_DATATYPE_ID BIGINT,
	ADXP_AL_VALUE VARCHAR(50),
	ADXP_AL_CODE VARCHAR(50),
	ADXP_AL_CODESYSTEM VARCHAR(50),
	ADXP_DAL_CODE VARCHAR(50),
	ADXP_DAL_CODESYSTEM VARCHAR(50),
	ADXP_DAL_VALUE VARCHAR(50),
	ADXP_CTY_VALUE VARCHAR(50),
	ADXP_CTY_CODE VARCHAR(50),
	ADXP_CTY_CODESYSTEM VARCHAR(50),
	PRIMARY KEY(ID)
);

CREATE TABLE DSET_AD_VALUE8 (
	ID BIGINT AUTO_INCREMENT  NOT NULL,
	ADXP_AL_VALUE VARCHAR(50),
	ADXP_AL_CODE VARCHAR(50),
	ADXP_AL_CODESYSTEM VARCHAR(50),
	ADXP_DAL_CODE VARCHAR(50),
	ADXP_DAL_CODESYSTEM VARCHAR(50),
	ADXP_DAL_VALUE VARCHAR(50),
	ADXP_CTY_VALUE VARCHAR(50),
	ADXP_CTY_CODE VARCHAR(50),
	ADXP_CTY_CODESYSTEM VARCHAR(50),
	PRIMARY KEY(ID)
);

CREATE TABLE DSET_CD (
	ID BIGINT AUTO_INCREMENT  NOT NULL,
	PRIMARY KEY(ID)
);

CREATE TABLE DSET_CD_CD_VALUE7 (
	DSET_CD_ID BIGINT NOT NULL,
	DSET_CD_VALUE7_ID BIGINT NOT NULL
);

CREATE TABLE DSET_CD_VALUE1 (
	DSET_CD_ID BIGINT AUTO_INCREMENT  NOT NULL,
	CODE VARCHAR(50),
	PRIMARY KEY(DSET_CD_ID)
);

CREATE TABLE DSET_CD_VALUE2 (
	DSET_CD_ID BIGINT AUTO_INCREMENT  NOT NULL,
	CODE VARCHAR(50),
	NULL_FLAVOR VARCHAR(50),
	PRIMARY KEY(DSET_CD_ID)
);

CREATE TABLE DSET_CD_VALUE3 (
	DSET_CD_ID BIGINT AUTO_INCREMENT  NOT NULL,
	CODE VARCHAR(50),
	CODE_SYSTEM VARCHAR(50),
	CODE_SYSTEM_NAME VARCHAR(50),
	PRIMARY KEY(DSET_CD_ID)
);

CREATE TABLE DSET_CD_VALUE4 (
	DSET_CD_ID BIGINT AUTO_INCREMENT  NOT NULL,
	CODE VARCHAR(50),
	CODE_SYSTEM VARCHAR(50),
	CODE_SYSTEM_NAME VARCHAR(50),
	CODE_SYSTEM_VERSION VARCHAR(50),
	DISPLAYABLE_VALUE BOOL DEFAULT 0,
	ORIGINALTEXT_DATA BLOB,
	ORIGINALTEXT_VALUE VARCHAR(50),
	ORIGINALTEXT_DESC VARCHAR(50),
	PRIMARY KEY(DSET_CD_ID)
);

CREATE TABLE DSET_CD_VALUE5 (
	DSET_CD_ID BIGINT AUTO_INCREMENT  NOT NULL,
	CODE VARCHAR(50),
	CODE_SYSTEM VARCHAR(50),
	CODE_SYSTEM_NAME VARCHAR(50),
	CODE_SYSTEM_VERSION VARCHAR(50),
	DISPLAYABLE_VALUE BOOL DEFAULT 0,
	ORIGINALTEXT_VALUE VARCHAR(50),
	ORIGINALTEXT_DATA BLOB,
	ORIGINALTEXT_DESC VARCHAR(50),
	ORIGINALTEXT_COMPRESSION VARCHAR(50),
	PRIMARY KEY(DSET_CD_ID)
);

CREATE TABLE DSET_CD_VALUE6 (
	ID BIGINT AUTO_INCREMENT  NOT NULL,
	DSET_CD_ID BIGINT,
	CODE VARCHAR(50),
	PRIMARY KEY(ID)
);

CREATE TABLE DSET_CD_VALUE7 (
	ID BIGINT AUTO_INCREMENT  NOT NULL,
	CODE VARCHAR(50),
	PRIMARY KEY(ID)
);

CREATE TABLE DSET_EN (
	ID BIGINT AUTO_INCREMENT  NOT NULL,
	PRIMARY KEY(ID)
);

CREATE TABLE DSET_EN_VALUE1 (
	DSET_EN_DATATYPE_ID BIGINT AUTO_INCREMENT  NOT NULL,
	ENXP_PN_VALUE VARCHAR(50),
	PRIMARY KEY(DSET_EN_DATATYPE_ID)
);

CREATE TABLE DSET_EN_VALUE2 (
	DSET_EN_DATATYPE_ID BIGINT AUTO_INCREMENT  NOT NULL,
	ENXP_PN_VALUE VARCHAR(50),
	ENXP_PN_CODE VARCHAR(50),
	PRIMARY KEY(DSET_EN_DATATYPE_ID)
);

CREATE TABLE DSET_EN_VALUE3 (
	DSET_EN_DATATYPE_ID BIGINT AUTO_INCREMENT  NOT NULL,
	ENXP_PN_CODE VARCHAR(50),
	ENXP_PN_VALUE VARCHAR(50),
	ENXP_PN_CODESYSTEM VARCHAR(50),
	ENXP_PN_CODESYSTEMVERSION VARCHAR(50),
	PRIMARY KEY(DSET_EN_DATATYPE_ID)
);

CREATE TABLE DSET_EN_VALUE4 (
	DSET_EN_DATATYPE_ID BIGINT AUTO_INCREMENT  NOT NULL,
	ENXP_PN_VALUE VARCHAR(50),
	ENXP_PN_ENPQ VARCHAR(50),
	PRIMARY KEY(DSET_EN_DATATYPE_ID)
);

CREATE TABLE DSET_EN_VALUE5 (
	DSET_EN_DATATYPE_ID BIGINT AUTO_INCREMENT  NOT NULL,
	ENXP_PN_VALUE VARCHAR(50),
	ENXP_PN2_VALUE VARCHAR(50),
	ENXP_PN_CODE VARCHAR(50),
	ENXP_PN2_CODE VARCHAR(50),
	ENXP_PN_CODESYSTEM VARCHAR(50),
	ENXP_PN2_CODESYSTEM VARCHAR(50),
	ENXP_PN2_CODESYSTEMVERSION VARCHAR(50),
	ENXP_PN_CODESYSTEMVERSION VARCHAR(50),
	PRIMARY KEY(DSET_EN_DATATYPE_ID)
);

CREATE TABLE DSET_EN_VALUE6 (
	DSET_EN_DATATYPE_ID BIGINT AUTO_INCREMENT  NOT NULL,
	ENXP_PN_VALUE VARCHAR(50),
	ENXP_PN_CODE VARCHAR(50),
	ENXP_PN_CODESYSTEM VARCHAR(50),
	ENXP_PN_CODESYSTEMVERSION VARCHAR(50),
	ENXP_ON_VALUE VARCHAR(50),
	ENXP_ON_CODE VARCHAR(50),
	ENXP_ON_CODESYSTEM VARCHAR(50),
	ENXP_ON_CODESYSTEMVERSION VARCHAR(50),
	PRIMARY KEY(DSET_EN_DATATYPE_ID)
);

CREATE TABLE DSET_EN_VALUE7 (
	DSET_EN_DATATYPE_ID BIGINT AUTO_INCREMENT  NOT NULL,
	ENXP_PN_CODE VARCHAR(50),
	ENXP_ON_CODE VARCHAR(50),
	ENXP_PN_VALUE VARCHAR(50),
	ENXP_ON_VALUE VARCHAR(50),
	ENXP_ON_CODESYSTEM VARCHAR(50),
	ENXP_PN_CODESYSTEM VARCHAR(50),
	ENXP_ON_CODESYSTEMVERSION VARCHAR(50),
	ENXP_PN_CODESYSTEMVERSION VARCHAR(50),
	PRIMARY KEY(DSET_EN_DATATYPE_ID)
);

CREATE TABLE DSET_II (
	ID BIGINT AUTO_INCREMENT  NOT NULL,
	PRIMARY KEY(ID)
);

CREATE TABLE DSET_II_II_VALUE6 (
	DSET_II_ID BIGINT NOT NULL,
	DSET_II_VALUE6_ID BIGINT  NOT NULL
);

CREATE TABLE DSET_II_VALUE1 (
	DSET_II_ID BIGINT AUTO_INCREMENT  NOT NULL,
	EXTENSION VARCHAR(50),
	PRIMARY KEY(DSET_II_ID)
);

CREATE TABLE DSET_II_VALUE2 (
	DSET_II_ID BIGINT AUTO_INCREMENT  NOT NULL,
	EXTENSION VARCHAR(50),
	ROOT VARCHAR(50),
	NULL_FLAVOR VARCHAR(50),
	PRIMARY KEY(DSET_II_ID)
);

CREATE TABLE DSET_II_VALUE3 (
	DSET_II_ID BIGINT AUTO_INCREMENT  NOT NULL,
	EXTENSION VARCHAR(50),
	IDENTIFIER_NAME VARCHAR(50),
	DISPLAYABLE_VALUE BOOL DEFAULT 0,
	RELIABILITY VARCHAR(50),
	SCOPE VARCHAR(50),
	PRIMARY KEY(DSET_II_ID)
);

CREATE TABLE DSET_II_VALUE4 (
	DSET_II_ID BIGINT AUTO_INCREMENT  NOT NULL,
	ROOT VARCHAR(50),
	EXTENSION VARCHAR(50),
	IDENTIFIER_NAME VARCHAR(50),
	RELIABILITY VARCHAR(50),
	SCOPE VARCHAR(50),
	DISPLAYABLE_VALUE BOOL DEFAULT 0,
	NULL_FLAVOR VARCHAR(50),
	PRIMARY KEY(DSET_II_ID)
);

CREATE TABLE DSET_II_VALUE5 (
	ID BIGINT AUTO_INCREMENT  NOT NULL,
	DSET_II_ID BIGINT,
	EXTENSION VARCHAR(50),
	PRIMARY KEY(ID)
);

CREATE TABLE DSET_II_VALUE6 (
	ID BIGINT AUTO_INCREMENT  NOT NULL,
	EXTENSION VARCHAR(50),
	PRIMARY KEY(ID)
);

CREATE TABLE DSET_TEL (
	ID BIGINT AUTO_INCREMENT  NOT NULL,
	NULL_FLAVOR VARCHAR(50),
	PRIMARY KEY(ID)
);

CREATE TABLE DSET_TEL_EMAIL (
	ID BIGINT AUTO_INCREMENT  NOT NULL,
	NULL_FLAVOR VARCHAR(50),
	PRIMARY KEY(ID)
);

CREATE TABLE DSET_TEL_EMAIL_VALUE1 (
	DSET_TEL_EMAIL_ID BIGINT AUTO_INCREMENT  NOT NULL,
	TEL_EMAIL_VALUE VARCHAR(50),
	PRIMARY KEY(DSET_TEL_EMAIL_ID)
);

CREATE TABLE DSET_TEL_EMAIL_VALUE2 (
	DSET_TEL_EMAIL_ID BIGINT,
	TEL_EMAIL_VALUE VARCHAR(50),
	TEL_EMAIL_NULL_FLAVOR VARCHAR(50),
	PRIMARY KEY(DSET_TEL_EMAIL_ID)
);

CREATE TABLE DSET_TEL_PERSON (
	ID BIGINT AUTO_INCREMENT  NOT NULL,
	NULL_FLAVOR VARCHAR(50),
	PRIMARY KEY(ID)
);

CREATE TABLE DSET_TEL_PERSON_VALUE1 (
	DSET_TEL_PERSON_ID BIGINT AUTO_INCREMENT  NOT NULL,
	TEL_PERSON_VALUE VARCHAR(50),
	PRIMARY KEY(DSET_TEL_PERSON_ID)
);

CREATE TABLE DSET_TEL_PHONE (
	ID BIGINT AUTO_INCREMENT  NOT NULL,
	NULL_FLAVOR VARCHAR(50),
	PRIMARY KEY(ID)
);

CREATE TABLE DSET_TEL_PHONE_VALUE1 (
	DSET_TEL_PHONE_ID BIGINT AUTO_INCREMENT  NOT NULL,
	TEL_PHONE_VALUE VARCHAR(50),
	PRIMARY KEY(DSET_TEL_PHONE_ID)
);

CREATE TABLE DSET_TEL_TEL_VALUE_3 (
	DSET_TEL_ID BIGINT NOT NULL,
	DSET_TEL_VALUE3_ID BIGINT NOT NULL
);

CREATE TABLE DSET_TEL_URL (
	ID BIGINT AUTO_INCREMENT  NOT NULL,
	NULL_FLAVOR VARCHAR(50),
	PRIMARY KEY(ID)
);

CREATE TABLE DSET_TEL_URL_VALUE1 (
	DSET_TEL_URL_ID BIGINT AUTO_INCREMENT  NOT NULL,
	TEL_URL_VALUE VARCHAR(50),
	PRIMARY KEY(DSET_TEL_URL_ID)
);

CREATE TABLE DSET_TEL_VALUE1 (
	DSET_TEL_ID BIGINT AUTO_INCREMENT  NOT NULL,
	TEL_VALUE VARCHAR(50),
	PRIMARY KEY(DSET_TEL_ID)
);

CREATE TABLE DSET_TEL_VALUE2 (
	ID BIGINT AUTO_INCREMENT  NOT NULL,
	DSET_TEL_ID BIGINT,
	TEL_VALUE VARCHAR(50),
	PRIMARY KEY(ID)
);

CREATE TABLE DSET_TEL_VALUE3 (
	ID BIGINT AUTO_INCREMENT  NOT NULL,
	TEL_VALUE VARCHAR(50),
	PRIMARY KEY(ID)
);

CREATE TABLE ED_DATATYPE (
	ID BIGINT AUTO_INCREMENT  NOT NULL,
	VALUE1_DATA BLOB,
	VALUE2_NULL_FLAVOR VARCHAR(50),
	VALUE2_DATA BLOB,
	VALUE2_COMPRESSION VARCHAR(50),
	VALUE3_NULL_FLAVOR VARCHAR(50),
	VALUE3_DATA BLOB,
	VALUE3_COMPRESSION VARCHAR(50),
	VALUE3_DESCRIPTION VARCHAR(50),
	VALUE3_VALUE VARCHAR(50),
	PRIMARY KEY(ID)
);

CREATE TABLE ED_TEXT_DATATYPE (
	ID BIGINT AUTO_INCREMENT  NOT NULL,
	VALUE1_VALUE VARCHAR(50),
	VALUE2_NULL_FLAVOR VARCHAR(50),
	VALUE2_VALUE VARCHAR(50),
	VALUE2_COMPRESSION VARCHAR(50),
	VALUE3_NULL_FLAVOR VARCHAR(50),
	VALUE3_DATA BLOB,
	VALUE3_COMPRESSION VARCHAR(50),
	VALUE3_DESCRIPTION VARCHAR(50),
	VALUE3_VALUE VARCHAR(50),
	PRIMARY KEY(ID)
);

CREATE TABLE EN_DATATYPE (
	ID BIGINT AUTO_INCREMENT  NOT NULL,
	VALUE1_PN_VALUE VARCHAR(50),
	VALUE2_PN_VALUE VARCHAR(50),
	VALUE2_PN_CODE VARCHAR(50),
	VALUE3_PN_VALUE VARCHAR(50),
	VALUE3_PN_CODE VARCHAR(50),
	VALUE3_PN_CODE_SYSTEM VARCHAR(50),
	VALUE3_PN_CODE_SYSTEM_VERSION VARCHAR(50),
	VALUE4_PN_VALUE VARCHAR(50),
	VALUE4_PN_ENPQ VARCHAR(50),
	VALUE5_PN_VALUE VARCHAR(50),
	VALUE5_PN2_VALUE VARCHAR(50),
	VALUE5_PN_CODE VARCHAR(50),
	VALUE5_PN2_CODE VARCHAR(50),
	VALUE5_PN_CODE_SYSTEM VARCHAR(50),
	VALUE5_PN2_CODE_SYSTEM VARCHAR(50),
	VALUE5_PN_CODE_SYSTEM_VERSION VARCHAR(50),
	VALUE5_PN2_CODE_SYSTEM_VERSION VARCHAR(50),
	VALUE6_PN_VALUE VARCHAR(50),
	VALUE6_ON_VALUE VARCHAR(50),
	VALUE6_PN_CODE VARCHAR(50),
	VALUE6_ON_CODE VARCHAR(50),
	VALUE6_PN_CODE_SYSTEM VARCHAR(50),
	VALUE6_ON_CODE_SYSTEM VARCHAR(50),
	VALUE6_PN_CODE_SYSTEM_VERSION VARCHAR(50),
	VALUE6_ON_CODE_SYSTEM_VERSION VARCHAR(50),
	PRIMARY KEY(ID)
);

CREATE TABLE EN_ON_DATATYPE (
	ID BIGINT AUTO_INCREMENT  NOT NULL,
	VALUE1_ON_VALUE VARCHAR(50),
	PRIMARY KEY(ID)
);

CREATE TABLE EN_PN_DATATYPE (
	ID BIGINT AUTO_INCREMENT  NOT NULL,
	VALUE1_PN_VALUE VARCHAR(50),
	PRIMARY KEY(ID)
);

CREATE TABLE II_DATATYPE (
	ID BIGINT AUTO_INCREMENT  NOT NULL,
	VALUE1_EXTENSION VARCHAR(50),
	VALUE2_NULL_FLAVOR VARCHAR(50),
	VALUE2_ROOT VARCHAR(50),
	VALUE2_EXTENSION VARCHAR(50),
	VALUE3_NULL_FLAVOR VARCHAR(50),
	VALUE3_EXTENSION VARCHAR(50),
	VALUE3_IDENTIFIER_NAME VARCHAR(50),
	VALUE3_RELIABILITY VARCHAR(50),
	VALUE3_SCOPE VARCHAR(50),
	VALUE3_DISPLAYABLE BOOL DEFAULT 0,
	VALUE4_NULL_FLAVOR VARCHAR(50),
	VALUE4_ROOT VARCHAR(50),
	VALUE4_EXTENSION VARCHAR(50),
	VALUE4_IDENTIFIER_NAME VARCHAR(50),
	VALUE4_RELIABILITY VARCHAR(50),
	VALUE4_SCOPE VARCHAR(50),
	VALUE4_DISPLAYABLE BOOL DEFAULT 0,
	PRIMARY KEY(ID)
);

CREATE TABLE INT_DATATYPE (
	ID BIGINT AUTO_INCREMENT  NOT NULL,
	VALUE1_VALUE INTEGER,
	VALUE2_NULL_FLAVOR VARCHAR(50),
	VALUE2_VALUE INTEGER,
	PRIMARY KEY(ID)
);

CREATE TABLE IVL_INT (
	ID BIGINT AUTO_INCREMENT NOT NULL,
	VALUE1_LOW_VALUE INTEGER,
	VALUE1_HIGH_VALUE INTEGER,
	VALUE2_HIGH_VALUE INTEGER,
	VALUE2_LOWCLOSED BOOL DEFAULT 0,
	VALUE3_ANY_VALUE INTEGER,
	VALUE3_HIGH_VALUE INTEGER,
	VALUE3_HIGH_CLOSED BOOL DEFAULT 0,
	VALUE3_LOW_VALUE INTEGER,
	VALUE3_LOW_CLOSED BOOL DEFAULT 0,
	VALUE3_WIDTH_VALUE REAL,
	VALUE3_NULL_FLAVOR VARCHAR(50),
	PRIMARY KEY(ID)
);

CREATE TABLE IVL_PQ (
	ID BIGINT AUTO_INCREMENT  NOT NULL,
	VALUE1_LOW_VALUE DECIMAL,
	VALUE2_LOW_VALUE DECIMAL,
	VALUE2_LOW_PRECISION INTEGER,
	VALUE2_LOW_UNIT VARCHAR(50),
	VALUE3_LOW_VALUE DECIMAL,
	VALUE3_LOW_PRECISION INTEGER,
	VALUE3_LOW_UNIT VARCHAR(50),
	VALUE3_NULL_FLAVOR VARCHAR(50),
	VALUE4_HIGH_VALUE DECIMAL,
	VALUE4_HIGH_PRECISION INTEGER,
	VALUE4_HIGH_UNIT VARCHAR(50),
	VALUE4_HIGH_CLOSED BOOL DEFAULT 0,
	VALUE4_HIGH_NULL_FLAVOR VARCHAR(50),
	VALUE4_LOW_VALUE DECIMAL,
	VALUE4_LOW_PRECISION INTEGER,
	VALUE4_LOW_UNIT VARCHAR(50),
	VALUE4_LOW_NULL_FLAVOR VARCHAR(50),
	VALUE4_LOW_CLOSED BOOL DEFAULT 0,
	VALUE4_WIDTH_VALUE DECIMAL,
	VALUE4_WIDTH_PRECISION INTEGER,
	VALUE4_WIDTH_UNIT VARCHAR(50),
	VALUE4_WIDTH_NULL_FLAVOR VARCHAR(50),
	VALUE4_NULL_FLAVOR VARCHAR(50),
	PRIMARY KEY(ID)
);

CREATE TABLE IVL_PQV (
	ID BIGINT AUTO_INCREMENT  NOT NULL,
	VALUE1_LOW_VALUE DECIMAL,
	VALUE1_HIGH_VALUE DECIMAL,
	VALUE2_LOW_VALUE DECIMAL,
	VALUE2_LOW_PRECISION INTEGER,
	VALUE2_HIGH_CLOSED BOOL DEFAULT 0,
	VALUE3_LOW_VALUE DECIMAL,
	VALUE3_LOW_PRECISION INTEGER,
	VALUE3_HIGH_VALUE DECIMAL,
	VALUE3_HIGH_PRECISION INTEGER,
	VALUE3_HIGH_NULL_FLAVOR VARCHAR(50),
	VALUE4_HIGH_VALUE DECIMAL,
	VALUE4_HIGH_PRECISION INTEGER,
	VALUE4_HIGH_NULL_FLAVOR VARCHAR(50),
	VALUE4_LOW_VALUE DECIMAL,
	VALUE4_LOW_PRECISION INTEGER,
	VALUE4_LOW_NULL_FLAVOR VARCHAR(50),
	VALUE4_WIDTH_VALUE DECIMAL,
	VALUE4_WIDTH_PRECISION INTEGER,
	VALUE4_WIDTH_NULL_FLAVOR VARCHAR(50),
	PRIMARY KEY(ID)
);

CREATE TABLE IVL_REAL (
	ID BIGINT AUTO_INCREMENT  NOT NULL,
	VALUE1_LOW_VALUE REAL,
	VALUE1_HIGH_VALUE REAL,
	VALUE2_HIGH_VALUE REAL,
	VALUE2_LOW_CLOSED BOOL DEFAULT 0,
	VALUE3_ANY_VALUE REAL,
	VALUE3_HIGH_VALUE REAL,
	VALUE3_HIGH_CLOSED BOOL DEFAULT 0,
	VALUE3_LOW_VALUE REAL,
	VALUE3_LOW_CLOSED BOOL DEFAULT 0,
	VALUE3_WIDTH_VALUE REAL,
	VALUE3_WIDTH_NULL_FLAVOR VARCHAR(50),
	VALUE3_NULL_FLAVOR VARCHAR(50),
	PRIMARY KEY(ID)
);

CREATE TABLE IVL_TS (
	ID BIGINT AUTO_INCREMENT  NOT NULL,
	VALUE1_LOW_VALUE DATE,
	VALUE1_HIGH_VALUE DATE,
	VALUE2_HIGH_VALUE DATE,
	VALUE2_LOW_CLOSED BOOL DEFAULT 0,
	VALUE3_HIGH_VALUE DATE,
	VALUE3_LOW_VALUE DATE,
	VALUE3_WIDTH_NULL_FLAVOR VARCHAR(50),
	VALUE3_WIDTH_VALUE DECIMAL,
	VALUE3_NULL_FLAVOR VARCHAR(50),
	PRIMARY KEY(ID)
);

CREATE TABLE PQ_DATATYPE (
	ID BIGINT AUTO_INCREMENT  NOT NULL,
	VALUE1_VALUE DECIMAL,
	VALUE1_UNIT VARCHAR(50),
	VALUE2_VALUE DECIMAL,
	VALUE3_NULL_FLAVOR VARCHAR(50),
	VALUE3_UNIT VARCHAR(50),
	VALUE3_VALUE DECIMAL,
	VALUE3_PRECISION INTEGER,
	VALUE4_NULL_FLAVOR VARCHAR(50),
	VALUE4_UNIT VARCHAR(50),
	VALUE4_VALUE DECIMAL,
	VALUE4_PRECISION INTEGER,
	PRIMARY KEY(ID)
);

CREATE TABLE PQV_DATATYPE (
	ID BIGINT AUTO_INCREMENT  NOT NULL,
	VALUE1_VALUE DECIMAL,
	VALUE2_NULL_FLAVOR VARCHAR(50),
	VALUE2_VALUE DECIMAL,
	VALUE2_PRECISION INTEGER,
	VALUE3_VALUE DECIMAL,
	VALUE3_PRECISION INTEGER,
	VALUE4_NULL_FLAVOR VARCHAR(50),
	VALUE4_PRECISION INTEGER,
	VALUE4_VALUE DECIMAL,
	PRIMARY KEY(ID)
);

CREATE TABLE REAL_DATATYPE (
	ID BIGINT AUTO_INCREMENT  NOT NULL,
	VALUE1_VALUE REAL,
	VALUE2_NULL_FLAVOR VARCHAR(50),
	VALUE2_VALUE REAL,
	PRIMARY KEY(ID)
);

CREATE TABLE SC_DATATYPE (
	ID BIGINT AUTO_INCREMENT  NOT NULL,
	VALUE1_VALUE VARCHAR(50),
	VALUE2_NULL_FLAVOR VARCHAR(50),
	VALUE2_VALUE VARCHAR(50),
	VALUE2_CODE_NULL_FLAVOR VARCHAR(50),
	VALUE2_CODE_CODE VARCHAR(50),
	VALUE2_CODE_CODE_SYSTEM VARCHAR(50),
	VALUE2_CODE_CODE_SYSTEM_NAME VARCHAR(50),
	VALUE2_CODE_CODE_SYSTEM_VER VARCHAR(50),
	VALUE3_NULL_FLAVOR VARCHAR(50),
	VALUE3_VALUE VARCHAR(50),
	VALUE3_CODE_NULL_FLAVOR VARCHAR(50),
	VALUE3_CODE_CODE VARCHAR(50),
	VALUE3_CODE_CODE_SYSTEM VARCHAR(50),
	VALUE3_CODE_CODE_SYSTEM_NAME VARCHAR(50),
	VALUE3_CODE_CODE_SYSTEM_VER VARCHAR(50),
	VALUE3_CODE_DISPLAY_NFLAVOR VARCHAR(50),
	VALUE3_CODE_DISPLAY_VALUE VARCHAR(50),
	VALUE3_CODE_ORIG_TXT_NFLAVOR VARCHAR(50),
	VALUE3_CODE_ORIG_TXT_COMPRESS VARCHAR(50),
	VALUE3_CODE_ORIG_TXT_DATA BLOB,
	VALUE3_CODE_ORIG_TXT_DESC VARCHAR(50),
	VALUE3_CODE_ORIG_TXT_VALUE VARCHAR(50),
	PRIMARY KEY(ID)
);

CREATE TABLE ST_DATATYPE (
	ID BIGINT AUTO_INCREMENT  NOT NULL,
	VALUE1_VALUE VARCHAR(50),
	VALUE2_NULL_FLAVOR VARCHAR(50),
	VALUE2_VALUE VARCHAR(50),
	PRIMARY KEY(ID)
);

CREATE TABLE ST_NT_DATATYPE (
	ID BIGINT AUTO_INCREMENT  NOT NULL,
	VALUE1_VALUE VARCHAR(50),
	VALUE2_NULL_FLAVOR VARCHAR(50),
	VALUE2_VALUE VARCHAR(50),
	PRIMARY KEY(ID)
);

CREATE TABLE TEL_DATATYPE (
	ID BIGINT AUTO_INCREMENT  NOT NULL,
	VALUE1_VALUE VARCHAR(50),
	VALUE2_NULL_FLAVOR VARCHAR(50),
	VALUE2_VALUE VARCHAR(50),
	PRIMARY KEY(ID)
);

CREATE TABLE TEL_EMAIL_DATATYPE (
	ID BIGINT AUTO_INCREMENT  NOT NULL,
	VALUE1_VALUE VARCHAR(50),
	VALUE2_NULL_FLAVOR VARCHAR(50),
	VALUE2_VALUE VARCHAR(50),
	PRIMARY KEY(ID)
);

CREATE TABLE TEL_PERSON_DATATYPE (
	ID BIGINT AUTO_INCREMENT  NOT NULL,
	VALUE1_VALUE VARCHAR(50),
	VALUE2_NULL_FLAVOR VARCHAR(50),
	VALUE2_VALUE VARCHAR(50),
	PRIMARY KEY(ID)
);

CREATE TABLE TEL_PHONE_DATATYPE (
	ID BIGINT AUTO_INCREMENT  NOT NULL,
	VALUE1_VALUE VARCHAR(50),
	VALUE2_NULL_FLAVOR VARCHAR(50),
	VALUE2_VALUE VARCHAR(50),
	PRIMARY KEY(ID)
);

CREATE TABLE TEL_URL_DATATYPE (
	ID BIGINT AUTO_INCREMENT  NOT NULL,
	VALUE1_VALUE VARCHAR(50),
	VALUE2_NULL_FLAVOR VARCHAR(50),
	VALUE2_VALUE VARCHAR(50),
	PRIMARY KEY(ID)
);

CREATE TABLE TS_DATATYPE (
	ID BIGINT AUTO_INCREMENT  NOT NULL,
	VALUE1_VALUE DATE,
	VALUE2_NULL_FLAVOR VARCHAR(50),
	VALUE2_VALUE VARCHAR(50),
	PRIMARY KEY(ID)
);


ALTER TABLE AD_AD_DATATYPE_VALUE9 ADD CONSTRAINT PK_AD_AD_DATATYPE_VALUE9
	PRIMARY KEY (AD_DATATYPE_ID, AD_DATATYPE_VALUE9_ID);


ALTER TABLE CD_CD_DATATYPE_VALUE8 ADD CONSTRAINT PK_CD_CD_DATATYPE_VALUE8
	PRIMARY KEY (CD_DATA_TYPE_ID, CD_DATATYPE_VALUE8_ID);

ALTER TABLE DSET_AD_DSET_AD_VALUE8 ADD CONSTRAINT PK_DSER_AD_DSET_AD_VALUE8
	PRIMARY KEY (DSET_AD_DATATYPE_ID, DSET_AD_VALUE8_ID);


ALTER TABLE DSET_CD_CD_VALUE7 ADD CONSTRAINT PK_DSET_CD_CD_VALUE7
	PRIMARY KEY (DSET_CD_ID, DSET_CD_VALUE7_ID);

ALTER TABLE DSET_II_II_VALUE6 ADD CONSTRAINT PK_DSET_II_II_VALUE6
	PRIMARY KEY (DSET_II_ID, DSET_II_VALUE6_ID);

ALTER TABLE DSET_TEL_TEL_VALUE_3 ADD CONSTRAINT PK_DSET_TEL_TEL_VALUE_3
	PRIMARY KEY (DSET_TEL_ID, DSET_TEL_VALUE3_ID);


ALTER TABLE AD_AD_DATATYPE_VALUE9 ADD CONSTRAINT FK_AD_AD_DATATYP_AD_DATATYPE_V
	FOREIGN KEY (AD_DATATYPE_VALUE9_ID) REFERENCES AD_DATATYPE_VALUE9 (ID);

ALTER TABLE AD_AD_DATATYPE_VALUE9 ADD CONSTRAINT FK_AD_AD_DATATYPE__AD_DATATYPE
	FOREIGN KEY (AD_DATATYPE_ID) REFERENCES AD_DATATYPE (ID);

ALTER TABLE AD_DATATYPE ADD CONSTRAINT FK_AD_DATATYPE_VALUE8
	FOREIGN KEY (AD_DATATYPE_VALUE8_ID) REFERENCES AD_DATATYPE_VALUE8 (ID);

ALTER TABLE AD_DATATYPE_VALUE7 ADD CONSTRAINT FK_AD_DATATYPE_VAL_AD_DATATYPE
	FOREIGN KEY (AD_DATATYPE_ID) REFERENCES AD_DATATYPE (ID);

ALTER TABLE CD_CD_DATATYPE_VALUE8 ADD CONSTRAINT FK_CD_CD_DATATYP_CD_DATATYPE_V
	FOREIGN KEY (CD_DATATYPE_VALUE8_ID) REFERENCES CD_DATATYPE_VALUE8 (ID);

ALTER TABLE CD_CD_DATATYPE_VALUE8 ADD CONSTRAINT FK_CD_CD_DATATYPE__CD_DATATYPE
	FOREIGN KEY (CD_DATA_TYPE_ID) REFERENCES CD_DATATYPE (ID);

ALTER TABLE CD_DATATYPE ADD CONSTRAINT FK_CD_DATATYPE_VALUE7
	FOREIGN KEY (CD_DATATYPE_VALUE7_ID) REFERENCES CD_DATATYPE_VALUE7 (ID);

ALTER TABLE CD_DATATYPE_VALUE6 ADD CONSTRAINT FK_CD_DATATYPE_VAL_CD_DATATYPE
	FOREIGN KEY (CD_DATATYPE_ID) REFERENCES CD_DATATYPE (ID);

ALTER TABLE DSET_AD_DSET_AD_VALUE8 ADD CONSTRAINT FK_DSER_AD_DSET__DSET_AD_DATA
	FOREIGN KEY (DSET_AD_DATATYPE_ID) REFERENCES DSET_AD_DATATYPE (ID);

ALTER TABLE DSET_AD_DSET_AD_VALUE8 ADD CONSTRAINT FK_DSER_AD_DSET__DSET_AD_VALU
	FOREIGN KEY (DSET_AD_VALUE8_ID) REFERENCES DSET_AD_VALUE8 (ID);

ALTER TABLE DSET_AD_VALUE1 ADD CONSTRAINT FK_DSER_AD_DATATY_VAL_AD_DA
	FOREIGN KEY (DSET_AD_DATATYPE_ID) REFERENCES DSET_AD_DATATYPE (ID);

ALTER TABLE DSET_AD_VALUE2 ADD CONSTRAINT FK_DSER_AD_DATAT_VAL_AD_DATAT
	FOREIGN KEY (DSET_AD_DATATYPE_ID) REFERENCES DSET_AD_DATATYPE (ID);

ALTER TABLE DSET_AD_VALUE3 ADD CONSTRAINT FK_DSER_AD_DATAT_VAL_AD3
	FOREIGN KEY (DSET_AD_DATATYPE_ID) REFERENCES DSET_AD_DATATYPE (ID);

ALTER TABLE DSET_AD_VALUE4 ADD CONSTRAINT FK_DSER_AD_TYPE_VAL_AD4
	FOREIGN KEY (DSET_AD_DATATYPE_ID) REFERENCES DSET_AD_DATATYPE (ID);

ALTER TABLE DSET_AD_VALUE5 ADD CONSTRAINT FK_DSER_AD_DATAT_VAL_AD5
	FOREIGN KEY (DSET_AD_DATATYPE_ID) REFERENCES DSET_AD_DATATYPE (ID);

ALTER TABLE DSET_AD_VALUE6 ADD CONSTRAINT FK_DSER_AD_TYPE_VAL_AD6
	FOREIGN KEY (DSET_AD_DATATYPE_ID) REFERENCES DSET_AD_DATATYPE (ID);

ALTER TABLE DSET_AD_VALUE7 ADD CONSTRAINT FK_DSET_AD_VALUE_DSET_AD7
	FOREIGN KEY (DSET_AD_DATATYPE_ID) REFERENCES DSET_AD_DATATYPE (ID);

ALTER TABLE DSET_CD_CD_VALUE7 ADD CONSTRAINT FK_DSET_CD_CD_VA_DSET_CD5
	FOREIGN KEY (DSET_CD_VALUE7_ID) REFERENCES DSET_CD_VALUE7 (ID);

ALTER TABLE DSET_CD_CD_VALUE7 ADD CONSTRAINT FK_DSET_CD_CD_VALUE7_DSET_CD
	FOREIGN KEY (DSET_CD_ID) REFERENCES DSET_CD (ID);

ALTER TABLE DSET_CD_VALUE1 ADD CONSTRAINT FK_DSET_CD_VALUE1_DSET_CD
	FOREIGN KEY (DSET_CD_ID) REFERENCES DSET_CD (ID);

ALTER TABLE DSET_CD_VALUE2 ADD CONSTRAINT FK_DSET_CD_VALUE2_DSET_CD
	FOREIGN KEY (DSET_CD_ID) REFERENCES DSET_CD (ID);

ALTER TABLE DSET_CD_VALUE3 ADD CONSTRAINT FK_DSET_CD_VALUE3_DSET_CD
	FOREIGN KEY (DSET_CD_ID) REFERENCES DSET_CD (ID);

ALTER TABLE DSET_CD_VALUE4 ADD CONSTRAINT FK_DSET_CD_VALUE4_DSET_CD
	FOREIGN KEY (DSET_CD_ID) REFERENCES DSET_CD (ID);

ALTER TABLE DSET_CD_VALUE5 ADD CONSTRAINT FK_DSET_CD_VALUE5_DSET_CD
	FOREIGN KEY (DSET_CD_ID) REFERENCES DSET_CD (ID);

ALTER TABLE DSET_CD_VALUE6 ADD CONSTRAINT FK_DSET_CD_VALUE6_DSET_CD
	FOREIGN KEY (DSET_CD_ID) REFERENCES DSET_CD (ID);

ALTER TABLE DSET_EN_VALUE1 ADD CONSTRAINT FK_EN_TYPE_VAL_EN_TYPE
	FOREIGN KEY (DSET_EN_DATATYPE_ID) REFERENCES DSET_EN (ID);

ALTER TABLE DSET_EN_VALUE2 ADD CONSTRAINT FK_EN_TYPE_VAL2_EN_TYPE
	FOREIGN KEY (DSET_EN_DATATYPE_ID) REFERENCES DSET_EN (ID);

ALTER TABLE DSET_EN_VALUE3 ADD CONSTRAINT FK_EN_TYPE_VAL3_EN_TYPE
	FOREIGN KEY (DSET_EN_DATATYPE_ID) REFERENCES DSET_EN (ID);

ALTER TABLE DSET_EN_VALUE4 ADD CONSTRAINT FK_EN_DATATYPE_VAL4_EN_DATAT
	FOREIGN KEY (DSET_EN_DATATYPE_ID) REFERENCES DSET_EN (ID);

ALTER TABLE DSET_EN_VALUE6 ADD CONSTRAINT FK_EN_DATATYPE_VAL6_EN_DATAT
	FOREIGN KEY (DSET_EN_DATATYPE_ID) REFERENCES DSET_EN (ID);

ALTER TABLE DSET_EN_VALUE7 ADD CONSTRAINT FK_EN_DATATYPE_VAL7_EN_DATAT
	FOREIGN KEY (DSET_EN_DATATYPE_ID) REFERENCES DSET_EN (ID);

ALTER TABLE DSET_II_II_VALUE6 ADD CONSTRAINT FK_DSET_II_II_VA_DSET_II_VAL
	FOREIGN KEY (DSET_II_VALUE6_ID) REFERENCES DSET_II_VALUE6 (ID);

ALTER TABLE DSET_II_II_VALUE6 ADD CONSTRAINT FK_DSET_II_II_VALUE6_DSET_II
	FOREIGN KEY (DSET_II_ID) REFERENCES DSET_II (ID);

ALTER TABLE DSET_II_VALUE1 ADD CONSTRAINT FK_DSET_II_VALUE1_DsetII
	FOREIGN KEY (DSET_II_ID) REFERENCES DSET_II (ID);

ALTER TABLE DSET_II_VALUE2 ADD CONSTRAINT FK_DSET_II_VALUE2_DsetII
	FOREIGN KEY (DSET_II_ID) REFERENCES DSET_II (ID);

ALTER TABLE DSET_II_VALUE3 ADD CONSTRAINT FK_DSET_II_VALUE3_DsetII
	FOREIGN KEY (DSET_II_ID) REFERENCES DSET_II (ID);

ALTER TABLE DSET_II_VALUE4 ADD CONSTRAINT FK_DSET_II_VALUE4_DsetII
	FOREIGN KEY (DSET_II_ID) REFERENCES DSET_II (ID);

ALTER TABLE DSET_II_VALUE5 ADD CONSTRAINT FK_DSET_II_VALUE5_DSET_II
	FOREIGN KEY (DSET_II_ID) REFERENCES DSET_II (ID);

ALTER TABLE DSET_TEL_EMAIL_VALUE1 ADD CONSTRAINT FK_DSET_TEL_EMAI_DSET_TEL_EMA
	FOREIGN KEY (DSET_TEL_EMAIL_ID) REFERENCES DSET_TEL_EMAIL (ID);

ALTER TABLE DSET_TEL_EMAIL_VALUE2 ADD CONSTRAINT FK_TEL_EMAIL_VAL_DSET_TEL_EMA
	FOREIGN KEY (DSET_TEL_EMAIL_ID) REFERENCES DSET_TEL_EMAIL (ID);

ALTER TABLE DSET_TEL_PERSON_VALUE1 ADD CONSTRAINT FK_DSET_TEL_PERS_DSET_TEL_PER
	FOREIGN KEY (DSET_TEL_PERSON_ID) REFERENCES DSET_TEL_PERSON (ID);

ALTER TABLE DSET_TEL_PHONE_VALUE1 ADD CONSTRAINT FK_DSET_TEL_PHON_DSET_TEL_PHO
	FOREIGN KEY (DSET_TEL_PHONE_ID) REFERENCES DSET_TEL_PHONE (ID);

ALTER TABLE DSET_TEL_TEL_VALUE_3 ADD CONSTRAINT FK_DSET_TEL_TEL__DSET_TEL_VAL
	FOREIGN KEY (DSET_TEL_VALUE3_ID) REFERENCES DSET_TEL_VALUE3 (ID);

ALTER TABLE DSET_TEL_TEL_VALUE_3 ADD CONSTRAINT FK_DSET_TEL_TEL_VALU_DSET_TEL
	FOREIGN KEY (DSET_TEL_ID) REFERENCES DSET_TEL (ID);

ALTER TABLE DSET_TEL_URL_VALUE1 ADD CONSTRAINT FK_DSET_TEL_URL_V_DSET_TEL_URL
	FOREIGN KEY (DSET_TEL_URL_ID) REFERENCES DSET_TEL_URL (ID);

ALTER TABLE DSET_TEL_VALUE1 ADD CONSTRAINT FK_DSET_TEL_VALUE1_DSET_TEL
	FOREIGN KEY (DSET_TEL_ID) REFERENCES DSET_TEL (ID);

ALTER TABLE DSET_TEL_VALUE2 ADD CONSTRAINT FK_DSET_TEL_VALUE2_DSET_TEL
	FOREIGN KEY (DSET_TEL_ID) REFERENCES DSET_TEL (ID);


INSERT INTO AD_DATATYPE (VALUE1_AL_VALUE) values (null);
INSERT INTO AD_DATATYPE (VALUE1_AL_VALUE) values ('1 Jefferson Street');
INSERT INTO AD_DATATYPE (VALUE1_AL_VALUE) values ('2 E Jefferson Street');
INSERT INTO AD_DATATYPE (VALUE1_AL_VALUE) values ('3 Jefferson Street');
INSERT INTO AD_DATATYPE (VALUE1_AL_VALUE) values ('4 Sun Street');
INSERT INTO AD_DATATYPE (VALUE1_AL_VALUE) values ('5 Sun Street');


INSERT INTO AD_DATATYPE (VALUE2_DAL_VALUE,VALUE2_DAL_CODE) values (null,null);
INSERT INTO AD_DATATYPE (VALUE2_DAL_VALUE,VALUE2_DAL_CODE) values ('5th Floor',null);
INSERT INTO AD_DATATYPE (VALUE2_DAL_VALUE,VALUE2_DAL_CODE) values ('6th Floor',null);
INSERT INTO AD_DATATYPE (VALUE2_DAL_VALUE,VALUE2_DAL_CODE) values ('7th Floor',null);
INSERT INTO AD_DATATYPE (VALUE2_DAL_VALUE,VALUE2_DAL_CODE) values ('5th Floor','NCI5');
INSERT INTO AD_DATATYPE (VALUE2_DAL_VALUE,VALUE2_DAL_CODE) values ('6th Floor','NCI6');
INSERT INTO AD_DATATYPE (VALUE2_DAL_VALUE,VALUE2_DAL_CODE) values ('7th Floor','NCI7');
INSERT INTO AD_DATATYPE (VALUE2_DAL_VALUE,VALUE2_DAL_CODE) values (null,null);
INSERT INTO AD_DATATYPE (VALUE2_DAL_VALUE,VALUE2_DAL_CODE) values (null,null);
INSERT INTO AD_DATATYPE (VALUE2_DAL_VALUE,VALUE2_DAL_CODE) values (null,null);
INSERT INTO AD_DATATYPE (VALUE2_DAL_VALUE,VALUE2_DAL_CODE) values ('1st Floor',null);
INSERT INTO AD_DATATYPE (VALUE2_DAL_VALUE,VALUE2_DAL_CODE) values ('2nd Floor',null);
INSERT INTO AD_DATATYPE (VALUE2_DAL_VALUE,VALUE2_DAL_CODE) values ('3rd Floor',null);
INSERT INTO AD_DATATYPE (VALUE2_DAL_VALUE,VALUE2_DAL_CODE) values ('1st Floor','NCI5');
INSERT INTO AD_DATATYPE (VALUE2_DAL_VALUE,VALUE2_DAL_CODE) values ('2nd Floor','NCI5');
INSERT INTO AD_DATATYPE (VALUE2_DAL_VALUE,VALUE2_DAL_CODE) values ('3rd Floor','NCI5');
INSERT INTO AD_DATATYPE (VALUE2_DAL_VALUE,VALUE2_DAL_CODE) values ('4th Floor','NCI6');
INSERT INTO AD_DATATYPE (VALUE2_DAL_VALUE,VALUE2_DAL_CODE) values ('5th Floor','NCI6');
INSERT INTO AD_DATATYPE (VALUE2_DAL_VALUE,VALUE2_DAL_CODE) values ('6th Floor','NCI6');

INSERT INTO AD_DATATYPE (VALUE3_AL_VALUE ,VALUE3_AL_CODE ,VALUE3_AL_CODESYSTEM) values(null,null,null);
INSERT INTO AD_DATATYPE (VALUE3_AL_VALUE ,VALUE3_AL_CODE ,VALUE3_AL_CODESYSTEM) values(null,null,null);
INSERT INTO AD_DATATYPE (VALUE3_AL_VALUE ,VALUE3_AL_CODE ,VALUE3_AL_CODESYSTEM) values(null,null,null);

INSERT INTO AD_DATATYPE (VALUE3_AL_VALUE ,VALUE3_AL_CODE ,VALUE3_AL_CODESYSTEM) values('E Jefferson Street',null,null);
INSERT INTO AD_DATATYPE (VALUE3_AL_VALUE ,VALUE3_AL_CODE ,VALUE3_AL_CODESYSTEM) values('F Jefferson Street',null,null);
INSERT INTO AD_DATATYPE (VALUE3_AL_VALUE ,VALUE3_AL_CODE ,VALUE3_AL_CODESYSTEM) values('G Jefferson Street',null,null);
INSERT INTO AD_DATATYPE (VALUE3_AL_VALUE ,VALUE3_AL_CODE ,VALUE3_AL_CODESYSTEM) values('H Jefferson Street',null,null);


INSERT INTO AD_DATATYPE (VALUE3_AL_VALUE ,VALUE3_AL_CODE ,VALUE3_AL_CODESYSTEM) values('E Jefferson Street','NCI',null);
INSERT INTO AD_DATATYPE (VALUE3_AL_VALUE ,VALUE3_AL_CODE ,VALUE3_AL_CODESYSTEM) values('F Jefferson Street','NCI',null);
INSERT INTO AD_DATATYPE (VALUE3_AL_VALUE ,VALUE3_AL_CODE ,VALUE3_AL_CODESYSTEM) values('F Jefferson Street','NCI',null);
INSERT INTO AD_DATATYPE (VALUE3_AL_VALUE ,VALUE3_AL_CODE ,VALUE3_AL_CODESYSTEM) values('G Jefferson Street','NCI',null);
INSERT INTO AD_DATATYPE (VALUE3_AL_VALUE ,VALUE3_AL_CODE ,VALUE3_AL_CODESYSTEM) values('H Jefferson Street','NCI',null);

INSERT INTO AD_DATATYPE (VALUE3_AL_VALUE ,VALUE3_AL_CODE ,VALUE3_AL_CODESYSTEM) values('E Jefferson Street','NCI1','codeSystem1');
INSERT INTO AD_DATATYPE (VALUE3_AL_VALUE ,VALUE3_AL_CODE ,VALUE3_AL_CODESYSTEM) values('F Jefferson Street','NCI2','codeSystem2');
INSERT INTO AD_DATATYPE (VALUE3_AL_VALUE ,VALUE3_AL_CODE ,VALUE3_AL_CODESYSTEM) values('G Jefferson Street','NCI3','codeSystem3');
INSERT INTO AD_DATATYPE (VALUE3_AL_VALUE ,VALUE3_AL_CODE ,VALUE3_AL_CODESYSTEM) values('H Jefferson Street','NCI4','codeSystem4');
INSERT INTO AD_DATATYPE (VALUE3_AL_VALUE ,VALUE3_AL_CODE ,VALUE3_AL_CODESYSTEM) values('I Jefferson Street','NCI5','codeSystem5');

INSERT INTO AD_DATATYPE (VALUE4_AL1_VALUE, VALUE4_AL2_VALUE ,VALUE4_AL1_CODE ,VALUE4_AL2_CODE,VALUE4_AL1_CODESYSTEM,VALUE4_AL2_CODESYSTEM)
	   values(null,null,null,null,null,null);
INSERT INTO AD_DATATYPE (VALUE4_AL1_VALUE, VALUE4_AL2_VALUE ,VALUE4_AL1_CODE ,VALUE4_AL2_CODE,VALUE4_AL1_CODESYSTEM,VALUE4_AL2_CODESYSTEM)
	   values(null,null,null,null,null,null);
INSERT INTO AD_DATATYPE (VALUE4_AL1_VALUE, VALUE4_AL2_VALUE ,VALUE4_AL1_CODE ,VALUE4_AL2_CODE,VALUE4_AL1_CODESYSTEM,VALUE4_AL2_CODESYSTEM)
	   values(null,null,null,null,null,null);
INSERT INTO AD_DATATYPE (VALUE4_AL1_VALUE, VALUE4_AL2_VALUE ,VALUE4_AL1_CODE ,VALUE4_AL2_CODE,VALUE4_AL1_CODESYSTEM,VALUE4_AL2_CODESYSTEM)
	   values(null,null,null,null,null,null);


INSERT INTO AD_DATATYPE (VALUE4_AL1_VALUE, VALUE4_AL2_VALUE ,VALUE4_AL1_CODE ,VALUE4_AL2_CODE,VALUE4_AL1_CODESYSTEM,VALUE4_AL2_CODESYSTEM)
	   values('E Jefferson Street',null,'NCI1',null,'codeSystem1',null);
INSERT INTO AD_DATATYPE (VALUE4_AL1_VALUE, VALUE4_AL2_VALUE ,VALUE4_AL1_CODE ,VALUE4_AL2_CODE,VALUE4_AL1_CODESYSTEM,VALUE4_AL2_CODESYSTEM)
	   values('F Jefferson Street',null,'NCI2',null,'codeSystem2',null);
	   INSERT INTO AD_DATATYPE (VALUE4_AL1_VALUE, VALUE4_AL2_VALUE ,VALUE4_AL1_CODE ,VALUE4_AL2_CODE,VALUE4_AL1_CODESYSTEM,VALUE4_AL2_CODESYSTEM)
	   values('G Jefferson Street',null,'NCI3',null,'codeSystem3',null);
	   INSERT INTO AD_DATATYPE (VALUE4_AL1_VALUE, VALUE4_AL2_VALUE ,VALUE4_AL1_CODE ,VALUE4_AL2_CODE,VALUE4_AL1_CODESYSTEM,VALUE4_AL2_CODESYSTEM)
	   values('H Jefferson Street',null,'NCI4',null,'codeSystem4',null);


INSERT INTO AD_DATATYPE (VALUE4_AL1_VALUE, VALUE4_AL2_VALUE ,VALUE4_AL1_CODE ,VALUE4_AL2_CODE,VALUE4_AL1_CODESYSTEM,VALUE4_AL2_CODESYSTEM)
	   values('E Jefferson Street','E Jefferson Street','NCI1','NCI-DC1','codeSystem1','codeSystem2');
INSERT INTO AD_DATATYPE (VALUE4_AL1_VALUE, VALUE4_AL2_VALUE ,VALUE4_AL1_CODE ,VALUE4_AL2_CODE,VALUE4_AL1_CODESYSTEM,VALUE4_AL2_CODESYSTEM)
	   values('F Jefferson Street','F Jefferson Street','NCI2','NCI-DC2','codeSystem2','codeSystem2');
INSERT INTO AD_DATATYPE (VALUE4_AL1_VALUE, VALUE4_AL2_VALUE ,VALUE4_AL1_CODE ,VALUE4_AL2_CODE,VALUE4_AL1_CODESYSTEM,VALUE4_AL2_CODESYSTEM)
	   values('G Jefferson Street','G Jefferson Street','NCI3','NCI-DC3','codeSystem3','codeSystem2');
INSERT INTO AD_DATATYPE (VALUE4_AL1_VALUE, VALUE4_AL2_VALUE ,VALUE4_AL1_CODE ,VALUE4_AL2_CODE,VALUE4_AL1_CODESYSTEM,VALUE4_AL2_CODESYSTEM)
	   values('H Jefferson Street','H Jefferson Street','NCI4','NCI-DC4','codeSystem4','codeSystem2');
INSERT INTO AD_DATATYPE (VALUE4_AL1_VALUE, VALUE4_AL2_VALUE ,VALUE4_AL1_CODE ,VALUE4_AL2_CODE,VALUE4_AL1_CODESYSTEM,VALUE4_AL2_CODESYSTEM)
	   values('I Jefferson Street','I Jefferson Street','NCI5','NCI-DC5','codeSystem5','codeSystem2');

INSERT INTO AD_DATATYPE (VALUE5_AL_VALUE) values(null);
INSERT INTO AD_DATATYPE (VALUE5_AL_VALUE) values(null);
INSERT INTO AD_DATATYPE (VALUE5_AL_VALUE) values(null);
INSERT INTO AD_DATATYPE (VALUE5_AL_VALUE) values(null);

INSERT INTO AD_DATATYPE (VALUE5_AL_VALUE) values('AD1 value5');
INSERT INTO AD_DATATYPE (VALUE5_AL_VALUE) values('AD2 value5');
INSERT INTO AD_DATATYPE (VALUE5_AL_VALUE) values('AD3 value5');
INSERT INTO AD_DATATYPE (VALUE5_AL_VALUE) values('AD4 value5');
INSERT INTO AD_DATATYPE (VALUE5_AL_VALUE) values('AD5 value5');

INSERT INTO AD_DATATYPE (VALUE6_ADL_VALUE,VALUE6_AL_VALUE
		,VALUE6_BNN_VALUE,VALUE6_BNR_VALUE,VALUE6_BNS_VALUE
		,VALUE6_CAR_VALUE,VALUE6_CEN_VALUE  ,VALUE6_CNT_VALUE  ,VALUE6_CPA_VALUE,VALUE6_CTY_VALUE
		,VALUE6_DAL_VALUE ,VALUE6_DEL_VALUE
		,VALUE6_DINSTA_VALUE  ,VALUE6_DINSTQ_VALUE  ,VALUE6_DIR_VALUE ,VALUE6_DMOD_VALUE,VALUE6_DMODID_VALUE
		,VALUE6_INT_VALUE,VALUE6_POB_VALUE,VALUE6_PRE_VALUE,VALUE6_SAL_VALUE,VALUE6_STA_VALUE,VALUE6_STB_VALUE
		,VALUE6_STR_VALUE,VALUE6_STTYP_VALUE,VALUE6_UNID_VALUE,VALUE6_UNIT_VALUE,VALUE6_ZIP_VALUE,VALUE6_ADL_CODE
		,VALUE6_BNS_CODE,VALUE6_BNS_CODESYSTEM,VALUE6_DAL_CODE,VALUE6_DAL_CODESYSTEM,VALUE6_INT_CODE,VALUE6_INT_CODESYSTEM
		,VALUE6_STB_CODE,VALUE6_STB_CODESYSTEM,VALUE6_ZIP_CODESYSTEM,VALUE6_ZIP_CODE
	) values (null,null,null,null,null,null,null,null,null,null,null ,null,null  ,null  ,null ,null,null,null,null,null,null,null,null,null,null,null,null,null,null,null,null,null,null,null,null,null,null,null,null);
INSERT INTO AD_DATATYPE (VALUE6_ADL_VALUE,VALUE6_AL_VALUE
		,VALUE6_BNN_VALUE,VALUE6_BNR_VALUE,VALUE6_BNS_VALUE
		,VALUE6_CAR_VALUE,VALUE6_CEN_VALUE  ,VALUE6_CNT_VALUE  ,VALUE6_CPA_VALUE,VALUE6_CTY_VALUE
		,VALUE6_DAL_VALUE ,VALUE6_DEL_VALUE
		,VALUE6_DINSTA_VALUE  ,VALUE6_DINSTQ_VALUE  ,VALUE6_DIR_VALUE ,VALUE6_DMOD_VALUE,VALUE6_DMODID_VALUE
		,VALUE6_INT_VALUE,VALUE6_POB_VALUE,VALUE6_PRE_VALUE,VALUE6_SAL_VALUE,VALUE6_STA_VALUE,VALUE6_STB_VALUE
		,VALUE6_STR_VALUE,VALUE6_STTYP_VALUE,VALUE6_UNID_VALUE,VALUE6_UNIT_VALUE,VALUE6_ZIP_VALUE,VALUE6_ADL_CODE
		,VALUE6_BNS_CODE,VALUE6_BNS_CODESYSTEM,VALUE6_DAL_CODE,VALUE6_DAL_CODESYSTEM,VALUE6_INT_CODE,VALUE6_INT_CODESYSTEM
		,VALUE6_STB_CODE,VALUE6_STB_CODESYSTEM,VALUE6_ZIP_CODESYSTEM,VALUE6_ZIP_CODE
	) values (null,null,null,null,null,null,null,null,null,null,null ,null,null  ,null  ,null ,null,null,null,null,null,null,null,null,null,null,null,null,null,null,null,null,null,null,null,null,null,null,null,null);
	INSERT INTO AD_DATATYPE (VALUE6_ADL_VALUE,VALUE6_AL_VALUE
		,VALUE6_BNN_VALUE,VALUE6_BNR_VALUE,VALUE6_BNS_VALUE
		,VALUE6_CAR_VALUE,VALUE6_CEN_VALUE  ,VALUE6_CNT_VALUE  ,VALUE6_CPA_VALUE,VALUE6_CTY_VALUE
		,VALUE6_DAL_VALUE ,VALUE6_DEL_VALUE
		,VALUE6_DINSTA_VALUE  ,VALUE6_DINSTQ_VALUE  ,VALUE6_DIR_VALUE ,VALUE6_DMOD_VALUE,VALUE6_DMODID_VALUE
		,VALUE6_INT_VALUE,VALUE6_POB_VALUE,VALUE6_PRE_VALUE,VALUE6_SAL_VALUE,VALUE6_STA_VALUE,VALUE6_STB_VALUE
		,VALUE6_STR_VALUE,VALUE6_STTYP_VALUE,VALUE6_UNID_VALUE,VALUE6_UNIT_VALUE,VALUE6_ZIP_VALUE,VALUE6_ADL_CODE
		,VALUE6_BNS_CODE,VALUE6_BNS_CODESYSTEM,VALUE6_DAL_CODE,VALUE6_DAL_CODESYSTEM,VALUE6_INT_CODE,VALUE6_INT_CODESYSTEM
		,VALUE6_STB_CODE,VALUE6_STB_CODESYSTEM,VALUE6_ZIP_CODESYSTEM,VALUE6_ZIP_CODE
	) values (null,null,null,null,null,null,null,null,null,null,null ,null,null  ,null  ,null ,null,null,null,null,null,null,null,null,null,null,null,null,null,null,null,null,null,null,null,null,null,null,null,null);

INSERT INTO AD_DATATYPE (VALUE6_ADL_VALUE,VALUE6_AL_VALUE
		,VALUE6_BNN_VALUE,VALUE6_BNR_VALUE,VALUE6_BNS_VALUE
		,VALUE6_CAR_VALUE,VALUE6_CEN_VALUE  ,VALUE6_CNT_VALUE  ,VALUE6_CPA_VALUE,VALUE6_CTY_VALUE
		,VALUE6_DAL_VALUE ,VALUE6_DEL_VALUE
		,VALUE6_DINSTA_VALUE  ,VALUE6_DINSTQ_VALUE  ,VALUE6_DIR_VALUE ,VALUE6_DMOD_VALUE,VALUE6_DMODID_VALUE
		,VALUE6_INT_VALUE,VALUE6_POB_VALUE,VALUE6_PRE_VALUE,VALUE6_SAL_VALUE,VALUE6_STA_VALUE,VALUE6_STB_VALUE
		,VALUE6_STR_VALUE,VALUE6_STTYP_VALUE,VALUE6_UNID_VALUE,VALUE6_UNIT_VALUE,VALUE6_ZIP_VALUE,VALUE6_ADL_CODE
		,VALUE6_BNS_CODE,VALUE6_BNS_CODESYSTEM,VALUE6_DAL_CODE,VALUE6_DAL_CODESYSTEM,VALUE6_INT_CODE,VALUE6_INT_CODESYSTEM
		,VALUE6_STB_CODE,VALUE6_STB_CODESYSTEM,VALUE6_ZIP_CODESYSTEM,VALUE6_ZIP_CODE
	) values ('VALUE6_ADL_VALUE1','VALUE6_AL_VALUE1','VALUE6_BNN_VALUE1','VALUE6_BNR_VALUE1','VALUE6_BNS_VALUE1',
'VALUE6_CAR_VALUE1','VALUE6_CEN_VALUE1','VALUE6_CNT_VALUE1','VALUE6_CPA_VALUE1','VALUE6_CTY_VALUE1',
'VALUE6_DAL_VALUE1','VALUE6_DEL_VALUE1','VALUE6_DINSTA_VALUE1','VALUE6_DINSTQ_VALUE1','VALUE6_DIR_VALUE1',
'VALUE6_DMOD_VALUE1','VALUE6_DMODID_VALUE1',
'VALUE6_INT_VALUE1','VALUE6_POB_VALUE1','VALUE6_PRE_VALUE1','VALUE6_SAL_VALUE1','VALUE6_STA_VALUE1','VALUE6_STB_VALUE1',
'VALUE6_STR_VALUE1','VALUE6_STTYP_VALUE1','VALUE6_UNID_VALUE1','VALUE6_UNIT_VALUE1','VALUE6_ZIP_VALUE1','VALUE6_ADL_CODE1',
'VALUE6_BNS_CODE1','VALUE6_BNS_CODESYSTEM1','VALUE6_DAL_CODE1','VALUE6_DAL_CODESYSTEM1','VALUE6_INT_CODE1',
'VALUE6_INT_CODESYSTEM1','VALUE6_STB_CODE1','VALUE6_STB_CODESYSTEM1','VALUE6_ZIP_CODESYSTEM1','VALUE6_ZIP_CODE1');

INSERT INTO AD_DATATYPE (VALUE6_ADL_VALUE,VALUE6_AL_VALUE
		,VALUE6_BNN_VALUE,VALUE6_BNR_VALUE,VALUE6_BNS_VALUE
		,VALUE6_CAR_VALUE,VALUE6_CEN_VALUE  ,VALUE6_CNT_VALUE  ,VALUE6_CPA_VALUE,VALUE6_CTY_VALUE
		,VALUE6_DAL_VALUE ,VALUE6_DEL_VALUE
		,VALUE6_DINSTA_VALUE  ,VALUE6_DINSTQ_VALUE  ,VALUE6_DIR_VALUE ,VALUE6_DMOD_VALUE,VALUE6_DMODID_VALUE
		,VALUE6_INT_VALUE,VALUE6_POB_VALUE,VALUE6_PRE_VALUE,VALUE6_SAL_VALUE,VALUE6_STA_VALUE,VALUE6_STB_VALUE
		,VALUE6_STR_VALUE,VALUE6_STTYP_VALUE,VALUE6_UNID_VALUE,VALUE6_UNIT_VALUE,VALUE6_ZIP_VALUE,VALUE6_ADL_CODE
		,VALUE6_BNS_CODE,VALUE6_BNS_CODESYSTEM,VALUE6_DAL_CODE,VALUE6_DAL_CODESYSTEM,VALUE6_INT_CODE,VALUE6_INT_CODESYSTEM
		,VALUE6_STB_CODE,VALUE6_STB_CODESYSTEM,VALUE6_ZIP_CODESYSTEM,VALUE6_ZIP_CODE
	) values ('VALUE6_ADL_VALUE2','VALUE6_AL_VALUE2','VALUE6_BNN_VALUE2','VALUE6_BNR_VALUE2','VALUE6_BNS_VALUE2',
'VALUE6_CAR_VALUE2','VALUE6_CEN_VALUE2','VALUE6_CNT_VALUE2','VALUE6_CPA_VALUE2','VALUE6_CTY_VALUE2',
'VALUE6_DAL_VALUE2','VALUE6_DEL_VALUE2','VALUE6_DINSTA_VALUE2','VALUE6_DINSTQ_VALUE2','VALUE6_DIR_VALUE2',
'VALUE6_DMOD_VALUE2','VALUE6_DMODID_VALUE2',
'VALUE6_INT_VALUE2','VALUE6_POB_VALUE2','VALUE6_PRE_VALUE2','VALUE6_SAL_VALUE2','VALUE6_STA_VALUE2','VALUE6_STB_VALUE2',
'VALUE6_STR_VALUE2','VALUE6_STTYP_VALUE2','VALUE6_UNID_VALUE2','VALUE6_UNIT_VALUE2','VALUE6_ZIP_VALUE2','VALUE6_ADL_CODE2',
'VALUE6_BNS_CODE2','VALUE6_BNS_CODESYSTEM2','VALUE6_DAL_CODE2','VALUE6_DAL_CODESYSTEM2','VALUE6_INT_CODE2',
'VALUE6_INT_CODESYSTEM2','VALUE6_STB_CODE2','VALUE6_STB_CODESYSTEM2','VALUE6_ZIP_CODESYSTEM2','VALUE6_ZIP_CODE2');
INSERT INTO AD_DATATYPE (VALUE6_ADL_VALUE,VALUE6_AL_VALUE
		,VALUE6_BNN_VALUE,VALUE6_BNR_VALUE,VALUE6_BNS_VALUE
		,VALUE6_CAR_VALUE,VALUE6_CEN_VALUE  ,VALUE6_CNT_VALUE  ,VALUE6_CPA_VALUE,VALUE6_CTY_VALUE
		,VALUE6_DAL_VALUE ,VALUE6_DEL_VALUE
		,VALUE6_DINSTA_VALUE  ,VALUE6_DINSTQ_VALUE  ,VALUE6_DIR_VALUE ,VALUE6_DMOD_VALUE,VALUE6_DMODID_VALUE
		,VALUE6_INT_VALUE,VALUE6_POB_VALUE,VALUE6_PRE_VALUE,VALUE6_SAL_VALUE,VALUE6_STA_VALUE,VALUE6_STB_VALUE
		,VALUE6_STR_VALUE,VALUE6_STTYP_VALUE,VALUE6_UNID_VALUE,VALUE6_UNIT_VALUE,VALUE6_ZIP_VALUE,VALUE6_ADL_CODE
		,VALUE6_BNS_CODE,VALUE6_BNS_CODESYSTEM,VALUE6_DAL_CODE,VALUE6_DAL_CODESYSTEM,VALUE6_INT_CODE,VALUE6_INT_CODESYSTEM
		,VALUE6_STB_CODE,VALUE6_STB_CODESYSTEM,VALUE6_ZIP_CODESYSTEM,VALUE6_ZIP_CODE
	) values ('VALUE6_ADL_VALUE3','VALUE6_AL_VALUE3','VALUE6_BNN_VALUE3','VALUE6_BNR_VALUE3','VALUE6_BNS_VALUE3',
'VALUE6_CAR_VALUE3','VALUE6_CEN_VALUE3','VALUE6_CNT_VALUE3','VALUE6_CPA_VALUE3','VALUE6_CTY_VALUE3',
'VALUE6_DAL_VALUE3','VALUE6_DEL_VALUE3','VALUE6_DINSTA_VALUE3','VALUE6_DINSTQ_VALUE3','VALUE6_DIR_VALUE3',
'VALUE6_DMOD_VALUE3','VALUE6_DMODID_VALUE3',
'VALUE6_INT_VALUE3','VALUE6_POB_VALUE3','VALUE6_PRE_VALUE3','VALUE6_SAL_VALUE3','VALUE6_STA_VALUE3','VALUE6_STB_VALUE3',
'VALUE6_STR_VALUE3','VALUE6_STTYP_VALUE3','VALUE6_UNID_VALUE3','VALUE6_UNIT_VALUE3','VALUE6_ZIP_VALUE3','VALUE6_ADL_CODE3',
'VALUE6_BNS_CODE3','VALUE6_BNS_CODESYSTEM3','VALUE6_DAL_CODE3','VALUE6_DAL_CODESYSTEM3','VALUE6_INT_CODE3',
'VALUE6_INT_CODESYSTEM3','VALUE6_STB_CODE3','VALUE6_STB_CODESYSTEM3','VALUE6_ZIP_CODESYSTEM3','VALUE6_ZIP_CODE3');

INSERT INTO AD_DATATYPE (VALUE6_ADL_VALUE,VALUE6_AL_VALUE
		,VALUE6_BNN_VALUE,VALUE6_BNR_VALUE,VALUE6_BNS_VALUE
		,VALUE6_CAR_VALUE,VALUE6_CEN_VALUE  ,VALUE6_CNT_VALUE  ,VALUE6_CPA_VALUE,VALUE6_CTY_VALUE
		,VALUE6_DAL_VALUE ,VALUE6_DEL_VALUE
		,VALUE6_DINSTA_VALUE  ,VALUE6_DINSTQ_VALUE  ,VALUE6_DIR_VALUE ,VALUE6_DMOD_VALUE,VALUE6_DMODID_VALUE
		,VALUE6_INT_VALUE,VALUE6_POB_VALUE,VALUE6_PRE_VALUE,VALUE6_SAL_VALUE,VALUE6_STA_VALUE,VALUE6_STB_VALUE
		,VALUE6_STR_VALUE,VALUE6_STTYP_VALUE,VALUE6_UNID_VALUE,VALUE6_UNIT_VALUE,VALUE6_ZIP_VALUE,VALUE6_ADL_CODE
		,VALUE6_BNS_CODE,VALUE6_BNS_CODESYSTEM,VALUE6_DAL_CODE,VALUE6_DAL_CODESYSTEM,VALUE6_INT_CODE,VALUE6_INT_CODESYSTEM
		,VALUE6_STB_CODE,VALUE6_STB_CODESYSTEM,VALUE6_ZIP_CODESYSTEM,VALUE6_ZIP_CODE
	) values ('VALUE6_ADL_VALUE4','VALUE6_AL_VALUE4','VALUE6_BNN_VALUE4','VALUE6_BNR_VALUE4','VALUE6_BNS_VALUE4',
'VALUE6_CAR_VALUE4','VALUE6_CEN_VALUE4','VALUE6_CNT_VALUE4','VALUE6_CPA_VALUE4','VALUE6_CTY_VALUE4',
'VALUE6_DAL_VALUE4','VALUE6_DEL_VALUE4','VALUE6_DINSTA_VALUE4','VALUE6_DINSTQ_VALUE4','VALUE6_DIR_VALUE4',
'VALUE6_DMOD_VALUE4','VALUE6_DMODID_VALUE4',
'VALUE6_INT_VALUE4','VALUE6_POB_VALUE4','VALUE6_PRE_VALUE4','VALUE6_SAL_VALUE4','VALUE6_STA_VALUE4','VALUE6_STB_VALUE4',
'VALUE6_STR_VALUE4','VALUE6_STTYP_VALUE4','VALUE6_UNID_VALUE4','VALUE6_UNIT_VALUE4','VALUE6_ZIP_VALUE4','VALUE6_ADL_CODE4',
'VALUE6_BNS_CODE4','VALUE6_BNS_CODESYSTEM4','VALUE6_DAL_CODE4','VALUE6_DAL_CODESYSTEM4','VALUE6_INT_CODE4',
'VALUE6_INT_CODESYSTEM4','VALUE6_STB_CODE4','VALUE6_STB_CODESYSTEM4','VALUE6_ZIP_CODESYSTEM4','VALUE6_ZIP_CODE4');

INSERT INTO AD_DATATYPE (VALUE6_ADL_VALUE,VALUE6_AL_VALUE
		,VALUE6_BNN_VALUE,VALUE6_BNR_VALUE,VALUE6_BNS_VALUE
		,VALUE6_CAR_VALUE,VALUE6_CEN_VALUE  ,VALUE6_CNT_VALUE  ,VALUE6_CPA_VALUE,VALUE6_CTY_VALUE
		,VALUE6_DAL_VALUE ,VALUE6_DEL_VALUE
		,VALUE6_DINSTA_VALUE  ,VALUE6_DINSTQ_VALUE  ,VALUE6_DIR_VALUE ,VALUE6_DMOD_VALUE,VALUE6_DMODID_VALUE
		,VALUE6_INT_VALUE,VALUE6_POB_VALUE,VALUE6_PRE_VALUE,VALUE6_SAL_VALUE,VALUE6_STA_VALUE,VALUE6_STB_VALUE
		,VALUE6_STR_VALUE,VALUE6_STTYP_VALUE,VALUE6_UNID_VALUE,VALUE6_UNIT_VALUE,VALUE6_ZIP_VALUE,VALUE6_ADL_CODE
		,VALUE6_BNS_CODE,VALUE6_BNS_CODESYSTEM,VALUE6_DAL_CODE,VALUE6_DAL_CODESYSTEM,VALUE6_INT_CODE,VALUE6_INT_CODESYSTEM
		,VALUE6_STB_CODE,VALUE6_STB_CODESYSTEM,VALUE6_ZIP_CODESYSTEM,VALUE6_ZIP_CODE
	) values ('VALUE6_ADL_VALUE5','VALUE6_AL_VALUE5','VALUE6_BNN_VALUE5','VALUE6_BNR_VALUE5','VALUE6_BNS_VALUE5',
'VALUE6_CAR_VALUE5','VALUE6_CEN_VALUE5','VALUE6_CNT_VALUE5','VALUE6_CPA_VALUE5','VALUE6_CTY_VALUE5',
'VALUE6_DAL_VALUE5','VALUE6_DEL_VALUE5','VALUE6_DINSTA_VALUE5','VALUE6_DINSTQ_VALUE5','VALUE6_DIR_VALUE5',
'VALUE6_DMOD_VALUE5','VALUE6_DMODID_VALUE5',
'VALUE6_INT_VALUE5','VALUE6_POB_VALUE5','VALUE6_PRE_VALUE5','VALUE6_SAL_VALUE5','VALUE6_STA_VALUE5','VALUE6_STB_VALUE5',
'VALUE6_STR_VALUE5','VALUE6_STTYP_VALUE5','VALUE6_UNID_VALUE5','VALUE6_UNIT_VALUE5','VALUE6_ZIP_VALUE5','VALUE6_ADL_CODE5',
'VALUE6_BNS_CODE5','VALUE6_BNS_CODESYSTEM5','VALUE6_DAL_CODE5','VALUE6_DAL_CODESYSTEM5','VALUE6_INT_CODE5',
'VALUE6_INT_CODESYSTEM5','VALUE6_STB_CODE5','VALUE6_STB_CODESYSTEM5','VALUE6_ZIP_CODESYSTEM5','VALUE6_ZIP_CODE5');



INSERT INTO AD_DATATYPE (VALUE1_AL_VALUE) values (null);
INSERT INTO AD_DATATYPE_VALUE7 (AD_DATATYPE_ID,AL_VALUE,AL_CODE,AL_CODESYSTEM,DAL_CODE,DAL_VALUE,DAL_CODESYSTEM,CTY_VALUE,CTY_CODE,CTY_CODESYSTEM)
values (LAST_INSERT_ID(),null,null,null,null,null,null,null,null,null);
INSERT INTO AD_DATATYPE (VALUE1_AL_VALUE) values (null);
INSERT INTO AD_DATATYPE_VALUE7 (AD_DATATYPE_ID,AL_VALUE,AL_CODE,AL_CODESYSTEM,DAL_CODE,DAL_VALUE,DAL_CODESYSTEM,CTY_VALUE,CTY_CODE,CTY_CODESYSTEM)
values (LAST_INSERT_ID(),null,null,null,null,null,null,null,null,null);
INSERT INTO AD_DATATYPE (VALUE1_AL_VALUE) values (null);
INSERT INTO AD_DATATYPE_VALUE7 (AD_DATATYPE_ID,AL_VALUE,AL_CODE,AL_CODESYSTEM,DAL_CODE,DAL_VALUE,DAL_CODESYSTEM,CTY_VALUE,CTY_CODE,CTY_CODESYSTEM)
values (LAST_INSERT_ID(),null,null,null,null,null,null,null,null,null);
INSERT INTO AD_DATATYPE (VALUE1_AL_VALUE) values (null);
INSERT INTO AD_DATATYPE_VALUE7 (AD_DATATYPE_ID,AL_VALUE,AL_CODE,AL_CODESYSTEM,DAL_CODE,DAL_VALUE,DAL_CODESYSTEM,CTY_VALUE,CTY_CODE,CTY_CODESYSTEM)
values (LAST_INSERT_ID(),null,null,null,null,null,null,null,null,null);


INSERT INTO AD_DATATYPE (VALUE1_AL_VALUE) values (null);
INSERT INTO AD_DATATYPE_VALUE7 (AD_DATATYPE_ID,AL_VALUE,AL_CODE,AL_CODESYSTEM,DAL_CODE,DAL_VALUE,DAL_CODESYSTEM,CTY_VALUE,CTY_CODE,CTY_CODESYSTEM)
values (LAST_INSERT_ID(),'AL_VALUE1','AL_CODE1','AL_CODESYSTEM1','DAL_CODE1','DAL_VALUE1','DAL_CODESYSTEM1','CTY_VALUE1','CTY_CODE1','CTY_CODESYSTEM1');
INSERT INTO AD_DATATYPE (VALUE1_AL_VALUE) values (null);
INSERT INTO AD_DATATYPE_VALUE7 (AD_DATATYPE_ID,AL_VALUE,AL_CODE,AL_CODESYSTEM,DAL_CODE,DAL_VALUE,DAL_CODESYSTEM,CTY_VALUE,CTY_CODE,CTY_CODESYSTEM)
values (LAST_INSERT_ID(),'AL_VALUE2','AL_CODE2','AL_CODESYSTEM2','DAL_CODE2','DAL_VALUE2','DAL_CODESYSTEM2','CTY_VALUE2','CTY_CODE2','CTY_CODESYSTEM2');
INSERT INTO AD_DATATYPE (VALUE1_AL_VALUE) values (null);
INSERT INTO AD_DATATYPE_VALUE7 (AD_DATATYPE_ID,AL_VALUE,AL_CODE,AL_CODESYSTEM,DAL_CODE,DAL_VALUE,DAL_CODESYSTEM,CTY_VALUE,CTY_CODE,CTY_CODESYSTEM)
values (LAST_INSERT_ID(),'AL_VALUE3','AL_CODE3','AL_CODESYSTEM3','DAL_CODE3','DAL_VALUE3','DAL_CODESYSTEM3','CTY_VALUE3','CTY_CODE3','CTY_CODESYSTEM3');
INSERT INTO AD_DATATYPE (VALUE1_AL_VALUE) values (null);
INSERT INTO AD_DATATYPE_VALUE7 (AD_DATATYPE_ID,AL_VALUE,AL_CODE,AL_CODESYSTEM,DAL_CODE,DAL_VALUE,DAL_CODESYSTEM,CTY_VALUE,CTY_CODE,CTY_CODESYSTEM)
values (LAST_INSERT_ID(),'AL_VALUE4','AL_CODE4','AL_CODESYSTEM4','DAL_CODE4','DAL_VALUE4','DAL_CODESYSTEM4','CTY_VALUE4','CTY_CODE4','CTY_CODESYSTEM4');



INSERT INTO BL_DATATYPE (VALUE1_VALUE) values (null);
INSERT INTO BL_DATATYPE (VALUE1_VALUE) values (1);
INSERT INTO BL_DATATYPE (VALUE2_NULL_FLAVOR,VALUE2_VALUE) values (null,null);
INSERT INTO BL_DATATYPE (VALUE2_NULL_FLAVOR,VALUE2_VALUE) values ('NI',0);

INSERT INTO BL_NONNULL_DATATYPE (VALUE1_VALUE) values (null);
INSERT INTO BL_NONNULL_DATATYPE (VALUE1_VALUE) values (1);




INSERT INTO CD_DATATYPE (VALUE1_CODE) values ('CODE1' );
INSERT INTO CD_DATATYPE (VALUE1_CODE) values ('CODE2' );
INSERT INTO CD_DATATYPE (VALUE1_CODE) values ('CODE3' );
INSERT INTO CD_DATATYPE (VALUE1_CODE) values ('CODE4' );
INSERT INTO CD_DATATYPE (VALUE1_CODE) values ('CODE5' );


INSERT INTO CD_DATATYPE (VALUE2_CODE,VALUE2_NULL_FLAVOR) values ( 'CODE1','NI');
INSERT INTO CD_DATATYPE (VALUE2_CODE,VALUE2_NULL_FLAVOR) values ( 'CODE2','NI');
INSERT INTO CD_DATATYPE (VALUE2_CODE,VALUE2_NULL_FLAVOR) values ( 'CODE3','NI');
INSERT INTO CD_DATATYPE (VALUE2_CODE,VALUE2_NULL_FLAVOR) values ( 'CODE4','NI');
INSERT INTO CD_DATATYPE (VALUE2_CODE,VALUE2_NULL_FLAVOR) values ( 'CODE5','NI');

INSERT INTO CD_DATATYPE (VALUE3_CODE) values ('CODE1' );
INSERT INTO CD_DATATYPE (VALUE3_CODE) values ('CODE2' );
INSERT INTO CD_DATATYPE (VALUE3_CODE) values ('CODE3' );
INSERT INTO CD_DATATYPE (VALUE3_CODE) values ('CODE4' );
INSERT INTO CD_DATATYPE (VALUE3_CODE) values ('CODE5' );


INSERT INTO CD_DATATYPE (VALUE4_NULL_FLAVOR,VALUE4_CODE,VALUE4_CODE_SYSTEM,VALUE4_CODE_SYSTEM_VERSION,VALUE4_CODE_SYSTEM_NAME,
	   VALUE4_DISPLAY_NULL_FLAVOR,VALUE4_DISPLAY_VALUE,VALUE4_ORIG_TXT_NULL_FLAVOR,VALUE4_ORIG_TXT_DATA ,
	   VALUE4_ORIG_TXT_DESCRIPTION,VALUE4_ORIG_TXT_VALUE,
	   VALUE5_NULL_FLAVOR,VALUE5_CODE,VALUE5_CODE_SYSTEM,VALUE5_CODE_SYSTEM_NAME,VALUE5_CODE_SYSTEM_VERSION,
	   VALUE5_DISPLAY_NULL_FLAVOR,VALUE5_DISPLAY_VALUE,VALUE5_ORIG_TXT_NULL_FLAVOR,
	   VALUE5_ORIG_TXT_DATA,VALUE5_ORIG_TXT_DESCRIPTION,VALUE5_ORIG_TXT_VALUE
	   ) values (
	   null,null,null,null,null,null,null,null,null,null,null,null,null,null,null,null,null,null,null,null,null,null);
INSERT INTO CD_DATATYPE (VALUE4_NULL_FLAVOR,VALUE4_CODE,VALUE4_CODE_SYSTEM,VALUE4_CODE_SYSTEM_VERSION,VALUE4_CODE_SYSTEM_NAME,
	   VALUE4_DISPLAY_NULL_FLAVOR,VALUE4_DISPLAY_VALUE,VALUE4_ORIG_TXT_NULL_FLAVOR,VALUE4_ORIG_TXT_DATA ,
	   VALUE4_ORIG_TXT_DESCRIPTION,VALUE4_ORIG_TXT_VALUE,
	   VALUE5_NULL_FLAVOR,VALUE5_CODE,VALUE5_CODE_SYSTEM,VALUE5_CODE_SYSTEM_NAME,VALUE5_CODE_SYSTEM_VERSION,
	   VALUE5_DISPLAY_NULL_FLAVOR,VALUE5_DISPLAY_VALUE,VALUE5_ORIG_TXT_NULL_FLAVOR,
	   VALUE5_ORIG_TXT_DATA ,VALUE5_ORIG_TXT_DESCRIPTION,VALUE5_ORIG_TXT_VALUE
	   ) values (
	   'NI','VALUE4_CODE1','VALUE4_CODE_SYSTEM1','1.2','VALUE4_CODE_SYSTEM_NAME1',
	   'UNK','VALUE4_DISPLAY_VALUE1','UNK',null,
	   'VALUE4_ORIG_TXT_DESCRIPTION1','VALUE4_ORIG_TXT_VALUE1',
	   'UNK','VALUE5_CODE1','VALUE5_CODE_SYSTEM1', 'VALUE5_CODE_SYSTEM_NAME1','1.2',
	   'UNK','VALUE5_DISPLAY_VALUE1','UNK',
	   null,'VALUE5_ORIG_TXT_DESCRIPTION1','VALUE5_ORIG_TXT_VALUE1');
INSERT INTO CD_DATATYPE (VALUE4_NULL_FLAVOR,VALUE4_CODE,VALUE4_CODE_SYSTEM,VALUE4_CODE_SYSTEM_VERSION,VALUE4_CODE_SYSTEM_NAME,
	   VALUE4_DISPLAY_NULL_FLAVOR,VALUE4_DISPLAY_VALUE,VALUE4_ORIG_TXT_NULL_FLAVOR,VALUE4_ORIG_TXT_DATA ,
	   VALUE4_ORIG_TXT_DESCRIPTION,VALUE4_ORIG_TXT_VALUE,
	   VALUE5_NULL_FLAVOR,VALUE5_CODE,VALUE5_CODE_SYSTEM,VALUE5_CODE_SYSTEM_NAME,VALUE5_CODE_SYSTEM_VERSION,
	   VALUE5_DISPLAY_NULL_FLAVOR,VALUE5_DISPLAY_VALUE,VALUE5_ORIG_TXT_NULL_FLAVOR,
	   VALUE5_ORIG_TXT_DATA ,VALUE5_ORIG_TXT_DESCRIPTION,VALUE5_ORIG_TXT_VALUE
	   ) values (
	   'NI','VALUE4_CODE2','VALUE4_CODE_SYSTEM2','1.2','VALUE4_CODE_SYSTEM_NAME2',
	   'UNK','VALUE4_DISPLAY_VALUE2','UNK',null,
	   'VALUE4_ORIG_TXT_DESCRIPTION2','VALUE4_ORIG_TXT_VALUE2',
	   'UNK','VALUE5_CODE2','VALUE5_CODE_SYSTEM2', 'VALUE5_CODE_SYSTEM_NAME2','1.2',
	   'UNK','VALUE5_DISPLAY_VALUE2','UNK',
	   null,'VALUE5_ORIG_TXT_DESCRIPTION2','VALUE5_ORIG_TXT_VALUE2');
INSERT INTO CD_DATATYPE (VALUE4_NULL_FLAVOR,VALUE4_CODE,VALUE4_CODE_SYSTEM,VALUE4_CODE_SYSTEM_VERSION,VALUE4_CODE_SYSTEM_NAME,
	   VALUE4_DISPLAY_NULL_FLAVOR,VALUE4_DISPLAY_VALUE,VALUE4_ORIG_TXT_NULL_FLAVOR,VALUE4_ORIG_TXT_DATA ,
	   VALUE4_ORIG_TXT_DESCRIPTION,VALUE4_ORIG_TXT_VALUE,
	   VALUE5_NULL_FLAVOR,VALUE5_CODE,VALUE5_CODE_SYSTEM,VALUE5_CODE_SYSTEM_NAME,VALUE5_CODE_SYSTEM_VERSION,
	   VALUE5_DISPLAY_NULL_FLAVOR,VALUE5_DISPLAY_VALUE,VALUE5_ORIG_TXT_NULL_FLAVOR,
	   VALUE5_ORIG_TXT_DATA ,VALUE5_ORIG_TXT_DESCRIPTION,VALUE5_ORIG_TXT_VALUE
	   ) values (
	   'NI','VALUE4_CODE3','VALUE4_CODE_SYSTEM3','1.3','VALUE4_CODE_SYSTEM_NAME3',
	   'UNK','VALUE4_DISPLAY_VALUE3','UNK',null,
	   'VALUE4_ORIG_TXT_DESCRIPTION3','VALUE4_ORIG_TXT_VALUE3',
	   'UNK','VALUE5_CODE3','VALUE5_CODE_SYSTEM3', 'VALUE5_CODE_SYSTEM_NAME3','1.3',
	   'UNK','VALUE5_DISPLAY_VALUE3','UNK',
	   null,'VALUE5_ORIG_TXT_DESCRIPTION3','VALUE5_ORIG_TXT_VALUE3');
INSERT INTO CD_DATATYPE (VALUE4_NULL_FLAVOR,VALUE4_CODE,VALUE4_CODE_SYSTEM,VALUE4_CODE_SYSTEM_VERSION,VALUE4_CODE_SYSTEM_NAME,
	   VALUE4_DISPLAY_NULL_FLAVOR,VALUE4_DISPLAY_VALUE,VALUE4_ORIG_TXT_NULL_FLAVOR,VALUE4_ORIG_TXT_DATA ,
	   VALUE4_ORIG_TXT_DESCRIPTION,VALUE4_ORIG_TXT_VALUE,
	   VALUE5_NULL_FLAVOR,VALUE5_CODE,VALUE5_CODE_SYSTEM,VALUE5_CODE_SYSTEM_NAME,VALUE5_CODE_SYSTEM_VERSION,
	   VALUE5_DISPLAY_NULL_FLAVOR,VALUE5_DISPLAY_VALUE,VALUE5_ORIG_TXT_NULL_FLAVOR,
	   VALUE5_ORIG_TXT_DATA ,VALUE5_ORIG_TXT_DESCRIPTION,VALUE5_ORIG_TXT_VALUE
	   ) values (
	   'NI','VALUE4_CODE4','VALUE4_CODE_SYSTEM4','1.4','VALUE4_CODE_SYSTEM_NAME4',
	   'UNK','VALUE4_DISPLAY_VALUE4','UNK',null,
	   'VALUE4_ORIG_TXT_DESCRIPTION4','VALUE4_ORIG_TXT_VALUE4',
	   'UNK','VALUE5_CODE4','VALUE5_CODE_SYSTEM4', 'VALUE5_CODE_SYSTEM_NAME4','1.4',
	   'UNK','VALUE5_DISPLAY_VALUE4','UNK',
	   null,'VALUE5_ORIG_TXT_DESCRIPTION4','VALUE5_ORIG_TXT_VALUE4');
INSERT INTO CD_DATATYPE (VALUE4_NULL_FLAVOR,VALUE4_CODE,VALUE4_CODE_SYSTEM,VALUE4_CODE_SYSTEM_VERSION,VALUE4_CODE_SYSTEM_NAME,
	   VALUE4_DISPLAY_NULL_FLAVOR,VALUE4_DISPLAY_VALUE,VALUE4_ORIG_TXT_NULL_FLAVOR,VALUE4_ORIG_TXT_DATA ,
	   VALUE4_ORIG_TXT_DESCRIPTION,VALUE4_ORIG_TXT_VALUE,
	   VALUE5_NULL_FLAVOR,VALUE5_CODE,VALUE5_CODE_SYSTEM,VALUE5_CODE_SYSTEM_NAME,VALUE5_CODE_SYSTEM_VERSION,
	   VALUE5_DISPLAY_NULL_FLAVOR,VALUE5_DISPLAY_VALUE,VALUE5_ORIG_TXT_NULL_FLAVOR,
	   VALUE5_ORIG_TXT_DATA ,VALUE5_ORIG_TXT_DESCRIPTION,VALUE5_ORIG_TXT_VALUE
	   ) values (
	   'NI','VALUE4_CODE5','VALUE4_CODE_SYSTEM5','1.5','VALUE4_CODE_SYSTEM_NAME5',
	   'UNK','VALUE4_DISPLAY_VALUE5','UNK',null,
	   'VALUE4_ORIG_TXT_DESCRIPTION5','VALUE4_ORIG_TXT_VALUE5',
	   'UNK','VALUE5_CODE5','VALUE5_CODE_SYSTEM5', 'VALUE5_CODE_SYSTEM_NAME5','1.5',
	   'UNK','VALUE5_DISPLAY_VALUE5','UNK',
	   null,'VALUE5_ORIG_TXT_DESCRIPTION5','VALUE5_ORIG_TXT_VALUE5');


INSERT INTO EN_DATATYPE (VALUE1_PN_VALUE) values (null  );
INSERT INTO EN_DATATYPE (VALUE1_PN_VALUE) values ('Mr. John Doe Jr.');
INSERT INTO EN_DATATYPE (VALUE1_PN_VALUE) values ('Mr. John Doe Double Jr.');
INSERT INTO EN_DATATYPE (VALUE1_PN_VALUE) values ('Mr. John Doe Sr.');
INSERT INTO EN_DATATYPE (VALUE1_PN_VALUE) values ('Mr. John Doe Super Sr.');

INSERT INTO EN_DATATYPE (VALUE2_PN_VALUE,VALUE2_PN_CODE) values (null,null);
INSERT INTO EN_DATATYPE (VALUE2_PN_VALUE,VALUE2_PN_CODE) values (null,null);
INSERT INTO EN_DATATYPE (VALUE2_PN_VALUE,VALUE2_PN_CODE) values (null,null);
INSERT INTO EN_DATATYPE (VALUE2_PN_VALUE,VALUE2_PN_CODE) values (null,null);
INSERT INTO EN_DATATYPE (VALUE2_PN_VALUE,VALUE2_PN_CODE) values (null,null);
INSERT INTO EN_DATATYPE (VALUE2_PN_VALUE,VALUE2_PN_CODE) values ('Mr. John Doe Jr1.',null);
INSERT INTO EN_DATATYPE (VALUE2_PN_VALUE,VALUE2_PN_CODE) values ('Mr. John Doe Jr2.',null);
INSERT INTO EN_DATATYPE (VALUE2_PN_VALUE,VALUE2_PN_CODE) values ('Mr. John Doe Jr3.',null);
INSERT INTO EN_DATATYPE (VALUE2_PN_VALUE,VALUE2_PN_CODE) values ('Mr. John Doe Jr4.',null);
INSERT INTO EN_DATATYPE (VALUE2_PN_VALUE,VALUE2_PN_CODE) values ('Mr. John Doe Jr5.',null);

INSERT INTO EN_DATATYPE (VALUE2_PN_VALUE,VALUE2_PN_CODE) values ('Mr. John Doe Jr1.','JDJ1');
INSERT INTO EN_DATATYPE (VALUE2_PN_VALUE,VALUE2_PN_CODE) values ('Mr. John Doe Jr2.','JDJ2');
INSERT INTO EN_DATATYPE (VALUE2_PN_VALUE,VALUE2_PN_CODE) values ('Mr. John Doe Jr3.','JDJ3');
INSERT INTO EN_DATATYPE (VALUE2_PN_VALUE,VALUE2_PN_CODE) values ('Mr. John Doe Jr4.','JDJ4');
INSERT INTO EN_DATATYPE (VALUE2_PN_VALUE,VALUE2_PN_CODE) values ('Mr. John Doe Jr5.','JDJ5');
INSERT INTO EN_DATATYPE (VALUE2_PN_VALUE,VALUE2_PN_CODE) values ('Mr. John Doe Jr6.','JDJ6');

INSERT INTO EN_DATATYPE (VALUE3_PN_VALUE,VALUE3_PN_CODE,VALUE3_PN_CODE_SYSTEM,VALUE3_PN_CODE_SYSTEM_VERSION)values
	(null,null,null,null);
INSERT INTO EN_DATATYPE (VALUE3_PN_VALUE,VALUE3_PN_CODE,VALUE3_PN_CODE_SYSTEM,VALUE3_PN_CODE_SYSTEM_VERSION)values
	(null,null,null,null);
INSERT INTO EN_DATATYPE (VALUE3_PN_VALUE,VALUE3_PN_CODE,VALUE3_PN_CODE_SYSTEM,VALUE3_PN_CODE_SYSTEM_VERSION)values
	(null,null,null,null);
INSERT INTO EN_DATATYPE (VALUE3_PN_VALUE,VALUE3_PN_CODE,VALUE3_PN_CODE_SYSTEM,VALUE3_PN_CODE_SYSTEM_VERSION)values
	(null,null,null,null);
INSERT INTO EN_DATATYPE (VALUE3_PN_VALUE,VALUE3_PN_CODE,VALUE3_PN_CODE_SYSTEM,VALUE3_PN_CODE_SYSTEM_VERSION)values
	(null,null,null,null);

INSERT INTO EN_DATATYPE (VALUE3_PN_VALUE,VALUE3_PN_CODE,VALUE3_PN_CODE_SYSTEM,VALUE3_PN_CODE_SYSTEM_VERSION)values
	('Mrs. Sarah Doe1',null,null,null);
INSERT INTO EN_DATATYPE (VALUE3_PN_VALUE,VALUE3_PN_CODE,VALUE3_PN_CODE_SYSTEM,VALUE3_PN_CODE_SYSTEM_VERSION)values
	('Mrs. Sarah Doe2',null,null,null);
INSERT INTO EN_DATATYPE (VALUE3_PN_VALUE,VALUE3_PN_CODE,VALUE3_PN_CODE_SYSTEM,VALUE3_PN_CODE_SYSTEM_VERSION)values
	('Mrs. Sarah Doe3',null,null,null);
INSERT INTO EN_DATATYPE (VALUE3_PN_VALUE,VALUE3_PN_CODE,VALUE3_PN_CODE_SYSTEM,VALUE3_PN_CODE_SYSTEM_VERSION)values
	('Mrs. Sarah Doe4',null,null,null);
INSERT INTO EN_DATATYPE (VALUE3_PN_VALUE,VALUE3_PN_CODE,VALUE3_PN_CODE_SYSTEM,VALUE3_PN_CODE_SYSTEM_VERSION)values
	('Mrs. Sarah Doe5',null,null,null);


INSERT INTO EN_DATATYPE (VALUE3_PN_VALUE,VALUE3_PN_CODE,VALUE3_PN_CODE_SYSTEM,VALUE3_PN_CODE_SYSTEM_VERSION)values
	('Mrs. Sarah Doe1','MSD1',null,null);
INSERT INTO EN_DATATYPE (VALUE3_PN_VALUE,VALUE3_PN_CODE,VALUE3_PN_CODE_SYSTEM,VALUE3_PN_CODE_SYSTEM_VERSION)values
	('Mrs. Sarah Doe2','MSD2',null,null);
INSERT INTO EN_DATATYPE (VALUE3_PN_VALUE,VALUE3_PN_CODE,VALUE3_PN_CODE_SYSTEM,VALUE3_PN_CODE_SYSTEM_VERSION)values
	('Mrs. Sarah Doe3','MSD3',null,null);
INSERT INTO EN_DATATYPE (VALUE3_PN_VALUE,VALUE3_PN_CODE,VALUE3_PN_CODE_SYSTEM,VALUE3_PN_CODE_SYSTEM_VERSION)values
	('Mrs. Sarah Doe4','MSD4',null,null);
INSERT INTO EN_DATATYPE (VALUE3_PN_VALUE,VALUE3_PN_CODE,VALUE3_PN_CODE_SYSTEM,VALUE3_PN_CODE_SYSTEM_VERSION)values
	('Mrs. Sarah Doe5','MSD5',null,null);

INSERT INTO EN_DATATYPE (VALUE3_PN_VALUE,VALUE3_PN_CODE,VALUE3_PN_CODE_SYSTEM,VALUE3_PN_CODE_SYSTEM_VERSION)values
	('Mrs. Sarah Doe1','MSD1','VALUE3_PN_CODE_SYSTEM1',null);
INSERT INTO EN_DATATYPE (VALUE3_PN_VALUE,VALUE3_PN_CODE,VALUE3_PN_CODE_SYSTEM,VALUE3_PN_CODE_SYSTEM_VERSION)values
	('Mrs. Sarah Doe2','MSD2','VALUE3_PN_CODE_SYSTEM2',null);
INSERT INTO EN_DATATYPE (VALUE3_PN_VALUE,VALUE3_PN_CODE,VALUE3_PN_CODE_SYSTEM,VALUE3_PN_CODE_SYSTEM_VERSION)values
	('Mrs. Sarah Doe3','MSD3','VALUE3_PN_CODE_SYSTEM3',null);
INSERT INTO EN_DATATYPE (VALUE3_PN_VALUE,VALUE3_PN_CODE,VALUE3_PN_CODE_SYSTEM,VALUE3_PN_CODE_SYSTEM_VERSION)values
	('Mrs. Sarah Doe4','MSD4','VALUE3_PN_CODE_SYSTEM4',null);
INSERT INTO EN_DATATYPE (VALUE3_PN_VALUE,VALUE3_PN_CODE,VALUE3_PN_CODE_SYSTEM,VALUE3_PN_CODE_SYSTEM_VERSION)values
	('Mrs. Sarah Doe5','MSD5','VALUE3_PN_CODE_SYSTEM5',null);


INSERT INTO EN_DATATYPE (VALUE3_PN_VALUE,VALUE3_PN_CODE,VALUE3_PN_CODE_SYSTEM,VALUE3_PN_CODE_SYSTEM_VERSION)values
	('Mrs. Sarah Doe1','MSD1','VALUE3_PN_CODE_SYSTEM1','1.3');
INSERT INTO EN_DATATYPE (VALUE3_PN_VALUE,VALUE3_PN_CODE,VALUE3_PN_CODE_SYSTEM,VALUE3_PN_CODE_SYSTEM_VERSION)values
	('Mrs. Sarah Doe2','MSD2','VALUE3_PN_CODE_SYSTEM2','1.3');
INSERT INTO EN_DATATYPE (VALUE3_PN_VALUE,VALUE3_PN_CODE,VALUE3_PN_CODE_SYSTEM,VALUE3_PN_CODE_SYSTEM_VERSION)values
	('Mrs. Sarah Doe3','MSD3','VALUE3_PN_CODE_SYSTEM3','1.3');
INSERT INTO EN_DATATYPE (VALUE3_PN_VALUE,VALUE3_PN_CODE,VALUE3_PN_CODE_SYSTEM,VALUE3_PN_CODE_SYSTEM_VERSION)values
	('Mrs. Sarah Doe4','MSD4','VALUE3_PN_CODE_SYSTEM4','1.3');
INSERT INTO EN_DATATYPE (VALUE3_PN_VALUE,VALUE3_PN_CODE,VALUE3_PN_CODE_SYSTEM,VALUE3_PN_CODE_SYSTEM_VERSION)values
	('Mrs. Sarah Doe5','MSD5','VALUE3_PN_CODE_SYSTEM5','1.3');

INSERT INTO EN_DATATYPE (VALUE4_PN_VALUE,VALUE4_PN_ENPQ)values (null,null);
INSERT INTO EN_DATATYPE (VALUE4_PN_VALUE,VALUE4_PN_ENPQ)values ('VALUE4_PN_VALUE1','VALUE4_PN_ENPQ1');
INSERT INTO EN_DATATYPE (VALUE4_PN_VALUE,VALUE4_PN_ENPQ)values ('VALUE4_PN_VALUE2','VALUE4_PN_ENPQ2');
INSERT INTO EN_DATATYPE (VALUE4_PN_VALUE,VALUE4_PN_ENPQ)values ('VALUE4_PN_VALUE3','VALUE4_PN_ENPQ3');
INSERT INTO EN_DATATYPE (VALUE4_PN_VALUE,VALUE4_PN_ENPQ)values ('VALUE4_PN_VALUE4','VALUE4_PN_ENPQ4');
INSERT INTO EN_DATATYPE (VALUE4_PN_VALUE,VALUE4_PN_ENPQ)values ('VALUE4_PN_VALUE5','VALUE4_PN_ENPQ5');

INSERT INTO EN_DATATYPE (
	VALUE5_PN_VALUE,VALUE5_PN2_VALUE,VALUE5_PN_CODE,VALUE5_PN2_CODE,VALUE5_PN_CODE_SYSTEM,VALUE5_PN2_CODE_SYSTEM,
	VALUE5_PN_CODE_SYSTEM_VERSION,VALUE5_PN2_CODE_SYSTEM_VERSION
	)values (null,null,null,null,null,null,null,null);
INSERT INTO EN_DATATYPE (
	VALUE5_PN_VALUE,VALUE5_PN2_VALUE,VALUE5_PN_CODE,VALUE5_PN2_CODE,VALUE5_PN_CODE_SYSTEM,VALUE5_PN2_CODE_SYSTEM,
	VALUE5_PN_CODE_SYSTEM_VERSION,VALUE5_PN2_CODE_SYSTEM_VERSION
	)values (null,null,null,null,null,null,null,null);
INSERT INTO EN_DATATYPE (
	VALUE5_PN_VALUE,VALUE5_PN2_VALUE,VALUE5_PN_CODE,VALUE5_PN2_CODE,VALUE5_PN_CODE_SYSTEM,VALUE5_PN2_CODE_SYSTEM,
	VALUE5_PN_CODE_SYSTEM_VERSION,VALUE5_PN2_CODE_SYSTEM_VERSION
	)values (null,null,null,null,null,null,null,null);
INSERT INTO EN_DATATYPE (
	VALUE5_PN_VALUE,VALUE5_PN2_VALUE,VALUE5_PN_CODE,VALUE5_PN2_CODE,VALUE5_PN_CODE_SYSTEM,VALUE5_PN2_CODE_SYSTEM,
	VALUE5_PN_CODE_SYSTEM_VERSION,VALUE5_PN2_CODE_SYSTEM_VERSION
	)values (null,null,null,null,null,null,null,null);
INSERT INTO EN_DATATYPE (
	VALUE5_PN_VALUE,VALUE5_PN2_VALUE,VALUE5_PN_CODE,VALUE5_PN2_CODE,VALUE5_PN_CODE_SYSTEM,VALUE5_PN2_CODE_SYSTEM,
	VALUE5_PN_CODE_SYSTEM_VERSION,VALUE5_PN2_CODE_SYSTEM_VERSION
	)values (null,null,null,null,null,null,null,null);

INSERT INTO EN_DATATYPE (
	VALUE5_PN_VALUE,VALUE5_PN2_VALUE,VALUE5_PN_CODE,VALUE5_PN2_CODE,VALUE5_PN_CODE_SYSTEM,VALUE5_PN2_CODE_SYSTEM,
	VALUE5_PN_CODE_SYSTEM_VERSION,VALUE5_PN2_CODE_SYSTEM_VERSION
	)values ('Mr. John Doe1',null,'JDJ1',null,'VALUE5_PN_CODE_SYSTEM1',null,'2.1',null);
INSERT INTO EN_DATATYPE (
	VALUE5_PN_VALUE,VALUE5_PN2_VALUE,VALUE5_PN_CODE,VALUE5_PN2_CODE,VALUE5_PN_CODE_SYSTEM,VALUE5_PN2_CODE_SYSTEM,
	VALUE5_PN_CODE_SYSTEM_VERSION,VALUE5_PN2_CODE_SYSTEM_VERSION
	)values ('Mr. John Doe2',null,'JDJ2',null,'VALUE5_PN_CODE_SYSTEM2',null,'2.1',null);
INSERT INTO EN_DATATYPE (
	VALUE5_PN_VALUE,VALUE5_PN2_VALUE,VALUE5_PN_CODE,VALUE5_PN2_CODE,VALUE5_PN_CODE_SYSTEM,VALUE5_PN2_CODE_SYSTEM,
	VALUE5_PN_CODE_SYSTEM_VERSION,VALUE5_PN2_CODE_SYSTEM_VERSION
	)values ('Mr. John Doe3',null,'JDJ3',null,'VALUE5_PN_CODE_SYSTEM3',null,'2.1',null);
INSERT INTO EN_DATATYPE (
	VALUE5_PN_VALUE,VALUE5_PN2_VALUE,VALUE5_PN_CODE,VALUE5_PN2_CODE,VALUE5_PN_CODE_SYSTEM,VALUE5_PN2_CODE_SYSTEM,
	VALUE5_PN_CODE_SYSTEM_VERSION,VALUE5_PN2_CODE_SYSTEM_VERSION
	)values ('Mr. John Doe4',null,'JDJ4',null,'VALUE5_PN_CODE_SYSTEM4',null,'2.1',null);
INSERT INTO EN_DATATYPE (
	VALUE5_PN_VALUE,VALUE5_PN2_VALUE,VALUE5_PN_CODE,VALUE5_PN2_CODE,VALUE5_PN_CODE_SYSTEM,VALUE5_PN2_CODE_SYSTEM,
	VALUE5_PN_CODE_SYSTEM_VERSION,VALUE5_PN2_CODE_SYSTEM_VERSION
	)values ('Mr. John Doe5',null,'JDJ5',null,'VALUE5_PN_CODE_SYSTEM5',null,'2.1',null);



INSERT INTO EN_DATATYPE (
	VALUE5_PN_VALUE,VALUE5_PN2_VALUE,VALUE5_PN_CODE,VALUE5_PN2_CODE,VALUE5_PN_CODE_SYSTEM,VALUE5_PN2_CODE_SYSTEM,
	VALUE5_PN_CODE_SYSTEM_VERSION,VALUE5_PN2_CODE_SYSTEM_VERSION
	)values ('Mr. John Doe1','Mr. Doe1','VALUE5_PN_CODE1','VALUE5_PN2_CODE1','VALUE5_PN_CODE_SYSTEM1','VALUE5_PN2_CODE_SYSTEM1',
	'2.1','2.2');
INSERT INTO EN_DATATYPE (
	VALUE5_PN_VALUE,VALUE5_PN2_VALUE,VALUE5_PN_CODE,VALUE5_PN2_CODE,VALUE5_PN_CODE_SYSTEM,VALUE5_PN2_CODE_SYSTEM,
	VALUE5_PN_CODE_SYSTEM_VERSION,VALUE5_PN2_CODE_SYSTEM_VERSION
	)values ('Mr. John Doe2','Mr. Doe2','VALUE5_PN_CODE2','VALUE5_PN2_CODE2','VALUE5_PN_CODE_SYSTEM2','VALUE5_PN2_CODE_SYSTEM2',
	'2.1','2.2');
INSERT INTO EN_DATATYPE (
	VALUE5_PN_VALUE,VALUE5_PN2_VALUE,VALUE5_PN_CODE,VALUE5_PN2_CODE,VALUE5_PN_CODE_SYSTEM,VALUE5_PN2_CODE_SYSTEM,
	VALUE5_PN_CODE_SYSTEM_VERSION,VALUE5_PN2_CODE_SYSTEM_VERSION
	)values ('Mr. John Doe3','Mr. Doe3','VALUE5_PN_CODE3','VALUE5_PN2_CODE3','VALUE5_PN_CODE_SYSTEM3','VALUE5_PN2_CODE_SYSTEM3',
	'2.1','2.2');
INSERT INTO EN_DATATYPE (
	VALUE5_PN_VALUE,VALUE5_PN2_VALUE,VALUE5_PN_CODE,VALUE5_PN2_CODE,VALUE5_PN_CODE_SYSTEM,VALUE5_PN2_CODE_SYSTEM,
	VALUE5_PN_CODE_SYSTEM_VERSION,VALUE5_PN2_CODE_SYSTEM_VERSION
	)values ('Mr. John Doe4','Mr. Doe4','VALUE5_PN_CODE4','VALUE5_PN2_CODE4','VALUE5_PN_CODE_SYSTEM4','VALUE5_PN2_CODE_SYSTEM4',
	'2.1','2.2');
INSERT INTO EN_DATATYPE (
	VALUE5_PN_VALUE,VALUE5_PN2_VALUE,VALUE5_PN_CODE,VALUE5_PN2_CODE,VALUE5_PN_CODE_SYSTEM,VALUE5_PN2_CODE_SYSTEM,
	VALUE5_PN_CODE_SYSTEM_VERSION,VALUE5_PN2_CODE_SYSTEM_VERSION
	)values ('Mr. John Doe5','Mr. Doe5','VALUE5_PN_CODE5','VALUE5_PN2_CODE5','VALUE5_PN_CODE_SYSTEM5','VALUE5_PN2_CODE_SYSTEM5',
	'2.1','2.2');


INSERT INTO EN_DATATYPE (
	VALUE6_PN_VALUE,VALUE6_ON_VALUE,VALUE6_PN_CODE,VALUE6_ON_CODE,VALUE6_PN_CODE_SYSTEM,VALUE6_ON_CODE_SYSTEM,VALUE6_PN_CODE_SYSTEM_VERSION,VALUE6_ON_CODE_SYSTEM_VERSION
	)values (null,null,null,null,null,null,null,null);
INSERT INTO EN_DATATYPE (
	VALUE6_PN_VALUE,VALUE6_ON_VALUE,VALUE6_PN_CODE,VALUE6_ON_CODE,VALUE6_PN_CODE_SYSTEM,VALUE6_ON_CODE_SYSTEM,VALUE6_PN_CODE_SYSTEM_VERSION,VALUE6_ON_CODE_SYSTEM_VERSION
	)values (null,null,null,null,null,null,null,null);
INSERT INTO EN_DATATYPE (
	VALUE6_PN_VALUE,VALUE6_ON_VALUE,VALUE6_PN_CODE,VALUE6_ON_CODE,VALUE6_PN_CODE_SYSTEM,VALUE6_ON_CODE_SYSTEM,VALUE6_PN_CODE_SYSTEM_VERSION,VALUE6_ON_CODE_SYSTEM_VERSION
	)values (null,null,null,null,null,null,null,null);
INSERT INTO EN_DATATYPE (
	VALUE6_PN_VALUE,VALUE6_ON_VALUE,VALUE6_PN_CODE,VALUE6_ON_CODE,VALUE6_PN_CODE_SYSTEM,VALUE6_ON_CODE_SYSTEM,VALUE6_PN_CODE_SYSTEM_VERSION,VALUE6_ON_CODE_SYSTEM_VERSION
	)values (null,null,null,null,null,null,null,null);
INSERT INTO EN_DATATYPE (
	VALUE6_PN_VALUE,VALUE6_ON_VALUE,VALUE6_PN_CODE,VALUE6_ON_CODE,VALUE6_PN_CODE_SYSTEM,VALUE6_ON_CODE_SYSTEM,VALUE6_PN_CODE_SYSTEM_VERSION,VALUE6_ON_CODE_SYSTEM_VERSION
	)values (null,null,null,null,null,null,null,null);
INSERT INTO EN_DATATYPE (
	VALUE6_PN_VALUE,VALUE6_ON_VALUE,VALUE6_PN_CODE,VALUE6_ON_CODE,VALUE6_PN_CODE_SYSTEM,VALUE6_ON_CODE_SYSTEM,VALUE6_PN_CODE_SYSTEM_VERSION,VALUE6_ON_CODE_SYSTEM_VERSION
	)values (
	'Mr. 1John Doe IV',null,'VALUE6_PN_CODE1',null,'VALUE6_PN_CODE_SYSTEM1',null,'3.1',null);
INSERT INTO EN_DATATYPE (
	VALUE6_PN_VALUE,VALUE6_ON_VALUE,VALUE6_PN_CODE,VALUE6_ON_CODE,VALUE6_PN_CODE_SYSTEM,VALUE6_ON_CODE_SYSTEM,VALUE6_PN_CODE_SYSTEM_VERSION,VALUE6_ON_CODE_SYSTEM_VERSION
	)values (
	'Mr. 2John Doe IV',null,'VALUE6_PN_CODE2',null,'VALUE6_PN_CODE_SYSTEM2',null,'3.1',null);
INSERT INTO EN_DATATYPE (
	VALUE6_PN_VALUE,VALUE6_ON_VALUE,VALUE6_PN_CODE,VALUE6_ON_CODE,VALUE6_PN_CODE_SYSTEM,VALUE6_ON_CODE_SYSTEM,VALUE6_PN_CODE_SYSTEM_VERSION,VALUE6_ON_CODE_SYSTEM_VERSION
	)values (
	'Mr. 3John Doe IV',null,'VALUE6_PN_CODE3',null,'VALUE6_PN_CODE_SYSTEM3',null,'3.1',null);
INSERT INTO EN_DATATYPE (
	VALUE6_PN_VALUE,VALUE6_ON_VALUE,VALUE6_PN_CODE,VALUE6_ON_CODE,VALUE6_PN_CODE_SYSTEM,VALUE6_ON_CODE_SYSTEM,VALUE6_PN_CODE_SYSTEM_VERSION,VALUE6_ON_CODE_SYSTEM_VERSION
	)values (
	'Mr. 4John Doe IV',null,'VALUE6_PN_CODE4',null,'VALUE6_PN_CODE_SYSTEM4',null,'3.1',null);
INSERT INTO EN_DATATYPE (
	VALUE6_PN_VALUE,VALUE6_ON_VALUE,VALUE6_PN_CODE,VALUE6_ON_CODE,VALUE6_PN_CODE_SYSTEM,VALUE6_ON_CODE_SYSTEM,VALUE6_PN_CODE_SYSTEM_VERSION,VALUE6_ON_CODE_SYSTEM_VERSION
	)values (
	'Mr. 5John Doe IV',null,'VALUE6_PN_CODE5',null,'VALUE6_PN_CODE_SYSTEM5',null,'3.1',null);


INSERT INTO EN_PN_DATATYPE (VALUE1_PN_VALUE) values (null  );
INSERT INTO EN_PN_DATATYPE (VALUE1_PN_VALUE) values (null  );
INSERT INTO EN_PN_DATATYPE (VALUE1_PN_VALUE) values (null  );
INSERT INTO EN_PN_DATATYPE (VALUE1_PN_VALUE) values (null  );
INSERT INTO EN_PN_DATATYPE (VALUE1_PN_VALUE) values (null  );


INSERT INTO EN_PN_DATATYPE (VALUE1_PN_VALUE) values ('Mr. John Doe Sr.');
INSERT INTO EN_PN_DATATYPE (VALUE1_PN_VALUE) values ('Mr. John Doe Super Sr.');
INSERT INTO EN_PN_DATATYPE (VALUE1_PN_VALUE) values ('Mr. John Doe Double Sr.');
INSERT INTO EN_PN_DATATYPE (VALUE1_PN_VALUE) values ('Mr. John Doe Medium Sr.');
INSERT INTO EN_PN_DATATYPE (VALUE1_PN_VALUE) values ('Mr. John Doe Grande Sr.');

INSERT INTO EN_ON_DATATYPE (VALUE1_ON_VALUE) values (null  );
INSERT INTO EN_ON_DATATYPE (VALUE1_ON_VALUE) values (null  );
INSERT INTO EN_ON_DATATYPE (VALUE1_ON_VALUE) values (null  );
INSERT INTO EN_ON_DATATYPE (VALUE1_ON_VALUE) values (null  );
INSERT INTO EN_ON_DATATYPE (VALUE1_ON_VALUE) values (null  );
INSERT INTO EN_ON_DATATYPE (VALUE1_ON_VALUE) values ('NCI1');
INSERT INTO EN_ON_DATATYPE (VALUE1_ON_VALUE) values ('NCI2');
INSERT INTO EN_ON_DATATYPE (VALUE1_ON_VALUE) values ('NCI3');
INSERT INTO EN_ON_DATATYPE (VALUE1_ON_VALUE) values ('NCI4');
INSERT INTO EN_ON_DATATYPE (VALUE1_ON_VALUE) values ('NCI5');




INSERT INTO II_DATATYPE (VALUE1_EXTENSION ) values (null);
INSERT INTO II_DATATYPE (VALUE1_EXTENSION ) values ('II_Extension' );

INSERT INTO II_DATATYPE (VALUE2_NULL_FLAVOR,VALUE2_ROOT,VALUE2_EXTENSION ) values (null,null,null);
INSERT INTO II_DATATYPE (VALUE2_NULL_FLAVOR,VALUE2_ROOT,VALUE2_EXTENSION ) values ('NI', null,null);
INSERT INTO II_DATATYPE (VALUE2_NULL_FLAVOR,VALUE2_ROOT,VALUE2_EXTENSION ) values ('NI','II_VALUE2_ROOT',null );
INSERT INTO II_DATATYPE (VALUE2_NULL_FLAVOR,VALUE2_ROOT,VALUE2_EXTENSION ) values ('NI','II_VALUE2_ROOT','II_VALUE2_EXTENSION');

INSERT INTO II_DATATYPE (VALUE3_NULL_FLAVOR,VALUE3_EXTENSION,VALUE3_IDENTIFIER_NAME,VALUE3_RELIABILITY,VALUE3_SCOPE,VALUE3_DISPLAYABLE
) values (null,null,null,null,null,null);
INSERT INTO II_DATATYPE (VALUE3_NULL_FLAVOR,VALUE3_EXTENSION,VALUE3_IDENTIFIER_NAME,VALUE3_RELIABILITY,VALUE3_SCOPE,VALUE3_DISPLAYABLE
) values ('UNK' ,null,null,null,null,null);
INSERT INTO II_DATATYPE (VALUE3_NULL_FLAVOR,VALUE3_EXTENSION,VALUE3_IDENTIFIER_NAME,VALUE3_RELIABILITY,VALUE3_SCOPE,VALUE3_DISPLAYABLE
) values ('UNK','II_VALUE3_EXTENSION',null,null,null,null );
INSERT INTO II_DATATYPE (VALUE3_NULL_FLAVOR,VALUE3_EXTENSION,VALUE3_IDENTIFIER_NAME,VALUE3_RELIABILITY,VALUE3_SCOPE,VALUE3_DISPLAYABLE
) values ('UNK','II_VALUE3_EXTENSION','II_VALUE3_IDENTIFIER_NAME',null,null,null );
INSERT INTO II_DATATYPE (VALUE3_NULL_FLAVOR,VALUE3_EXTENSION,VALUE3_IDENTIFIER_NAME,VALUE3_RELIABILITY,VALUE3_SCOPE,VALUE3_DISPLAYABLE
) values ('UNK','II_VALUE3_EXTENSION','II_VALUE3_IDENTIFIER_NAME','ISS', 'BUSN',null);
INSERT INTO II_DATATYPE (VALUE3_NULL_FLAVOR,VALUE3_EXTENSION,VALUE3_IDENTIFIER_NAME,VALUE3_RELIABILITY,VALUE3_SCOPE,VALUE3_DISPLAYABLE
) values ('UNK','II_VALUE3_EXTENSION','II_VALUE3_IDENTIFIER_NAME','VRF','BUSN',1 );

INSERT INTO II_DATATYPE (VALUE4_NULL_FLAVOR,VALUE4_ROOT,VALUE4_EXTENSION,VALUE4_IDENTIFIER_NAME,VALUE4_RELIABILITY,VALUE4_SCOPE,VALUE4_DISPLAYABLE
) values (null,null,null,null,null,null,null);
INSERT INTO II_DATATYPE (VALUE4_NULL_FLAVOR,VALUE4_ROOT,VALUE4_EXTENSION,VALUE4_IDENTIFIER_NAME,VALUE4_RELIABILITY,VALUE4_SCOPE,VALUE4_DISPLAYABLE
) values ('INV','II_VALUE4_ROOT',null,null,null,null,null );
INSERT INTO II_DATATYPE (VALUE4_NULL_FLAVOR,VALUE4_ROOT,VALUE4_EXTENSION,VALUE4_IDENTIFIER_NAME,VALUE4_RELIABILITY,VALUE4_SCOPE,VALUE4_DISPLAYABLE
) values ('INV','II_VALUE4_ROOT','II_VALUE4_EXTENSION',null,null,null,null);
INSERT INTO II_DATATYPE (VALUE4_NULL_FLAVOR,VALUE4_ROOT,VALUE4_EXTENSION,VALUE4_IDENTIFIER_NAME,VALUE4_RELIABILITY,VALUE4_SCOPE,VALUE4_DISPLAYABLE
) values ('INV','II_VALUE4_ROOT','II_VALUE4_EXTENSION','II_VALUE4_IDENTIFIER_NAME',null,null,null);
INSERT INTO II_DATATYPE (VALUE4_NULL_FLAVOR,VALUE4_ROOT,VALUE4_EXTENSION,VALUE4_IDENTIFIER_NAME,VALUE4_RELIABILITY,VALUE4_SCOPE,VALUE4_DISPLAYABLE
) values ('INV','II_VALUE4_ROOT','II_VALUE4_EXTENSION','II_VALUE4_IDENTIFIER_NAME','UNV',null,null);
INSERT INTO II_DATATYPE (VALUE4_NULL_FLAVOR,VALUE4_ROOT,VALUE4_EXTENSION,VALUE4_IDENTIFIER_NAME,VALUE4_RELIABILITY,VALUE4_SCOPE,VALUE4_DISPLAYABLE
) values ('INV','II_VALUE4_ROOT','II_VALUE4_EXTENSION','II_VALUE4_IDENTIFIER_NAME','ISS','BUSN',null );
INSERT INTO II_DATATYPE (VALUE4_NULL_FLAVOR,VALUE4_ROOT,VALUE4_EXTENSION,VALUE4_IDENTIFIER_NAME,VALUE4_RELIABILITY,VALUE4_SCOPE,VALUE4_DISPLAYABLE
) values ('INV','II_VALUE4_ROOT','II_VALUE4_EXTENSION','II_VALUE4_IDENTIFIER_NAME','VRF','BUSN',1);



INSERT INTO INT_DATATYPE(VALUE1_VALUE ) values (null);
INSERT INTO INT_DATATYPE(VALUE1_VALUE ) values (null);
INSERT INTO INT_DATATYPE(VALUE1_VALUE ) values (null);
INSERT INTO INT_DATATYPE(VALUE1_VALUE ) values (null);
INSERT INTO INT_DATATYPE(VALUE1_VALUE ) values (null);

INSERT INTO INT_DATATYPE(VALUE1_VALUE ) values (1);
INSERT INTO INT_DATATYPE(VALUE1_VALUE ) values (2);
INSERT INTO INT_DATATYPE(VALUE1_VALUE ) values (3);
INSERT INTO INT_DATATYPE(VALUE1_VALUE ) values (4);
INSERT INTO INT_DATATYPE(VALUE1_VALUE ) values (5);


INSERT INTO INT_DATATYPE(VALUE2_VALUE,VALUE2_NULL_FLAVOR ) values (null, null);
INSERT INTO INT_DATATYPE(VALUE2_VALUE,VALUE2_NULL_FLAVOR ) values (null, null);
INSERT INTO INT_DATATYPE(VALUE2_VALUE,VALUE2_NULL_FLAVOR ) values (null, null);
INSERT INTO INT_DATATYPE(VALUE2_VALUE,VALUE2_NULL_FLAVOR ) values (null, null);
INSERT INTO INT_DATATYPE(VALUE2_VALUE,VALUE2_NULL_FLAVOR ) values (null, null);

INSERT INTO INT_DATATYPE(VALUE2_VALUE,VALUE2_NULL_FLAVOR ) values (11, null);
INSERT INTO INT_DATATYPE(VALUE2_VALUE,VALUE2_NULL_FLAVOR ) values (12, null);
INSERT INTO INT_DATATYPE(VALUE2_VALUE,VALUE2_NULL_FLAVOR ) values (13, null);
INSERT INTO INT_DATATYPE(VALUE2_VALUE,VALUE2_NULL_FLAVOR ) values (14, null);
INSERT INTO INT_DATATYPE(VALUE2_VALUE,VALUE2_NULL_FLAVOR ) values (15, null);

INSERT INTO INT_DATATYPE(VALUE2_VALUE,VALUE2_NULL_FLAVOR ) values (21, 'NI');
INSERT INTO INT_DATATYPE(VALUE2_VALUE,VALUE2_NULL_FLAVOR ) values (22, 'NI');
INSERT INTO INT_DATATYPE(VALUE2_VALUE,VALUE2_NULL_FLAVOR ) values (23, 'NI');
INSERT INTO INT_DATATYPE(VALUE2_VALUE,VALUE2_NULL_FLAVOR ) values (24, 'NI');
INSERT INTO INT_DATATYPE(VALUE2_VALUE,VALUE2_NULL_FLAVOR ) values (25, 'NI');


INSERT INTO PQ_DATATYPE(VALUE1_VALUE,VALUE1_UNIT) values (null, null);
INSERT INTO PQ_DATATYPE(VALUE1_VALUE,VALUE1_UNIT) values (null, null);
INSERT INTO PQ_DATATYPE(VALUE1_VALUE,VALUE1_UNIT) values (null, null);
INSERT INTO PQ_DATATYPE(VALUE1_VALUE,VALUE1_UNIT) values (null, null);
INSERT INTO PQ_DATATYPE(VALUE1_VALUE,VALUE1_UNIT) values (null, null);

INSERT INTO PQ_DATATYPE(VALUE1_VALUE,VALUE1_UNIT) values (1.12, null);
INSERT INTO PQ_DATATYPE(VALUE1_VALUE,VALUE1_UNIT) values (2.12, null);
INSERT INTO PQ_DATATYPE(VALUE1_VALUE,VALUE1_UNIT) values (3.12, null);
INSERT INTO PQ_DATATYPE(VALUE1_VALUE,VALUE1_UNIT) values (4.12, null);
INSERT INTO PQ_DATATYPE(VALUE1_VALUE,VALUE1_UNIT) values (5.12, null);

INSERT INTO PQ_DATATYPE(VALUE1_VALUE,VALUE1_UNIT) values (1.12, 'GALLON');
INSERT INTO PQ_DATATYPE(VALUE1_VALUE,VALUE1_UNIT) values (2.12, 'GALLON');
INSERT INTO PQ_DATATYPE(VALUE1_VALUE,VALUE1_UNIT) values (3.12, 'GALLON');
INSERT INTO PQ_DATATYPE(VALUE1_VALUE,VALUE1_UNIT) values (4.12, 'GALLON');
INSERT INTO PQ_DATATYPE(VALUE1_VALUE,VALUE1_UNIT) values (5.12, 'GALLON');

INSERT INTO PQ_DATATYPE(VALUE2_VALUE) values (null);
INSERT INTO PQ_DATATYPE(VALUE2_VALUE) values (null);
INSERT INTO PQ_DATATYPE(VALUE2_VALUE) values (null);
INSERT INTO PQ_DATATYPE(VALUE2_VALUE) values (null);
INSERT INTO PQ_DATATYPE(VALUE2_VALUE) values (null);

INSERT INTO PQ_DATATYPE(VALUE2_VALUE) values (1.23);
INSERT INTO PQ_DATATYPE(VALUE2_VALUE) values (2.23);
INSERT INTO PQ_DATATYPE(VALUE2_VALUE) values (3.23);
INSERT INTO PQ_DATATYPE(VALUE2_VALUE) values (4.23);
INSERT INTO PQ_DATATYPE(VALUE2_VALUE) values (5.23);

INSERT INTO PQ_DATATYPE(VALUE3_VALUE,VALUE3_UNIT,VALUE3_PRECISION,VALUE3_NULL_FLAVOR) values (null,null,null,null);
INSERT INTO PQ_DATATYPE(VALUE3_VALUE,VALUE3_UNIT,VALUE3_PRECISION,VALUE3_NULL_FLAVOR) values (null,null,null,null);
INSERT INTO PQ_DATATYPE(VALUE3_VALUE,VALUE3_UNIT,VALUE3_PRECISION,VALUE3_NULL_FLAVOR) values (null,null,null,null);
INSERT INTO PQ_DATATYPE(VALUE3_VALUE,VALUE3_UNIT,VALUE3_PRECISION,VALUE3_NULL_FLAVOR) values (null,null,null,null);
INSERT INTO PQ_DATATYPE(VALUE3_VALUE,VALUE3_UNIT,VALUE3_PRECISION,VALUE3_NULL_FLAVOR) values (null,null,null,null);

INSERT INTO PQ_DATATYPE(VALUE3_VALUE,VALUE3_UNIT,VALUE3_PRECISION,VALUE3_NULL_FLAVOR) values (1.34,null,null,null);
INSERT INTO PQ_DATATYPE(VALUE3_VALUE,VALUE3_UNIT,VALUE3_PRECISION,VALUE3_NULL_FLAVOR) values (2.34,null,null,null);
INSERT INTO PQ_DATATYPE(VALUE3_VALUE,VALUE3_UNIT,VALUE3_PRECISION,VALUE3_NULL_FLAVOR) values (3.34,null,null,null);
INSERT INTO PQ_DATATYPE(VALUE3_VALUE,VALUE3_UNIT,VALUE3_PRECISION,VALUE3_NULL_FLAVOR) values (4.34,null,null,null);
INSERT INTO PQ_DATATYPE(VALUE3_VALUE,VALUE3_UNIT,VALUE3_PRECISION,VALUE3_NULL_FLAVOR) values (5.34,null,null,null);

INSERT INTO PQ_DATATYPE(VALUE3_VALUE,VALUE3_UNIT,VALUE3_PRECISION,VALUE3_NULL_FLAVOR) values (1.37,'LITER',null,null);
INSERT INTO PQ_DATATYPE(VALUE3_VALUE,VALUE3_UNIT,VALUE3_PRECISION,VALUE3_NULL_FLAVOR) values (2.37,'LITER',null,null);
INSERT INTO PQ_DATATYPE(VALUE3_VALUE,VALUE3_UNIT,VALUE3_PRECISION,VALUE3_NULL_FLAVOR) values (3.37,'LITER',null,null);
INSERT INTO PQ_DATATYPE(VALUE3_VALUE,VALUE3_UNIT,VALUE3_PRECISION,VALUE3_NULL_FLAVOR) values (4.37,'LITER',null,null);
INSERT INTO PQ_DATATYPE(VALUE3_VALUE,VALUE3_UNIT,VALUE3_PRECISION,VALUE3_NULL_FLAVOR) values (5.37,'LITER',null,null);

INSERT INTO PQ_DATATYPE(VALUE3_VALUE,VALUE3_UNIT,VALUE3_PRECISION,VALUE3_NULL_FLAVOR) values (1.38,'LITER',2,null);
INSERT INTO PQ_DATATYPE(VALUE3_VALUE,VALUE3_UNIT,VALUE3_PRECISION,VALUE3_NULL_FLAVOR) values (2.38,'LITER',2,null);
INSERT INTO PQ_DATATYPE(VALUE3_VALUE,VALUE3_UNIT,VALUE3_PRECISION,VALUE3_NULL_FLAVOR) values (3.38,'LITER',2,null);
INSERT INTO PQ_DATATYPE(VALUE3_VALUE,VALUE3_UNIT,VALUE3_PRECISION,VALUE3_NULL_FLAVOR) values (4.38,'LITER',2,null);
INSERT INTO PQ_DATATYPE(VALUE3_VALUE,VALUE3_UNIT,VALUE3_PRECISION,VALUE3_NULL_FLAVOR) values (5.38,'LITER',2,null);

INSERT INTO PQ_DATATYPE(VALUE3_VALUE,VALUE3_UNIT,VALUE3_PRECISION,VALUE3_NULL_FLAVOR) values (1.39,'LITER',2,'NI');
INSERT INTO PQ_DATATYPE(VALUE3_VALUE,VALUE3_UNIT,VALUE3_PRECISION,VALUE3_NULL_FLAVOR) values (2.39,'LITER',2,'NI');
INSERT INTO PQ_DATATYPE(VALUE3_VALUE,VALUE3_UNIT,VALUE3_PRECISION,VALUE3_NULL_FLAVOR) values (3.39,'LITER',2,'NI');
INSERT INTO PQ_DATATYPE(VALUE3_VALUE,VALUE3_UNIT,VALUE3_PRECISION,VALUE3_NULL_FLAVOR) values (4.39,'LITER',2,'NI');
INSERT INTO PQ_DATATYPE(VALUE3_VALUE,VALUE3_UNIT,VALUE3_PRECISION,VALUE3_NULL_FLAVOR) values (5.39,'LITER',2,'NI');


INSERT INTO PQV_DATATYPE(VALUE1_VALUE) values (null);
INSERT INTO PQV_DATATYPE(VALUE1_VALUE) values (null);
INSERT INTO PQV_DATATYPE(VALUE1_VALUE) values (null);
INSERT INTO PQV_DATATYPE(VALUE1_VALUE) values (null);
INSERT INTO PQV_DATATYPE(VALUE1_VALUE) values (null);

INSERT INTO PQV_DATATYPE(VALUE1_VALUE) values (1.11);
INSERT INTO PQV_DATATYPE(VALUE1_VALUE) values (2.11);
INSERT INTO PQV_DATATYPE(VALUE1_VALUE) values (3.11);
INSERT INTO PQV_DATATYPE(VALUE1_VALUE) values (4.11);
INSERT INTO PQV_DATATYPE(VALUE1_VALUE) values (5.11);


INSERT INTO PQV_DATATYPE(VALUE2_VALUE,VALUE2_PRECISION,VALUE2_NULL_FLAVOR) values (null,null,null);
INSERT INTO PQV_DATATYPE(VALUE2_VALUE,VALUE2_PRECISION,VALUE2_NULL_FLAVOR) values (null,null,null);
INSERT INTO PQV_DATATYPE(VALUE2_VALUE,VALUE2_PRECISION,VALUE2_NULL_FLAVOR) values (null,null,null);
INSERT INTO PQV_DATATYPE(VALUE2_VALUE,VALUE2_PRECISION,VALUE2_NULL_FLAVOR) values (null,null,null);
INSERT INTO PQV_DATATYPE(VALUE2_VALUE,VALUE2_PRECISION,VALUE2_NULL_FLAVOR) values (null,null,null);


INSERT INTO PQV_DATATYPE(VALUE2_VALUE,VALUE2_PRECISION,VALUE2_NULL_FLAVOR) values (1.22,null,null);
INSERT INTO PQV_DATATYPE(VALUE2_VALUE,VALUE2_PRECISION,VALUE2_NULL_FLAVOR) values (2.22,null,null);
INSERT INTO PQV_DATATYPE(VALUE2_VALUE,VALUE2_PRECISION,VALUE2_NULL_FLAVOR) values (3.22,null,null);
INSERT INTO PQV_DATATYPE(VALUE2_VALUE,VALUE2_PRECISION,VALUE2_NULL_FLAVOR) values (4.22,null,null);
INSERT INTO PQV_DATATYPE(VALUE2_VALUE,VALUE2_PRECISION,VALUE2_NULL_FLAVOR) values (5.22,null,null);

INSERT INTO PQV_DATATYPE(VALUE2_VALUE,VALUE2_PRECISION,VALUE2_NULL_FLAVOR) values (1.23,2,null);
INSERT INTO PQV_DATATYPE(VALUE2_VALUE,VALUE2_PRECISION,VALUE2_NULL_FLAVOR) values (2.23,2,null);
INSERT INTO PQV_DATATYPE(VALUE2_VALUE,VALUE2_PRECISION,VALUE2_NULL_FLAVOR) values (3.23,2,null);
INSERT INTO PQV_DATATYPE(VALUE2_VALUE,VALUE2_PRECISION,VALUE2_NULL_FLAVOR) values (4.23,2,null);
INSERT INTO PQV_DATATYPE(VALUE2_VALUE,VALUE2_PRECISION,VALUE2_NULL_FLAVOR) values (5.23,2,null);

INSERT INTO PQV_DATATYPE(VALUE2_VALUE,VALUE2_PRECISION,VALUE2_NULL_FLAVOR) values (1.23,2,'NI');
INSERT INTO PQV_DATATYPE(VALUE2_VALUE,VALUE2_PRECISION,VALUE2_NULL_FLAVOR) values (2.23,2,'NI');
INSERT INTO PQV_DATATYPE(VALUE2_VALUE,VALUE2_PRECISION,VALUE2_NULL_FLAVOR) values (3.23,2,'NI');
INSERT INTO PQV_DATATYPE(VALUE2_VALUE,VALUE2_PRECISION,VALUE2_NULL_FLAVOR) values (4.23,2,'NI');
INSERT INTO PQV_DATATYPE(VALUE2_VALUE,VALUE2_PRECISION,VALUE2_NULL_FLAVOR) values (5.23,2,'NI');


INSERT INTO REAL_DATATYPE(VALUE1_VALUE) values (null);
INSERT INTO REAL_DATATYPE(VALUE1_VALUE) values (null);
INSERT INTO REAL_DATATYPE(VALUE1_VALUE) values (null);
INSERT INTO REAL_DATATYPE(VALUE1_VALUE) values (null);
INSERT INTO REAL_DATATYPE(VALUE1_VALUE) values (null);

INSERT INTO REAL_DATATYPE(VALUE1_VALUE) values (1001.15);
INSERT INTO REAL_DATATYPE(VALUE1_VALUE) values (1002.15);
INSERT INTO REAL_DATATYPE(VALUE1_VALUE) values (1003.15);
INSERT INTO REAL_DATATYPE(VALUE1_VALUE) values (1004.15);
INSERT INTO REAL_DATATYPE(VALUE1_VALUE) values (1005.15);

INSERT INTO REAL_DATATYPE(VALUE2_VALUE,VALUE2_NULL_FLAVOR) values (null,null);
INSERT INTO REAL_DATATYPE(VALUE2_VALUE,VALUE2_NULL_FLAVOR) values (null,null);
INSERT INTO REAL_DATATYPE(VALUE2_VALUE,VALUE2_NULL_FLAVOR) values (null,null);
INSERT INTO REAL_DATATYPE(VALUE2_VALUE,VALUE2_NULL_FLAVOR) values (null,null);
INSERT INTO REAL_DATATYPE(VALUE2_VALUE,VALUE2_NULL_FLAVOR) values (null,null);

INSERT INTO REAL_DATATYPE(VALUE2_VALUE,VALUE2_NULL_FLAVOR) values (1101.15,null);
INSERT INTO REAL_DATATYPE(VALUE2_VALUE,VALUE2_NULL_FLAVOR) values (1102.15,null);
INSERT INTO REAL_DATATYPE(VALUE2_VALUE,VALUE2_NULL_FLAVOR) values (1103.15,null);
INSERT INTO REAL_DATATYPE(VALUE2_VALUE,VALUE2_NULL_FLAVOR) values (1004.15,null);
INSERT INTO REAL_DATATYPE(VALUE2_VALUE,VALUE2_NULL_FLAVOR) values (1005.15,null);

INSERT INTO REAL_DATATYPE(VALUE2_VALUE,VALUE2_NULL_FLAVOR) values (1201.15,'NI');
INSERT INTO REAL_DATATYPE(VALUE2_VALUE,VALUE2_NULL_FLAVOR) values (1202.15,'NI');
INSERT INTO REAL_DATATYPE(VALUE2_VALUE,VALUE2_NULL_FLAVOR) values (1203.15,'NI');
INSERT INTO REAL_DATATYPE(VALUE2_VALUE,VALUE2_NULL_FLAVOR) values (1204.15,'NI');
INSERT INTO REAL_DATATYPE(VALUE2_VALUE,VALUE2_NULL_FLAVOR) values (1205.15,'NI');


INSERT INTO TS_DATATYPE(VALUE1_VALUE) values (null);
INSERT INTO TS_DATATYPE(VALUE1_VALUE) values (null);

INSERT INTO TS_DATATYPE(VALUE1_VALUE) values ( DATE('2010-03-11'));
INSERT INTO TS_DATATYPE(VALUE1_VALUE) values (DATE('2010-03-12'));
INSERT INTO TS_DATATYPE(VALUE1_VALUE) values (DATE('2010-03-13'));
INSERT INTO TS_DATATYPE(VALUE1_VALUE) values (DATE('2010-03-14'));
INSERT INTO TS_DATATYPE(VALUE1_VALUE) values (DATE('2010-03-15'));

INSERT INTO TS_DATATYPE(VALUE2_VALUE,VALUE2_NULL_FLAVOR) values (null,null);
INSERT INTO TS_DATATYPE(VALUE2_VALUE,VALUE2_NULL_FLAVOR) values (null,null);
INSERT INTO TS_DATATYPE(VALUE2_VALUE,VALUE2_NULL_FLAVOR) values (null,null);
INSERT INTO TS_DATATYPE(VALUE2_VALUE,VALUE2_NULL_FLAVOR) values (null,null);
INSERT INTO TS_DATATYPE(VALUE2_VALUE,VALUE2_NULL_FLAVOR) values (null,null);

INSERT INTO TS_DATATYPE(VALUE2_VALUE,VALUE2_NULL_FLAVOR) values (DATE( '2010-03-21'),NULL);
INSERT INTO TS_DATATYPE(VALUE2_VALUE,VALUE2_NULL_FLAVOR) values (DATE( '2010-03-22'),NULL);
INSERT INTO TS_DATATYPE(VALUE2_VALUE,VALUE2_NULL_FLAVOR) values (DATE( '2010-03-23'),NULL);
INSERT INTO TS_DATATYPE(VALUE2_VALUE,VALUE2_NULL_FLAVOR) values (DATE( '2010-03-24'),NULL);
INSERT INTO TS_DATATYPE(VALUE2_VALUE,VALUE2_NULL_FLAVOR) values (DATE( '2010-03-25'),NULL);

INSERT INTO TS_DATATYPE(VALUE2_VALUE,VALUE2_NULL_FLAVOR) values (DATE( '2010-03-01'),'NI');
INSERT INTO TS_DATATYPE(VALUE2_VALUE,VALUE2_NULL_FLAVOR) values (DATE( '2010-03-02'),'NI');
INSERT INTO TS_DATATYPE(VALUE2_VALUE,VALUE2_NULL_FLAVOR) values (DATE( '2010-03-03'),'NI');
INSERT INTO TS_DATATYPE(VALUE2_VALUE,VALUE2_NULL_FLAVOR) values (DATE( '2010-03-04'),'NI');
INSERT INTO TS_DATATYPE(VALUE2_VALUE,VALUE2_NULL_FLAVOR) values (DATE( '2010-03-05'),'NI');


INSERT INTO SC_DATATYPE(VALUE1_VALUE) values ( null);
INSERT INTO SC_DATATYPE(VALUE1_VALUE) values ( 'VALUE1_VALUE1');
INSERT INTO SC_DATATYPE(VALUE1_VALUE) values ( 'VALUE1_VALUE2');
INSERT INTO SC_DATATYPE(VALUE1_VALUE) values ( 'VALUE1_VALUE3');
INSERT INTO SC_DATATYPE(VALUE1_VALUE) values ( 'VALUE1_VALUE4');
INSERT INTO SC_DATATYPE(VALUE1_VALUE) values ( 'VALUE1_VALUE5');


INSERT INTO SC_DATATYPE(VALUE2_CODE_CODE,VALUE2_CODE_CODE_SYSTEM,VALUE2_CODE_CODE_SYSTEM_NAME,VALUE2_CODE_CODE_SYSTEM_VER,VALUE2_CODE_NULL_FLAVOR
) values (null,null,null,null,null);
INSERT INTO SC_DATATYPE(VALUE2_CODE_CODE,VALUE2_CODE_CODE_SYSTEM,VALUE2_CODE_CODE_SYSTEM_NAME,VALUE2_CODE_CODE_SYSTEM_VER,VALUE2_CODE_NULL_FLAVOR
) values (null,null,null,null,null);
INSERT INTO SC_DATATYPE(VALUE2_CODE_CODE,VALUE2_CODE_CODE_SYSTEM,VALUE2_CODE_CODE_SYSTEM_NAME,VALUE2_CODE_CODE_SYSTEM_VER,VALUE2_CODE_NULL_FLAVOR
) values (null,null,null,null,null);
INSERT INTO SC_DATATYPE(VALUE2_CODE_CODE,VALUE2_CODE_CODE_SYSTEM,VALUE2_CODE_CODE_SYSTEM_NAME,VALUE2_CODE_CODE_SYSTEM_VER,VALUE2_CODE_NULL_FLAVOR
) values (null,null,null,null,null);
INSERT INTO SC_DATATYPE(VALUE2_CODE_CODE,VALUE2_CODE_CODE_SYSTEM,VALUE2_CODE_CODE_SYSTEM_NAME,VALUE2_CODE_CODE_SYSTEM_VER,VALUE2_CODE_NULL_FLAVOR
) values (null,null,null,null,null);


INSERT INTO SC_DATATYPE(VALUE2_CODE_CODE,VALUE2_CODE_CODE_SYSTEM,VALUE2_CODE_CODE_SYSTEM_NAME,VALUE2_CODE_CODE_SYSTEM_VER,VALUE2_CODE_NULL_FLAVOR
) values ('VALUE2_CODE_CODE1',null,null,null,null);
INSERT INTO SC_DATATYPE(VALUE2_CODE_CODE,VALUE2_CODE_CODE_SYSTEM,VALUE2_CODE_CODE_SYSTEM_NAME,VALUE2_CODE_CODE_SYSTEM_VER,VALUE2_CODE_NULL_FLAVOR
) values ('VALUE2_CODE_CODE2',null,null,null,null);
INSERT INTO SC_DATATYPE(VALUE2_CODE_CODE,VALUE2_CODE_CODE_SYSTEM,VALUE2_CODE_CODE_SYSTEM_NAME,VALUE2_CODE_CODE_SYSTEM_VER,VALUE2_CODE_NULL_FLAVOR
) values ('VALUE2_CODE_CODE3',null,null,null,null);
INSERT INTO SC_DATATYPE(VALUE2_CODE_CODE,VALUE2_CODE_CODE_SYSTEM,VALUE2_CODE_CODE_SYSTEM_NAME,VALUE2_CODE_CODE_SYSTEM_VER,VALUE2_CODE_NULL_FLAVOR
) values ('VALUE2_CODE_CODE4',null,null,null,null);
INSERT INTO SC_DATATYPE(VALUE2_CODE_CODE,VALUE2_CODE_CODE_SYSTEM,VALUE2_CODE_CODE_SYSTEM_NAME,VALUE2_CODE_CODE_SYSTEM_VER,VALUE2_CODE_NULL_FLAVOR
) values ('VALUE2_CODE_CODE5',null,null,null,null);

INSERT INTO SC_DATATYPE(VALUE2_CODE_CODE,VALUE2_CODE_CODE_SYSTEM,VALUE2_CODE_CODE_SYSTEM_NAME,VALUE2_CODE_CODE_SYSTEM_VER,VALUE2_CODE_NULL_FLAVOR
) values ('VALUE2_CODE_CODE1','VALUE2_CODE_CODE_SYSTEM1',null,null,null);
INSERT INTO SC_DATATYPE(VALUE2_CODE_CODE,VALUE2_CODE_CODE_SYSTEM,VALUE2_CODE_CODE_SYSTEM_NAME,VALUE2_CODE_CODE_SYSTEM_VER,VALUE2_CODE_NULL_FLAVOR
) values ('VALUE2_CODE_CODE2','VALUE2_CODE_CODE_SYSTEM2',null,null,null);
INSERT INTO SC_DATATYPE(VALUE2_CODE_CODE,VALUE2_CODE_CODE_SYSTEM,VALUE2_CODE_CODE_SYSTEM_NAME,VALUE2_CODE_CODE_SYSTEM_VER,VALUE2_CODE_NULL_FLAVOR
) values ('VALUE2_CODE_CODE3','VALUE2_CODE_CODE_SYSTEM3',null,null,null);
INSERT INTO SC_DATATYPE(VALUE2_CODE_CODE,VALUE2_CODE_CODE_SYSTEM,VALUE2_CODE_CODE_SYSTEM_NAME,VALUE2_CODE_CODE_SYSTEM_VER,VALUE2_CODE_NULL_FLAVOR
) values ('VALUE2_CODE_CODE4','VALUE2_CODE_CODE_SYSTEM4',null,null,null);
INSERT INTO SC_DATATYPE(VALUE2_CODE_CODE,VALUE2_CODE_CODE_SYSTEM,VALUE2_CODE_CODE_SYSTEM_NAME,VALUE2_CODE_CODE_SYSTEM_VER,VALUE2_CODE_NULL_FLAVOR
) values ('VALUE2_CODE_CODE5','VALUE2_CODE_CODE_SYSTEM5',null,null,null);

INSERT INTO SC_DATATYPE(VALUE2_CODE_CODE,VALUE2_CODE_CODE_SYSTEM,VALUE2_CODE_CODE_SYSTEM_NAME,VALUE2_CODE_CODE_SYSTEM_VER,VALUE2_CODE_NULL_FLAVOR
) values ('VALUE2_CODE_CODE1','VALUE2_CODE_CODE_SYSTEM1','VALUE2_CODE_CODE_SYSTEM_NAME1',null,null );
INSERT INTO SC_DATATYPE(VALUE2_CODE_CODE,VALUE2_CODE_CODE_SYSTEM,VALUE2_CODE_CODE_SYSTEM_NAME,VALUE2_CODE_CODE_SYSTEM_VER,VALUE2_CODE_NULL_FLAVOR
) values ('VALUE2_CODE_CODE2','VALUE2_CODE_CODE_SYSTEM2','VALUE2_CODE_CODE_SYSTEM_NAME2',null,null );
INSERT INTO SC_DATATYPE(VALUE2_CODE_CODE,VALUE2_CODE_CODE_SYSTEM,VALUE2_CODE_CODE_SYSTEM_NAME,VALUE2_CODE_CODE_SYSTEM_VER,VALUE2_CODE_NULL_FLAVOR
) values ('VALUE2_CODE_CODE3','VALUE2_CODE_CODE_SYSTEM3','VALUE2_CODE_CODE_SYSTEM_NAME3',null,null );
INSERT INTO SC_DATATYPE(VALUE2_CODE_CODE,VALUE2_CODE_CODE_SYSTEM,VALUE2_CODE_CODE_SYSTEM_NAME,VALUE2_CODE_CODE_SYSTEM_VER,VALUE2_CODE_NULL_FLAVOR
) values ('VALUE2_CODE_CODE4','VALUE2_CODE_CODE_SYSTEM4','VALUE2_CODE_CODE_SYSTEM_NAME4',null,null );
INSERT INTO SC_DATATYPE(VALUE2_CODE_CODE,VALUE2_CODE_CODE_SYSTEM,VALUE2_CODE_CODE_SYSTEM_NAME,VALUE2_CODE_CODE_SYSTEM_VER,VALUE2_CODE_NULL_FLAVOR
) values ('VALUE2_CODE_CODE5','VALUE2_CODE_CODE_SYSTEM5','VALUE2_CODE_CODE_SYSTEM_NAME5',null,null );

INSERT INTO SC_DATATYPE(VALUE2_CODE_CODE,VALUE2_CODE_CODE_SYSTEM,VALUE2_CODE_CODE_SYSTEM_NAME,VALUE2_CODE_CODE_SYSTEM_VER,VALUE2_CODE_NULL_FLAVOR
) values ('VALUE2_CODE_CODE1','VALUE2_CODE_CODE_SYSTEM1','VALUE2_CODE_CODE_SYSTEM_NAME1','1.1',null );
INSERT INTO SC_DATATYPE(VALUE2_CODE_CODE,VALUE2_CODE_CODE_SYSTEM,VALUE2_CODE_CODE_SYSTEM_NAME,VALUE2_CODE_CODE_SYSTEM_VER,VALUE2_CODE_NULL_FLAVOR
) values ('VALUE2_CODE_CODE2','VALUE2_CODE_CODE_SYSTEM2','VALUE2_CODE_CODE_SYSTEM_NAME2','1.1',null );
INSERT INTO SC_DATATYPE(VALUE2_CODE_CODE,VALUE2_CODE_CODE_SYSTEM,VALUE2_CODE_CODE_SYSTEM_NAME,VALUE2_CODE_CODE_SYSTEM_VER,VALUE2_CODE_NULL_FLAVOR
) values ('VALUE2_CODE_CODE3','VALUE2_CODE_CODE_SYSTEM3','VALUE2_CODE_CODE_SYSTEM_NAME3','1.1',null );
INSERT INTO SC_DATATYPE(VALUE2_CODE_CODE,VALUE2_CODE_CODE_SYSTEM,VALUE2_CODE_CODE_SYSTEM_NAME,VALUE2_CODE_CODE_SYSTEM_VER,VALUE2_CODE_NULL_FLAVOR
) values ('VALUE2_CODE_CODE4','VALUE2_CODE_CODE_SYSTEM4','VALUE2_CODE_CODE_SYSTEM_NAME4','1.1',null );
INSERT INTO SC_DATATYPE(VALUE2_CODE_CODE,VALUE2_CODE_CODE_SYSTEM,VALUE2_CODE_CODE_SYSTEM_NAME,VALUE2_CODE_CODE_SYSTEM_VER,VALUE2_CODE_NULL_FLAVOR
) values ('VALUE2_CODE_CODE5','VALUE2_CODE_CODE_SYSTEM5','VALUE2_CODE_CODE_SYSTEM_NAME5','1.1',null );


INSERT INTO SC_DATATYPE(VALUE2_CODE_CODE,VALUE2_CODE_CODE_SYSTEM,VALUE2_CODE_CODE_SYSTEM_NAME,VALUE2_CODE_CODE_SYSTEM_VER,VALUE2_CODE_NULL_FLAVOR
) values ('VALUE2_CODE_CODE1','VALUE2_CODE_CODE_SYSTEM1','VALUE2_CODE_CODE_SYSTEM_NAME1','1.1','NI' );
INSERT INTO SC_DATATYPE(VALUE2_CODE_CODE,VALUE2_CODE_CODE_SYSTEM,VALUE2_CODE_CODE_SYSTEM_NAME,VALUE2_CODE_CODE_SYSTEM_VER,VALUE2_CODE_NULL_FLAVOR
) values ('VALUE2_CODE_CODE2','VALUE2_CODE_CODE_SYSTEM2','VALUE2_CODE_CODE_SYSTEM_NAME2','1.1','NI' );
INSERT INTO SC_DATATYPE(VALUE2_CODE_CODE,VALUE2_CODE_CODE_SYSTEM,VALUE2_CODE_CODE_SYSTEM_NAME,VALUE2_CODE_CODE_SYSTEM_VER,VALUE2_CODE_NULL_FLAVOR
) values ('VALUE2_CODE_CODE3','VALUE2_CODE_CODE_SYSTEM3','VALUE2_CODE_CODE_SYSTEM_NAME3','1.1','NI' );
INSERT INTO SC_DATATYPE(VALUE2_CODE_CODE,VALUE2_CODE_CODE_SYSTEM,VALUE2_CODE_CODE_SYSTEM_NAME,VALUE2_CODE_CODE_SYSTEM_VER,VALUE2_CODE_NULL_FLAVOR
) values ('VALUE2_CODE_CODE4','VALUE2_CODE_CODE_SYSTEM4','VALUE2_CODE_CODE_SYSTEM_NAME4','1.1','NI' );
INSERT INTO SC_DATATYPE(VALUE2_CODE_CODE,VALUE2_CODE_CODE_SYSTEM,VALUE2_CODE_CODE_SYSTEM_NAME,VALUE2_CODE_CODE_SYSTEM_VER,VALUE2_CODE_NULL_FLAVOR
) values ('VALUE2_CODE_CODE5','VALUE2_CODE_CODE_SYSTEM5','VALUE2_CODE_CODE_SYSTEM_NAME5','1.1','NI' );




INSERT INTO SC_DATATYPE(VALUE3_CODE_CODE,VALUE3_CODE_CODE_SYSTEM,VALUE3_CODE_CODE_SYSTEM_NAME,
	   VALUE3_CODE_CODE_SYSTEM_VER,VALUE3_CODE_DISPLAY_NFLAVOR,VALUE3_CODE_DISPLAY_VALUE,VALUE3_CODE_ORIG_TXT_NFLAVOR,VALUE3_CODE_ORIG_TXT_COMPRESS,
	   VALUE3_CODE_ORIG_TXT_DATA,VALUE3_CODE_ORIG_TXT_DESC,VALUE3_CODE_ORIG_TXT_VALUE,VALUE3_CODE_NULL_FLAVOR
	   ) values (null,null,null,null,null,null,null,null,null,null,null,null );
INSERT INTO SC_DATATYPE(VALUE3_CODE_CODE,VALUE3_CODE_CODE_SYSTEM,VALUE3_CODE_CODE_SYSTEM_NAME,
	   VALUE3_CODE_CODE_SYSTEM_VER,VALUE3_CODE_DISPLAY_NFLAVOR,VALUE3_CODE_DISPLAY_VALUE,VALUE3_CODE_ORIG_TXT_NFLAVOR,VALUE3_CODE_ORIG_TXT_COMPRESS,
	   VALUE3_CODE_ORIG_TXT_DATA,VALUE3_CODE_ORIG_TXT_DESC,VALUE3_CODE_ORIG_TXT_VALUE,VALUE3_CODE_NULL_FLAVOR
	   ) values ('VALUE3_CODE_CODE1',null,null,null,null,null,null,null,null,null,null,null );
INSERT INTO SC_DATATYPE(VALUE3_CODE_CODE,VALUE3_CODE_CODE_SYSTEM,VALUE3_CODE_CODE_SYSTEM_NAME,
	   VALUE3_CODE_CODE_SYSTEM_VER,VALUE3_CODE_DISPLAY_NFLAVOR,VALUE3_CODE_DISPLAY_VALUE,VALUE3_CODE_ORIG_TXT_NFLAVOR,VALUE3_CODE_ORIG_TXT_COMPRESS,
	   VALUE3_CODE_ORIG_TXT_DATA,VALUE3_CODE_ORIG_TXT_DESC,VALUE3_CODE_ORIG_TXT_VALUE,VALUE3_CODE_NULL_FLAVOR
	   ) values ('VALUE3_CODE_CODE2',null,null,null,null,null,null,null,null,null,null,null );
INSERT INTO SC_DATATYPE(VALUE3_CODE_CODE,VALUE3_CODE_CODE_SYSTEM,VALUE3_CODE_CODE_SYSTEM_NAME,
	   VALUE3_CODE_CODE_SYSTEM_VER,VALUE3_CODE_DISPLAY_NFLAVOR,VALUE3_CODE_DISPLAY_VALUE,VALUE3_CODE_ORIG_TXT_NFLAVOR,VALUE3_CODE_ORIG_TXT_COMPRESS,
	   VALUE3_CODE_ORIG_TXT_DATA,VALUE3_CODE_ORIG_TXT_DESC,VALUE3_CODE_ORIG_TXT_VALUE,VALUE3_CODE_NULL_FLAVOR
	   ) values ('VALUE3_CODE_CODE3',null,null,null,null,null,null,null,null,null,null,null );
INSERT INTO SC_DATATYPE(VALUE3_CODE_CODE,VALUE3_CODE_CODE_SYSTEM,VALUE3_CODE_CODE_SYSTEM_NAME,
	   VALUE3_CODE_CODE_SYSTEM_VER,VALUE3_CODE_DISPLAY_NFLAVOR,VALUE3_CODE_DISPLAY_VALUE,VALUE3_CODE_ORIG_TXT_NFLAVOR,VALUE3_CODE_ORIG_TXT_COMPRESS,
	   VALUE3_CODE_ORIG_TXT_DATA,VALUE3_CODE_ORIG_TXT_DESC,VALUE3_CODE_ORIG_TXT_VALUE,VALUE3_CODE_NULL_FLAVOR
	   ) values ('VALUE3_CODE_CODE4',null,null,null,null,null,null,null,null,null,null,null );
INSERT INTO SC_DATATYPE(VALUE3_CODE_CODE,VALUE3_CODE_CODE_SYSTEM,VALUE3_CODE_CODE_SYSTEM_NAME,
	   VALUE3_CODE_CODE_SYSTEM_VER,VALUE3_CODE_DISPLAY_NFLAVOR,VALUE3_CODE_DISPLAY_VALUE,VALUE3_CODE_ORIG_TXT_NFLAVOR,VALUE3_CODE_ORIG_TXT_COMPRESS,
	   VALUE3_CODE_ORIG_TXT_DATA,VALUE3_CODE_ORIG_TXT_DESC,VALUE3_CODE_ORIG_TXT_VALUE,VALUE3_CODE_NULL_FLAVOR
	   ) values ('VALUE3_CODE_CODE5',null,null,null,null,null,null,null,null,null,null,null );

INSERT INTO SC_DATATYPE(VALUE3_CODE_CODE,VALUE3_CODE_CODE_SYSTEM,VALUE3_CODE_CODE_SYSTEM_NAME,
	   VALUE3_CODE_CODE_SYSTEM_VER,VALUE3_CODE_DISPLAY_NFLAVOR,VALUE3_CODE_DISPLAY_VALUE,VALUE3_CODE_ORIG_TXT_NFLAVOR,VALUE3_CODE_ORIG_TXT_COMPRESS,
	   VALUE3_CODE_ORIG_TXT_DATA,VALUE3_CODE_ORIG_TXT_DESC,VALUE3_CODE_ORIG_TXT_VALUE,VALUE3_CODE_NULL_FLAVOR
	   ) values ('VALUE3_CODE_CODE1','VALUE3_CODE_CODE_SYSTEM1',null,null,null,null,null,null,null,null,null,null );
INSERT INTO SC_DATATYPE(VALUE3_CODE_CODE,VALUE3_CODE_CODE_SYSTEM,VALUE3_CODE_CODE_SYSTEM_NAME,
	   VALUE3_CODE_CODE_SYSTEM_VER,VALUE3_CODE_DISPLAY_NFLAVOR,VALUE3_CODE_DISPLAY_VALUE,VALUE3_CODE_ORIG_TXT_NFLAVOR,VALUE3_CODE_ORIG_TXT_COMPRESS,
	   VALUE3_CODE_ORIG_TXT_DATA,VALUE3_CODE_ORIG_TXT_DESC,VALUE3_CODE_ORIG_TXT_VALUE,VALUE3_CODE_NULL_FLAVOR
	   ) values ('VALUE3_CODE_CODE2','VALUE3_CODE_CODE_SYSTEM2','VALUE3_CODE_CODE_SYSTEM_NAME',
	   null,null,null,null,null,null,null,null,null );
INSERT INTO SC_DATATYPE(VALUE3_CODE_CODE,VALUE3_CODE_CODE_SYSTEM,VALUE3_CODE_CODE_SYSTEM_NAME,
	   VALUE3_CODE_CODE_SYSTEM_VER,VALUE3_CODE_DISPLAY_NFLAVOR,VALUE3_CODE_DISPLAY_VALUE,VALUE3_CODE_ORIG_TXT_NFLAVOR,VALUE3_CODE_ORIG_TXT_COMPRESS,
	   VALUE3_CODE_ORIG_TXT_DATA,VALUE3_CODE_ORIG_TXT_DESC,VALUE3_CODE_ORIG_TXT_VALUE,VALUE3_CODE_NULL_FLAVOR
	   ) values ('VALUE3_CODE_CODE3','VALUE3_CODE_CODE_SYSTEM3','VALUE3_CODE_CODE_SYSTEM_NAME',
	   null,null,null,null,null,null,null,null,null );
INSERT INTO SC_DATATYPE(VALUE3_CODE_CODE,VALUE3_CODE_CODE_SYSTEM,VALUE3_CODE_CODE_SYSTEM_NAME,
	   VALUE3_CODE_CODE_SYSTEM_VER,VALUE3_CODE_DISPLAY_NFLAVOR,VALUE3_CODE_DISPLAY_VALUE,VALUE3_CODE_ORIG_TXT_NFLAVOR,VALUE3_CODE_ORIG_TXT_COMPRESS,
	   VALUE3_CODE_ORIG_TXT_DATA,VALUE3_CODE_ORIG_TXT_DESC,VALUE3_CODE_ORIG_TXT_VALUE,VALUE3_CODE_NULL_FLAVOR
	   ) values ('VALUE3_CODE_CODE4','VALUE3_CODE_CODE_SYSTEM4','VALUE3_CODE_CODE_SYSTEM_NAME',
	   null,null,null,null,null,null,null,null,null );
INSERT INTO SC_DATATYPE(VALUE3_CODE_CODE,VALUE3_CODE_CODE_SYSTEM,VALUE3_CODE_CODE_SYSTEM_NAME,
	   VALUE3_CODE_CODE_SYSTEM_VER,VALUE3_CODE_DISPLAY_NFLAVOR,VALUE3_CODE_DISPLAY_VALUE,VALUE3_CODE_ORIG_TXT_NFLAVOR,VALUE3_CODE_ORIG_TXT_COMPRESS,
	   VALUE3_CODE_ORIG_TXT_DATA,VALUE3_CODE_ORIG_TXT_DESC,VALUE3_CODE_ORIG_TXT_VALUE,VALUE3_CODE_NULL_FLAVOR
	   ) values ('VALUE3_CODE_CODE5','VALUE3_CODE_CODE_SYSTEM5','VALUE3_CODE_CODE_SYSTEM_NAME',
	   null,null,null,null,null,null,null,null,null );


INSERT INTO SC_DATATYPE(VALUE3_CODE_CODE,VALUE3_CODE_CODE_SYSTEM,VALUE3_CODE_CODE_SYSTEM_NAME,
	   VALUE3_CODE_CODE_SYSTEM_VER,VALUE3_CODE_DISPLAY_NFLAVOR,VALUE3_CODE_DISPLAY_VALUE,VALUE3_CODE_ORIG_TXT_NFLAVOR,VALUE3_CODE_ORIG_TXT_COMPRESS,
	   VALUE3_CODE_ORIG_TXT_DATA,VALUE3_CODE_ORIG_TXT_DESC,VALUE3_CODE_ORIG_TXT_VALUE,VALUE3_CODE_NULL_FLAVOR
	   ) values ('VALUE3_CODE_CODE1','VALUE3_CODE_CODE_SYSTEM1','VALUE3_CODE_CODE_SYSTEM_NAME1',
	   'VALUE3_CODE_CODE_SYSTEM_VER1',null,null,null,null,null,null,null,null );
INSERT INTO SC_DATATYPE(VALUE3_CODE_CODE,VALUE3_CODE_CODE_SYSTEM,VALUE3_CODE_CODE_SYSTEM_NAME,
	   VALUE3_CODE_CODE_SYSTEM_VER,VALUE3_CODE_DISPLAY_NFLAVOR,VALUE3_CODE_DISPLAY_VALUE,VALUE3_CODE_ORIG_TXT_NFLAVOR,VALUE3_CODE_ORIG_TXT_COMPRESS,
	   VALUE3_CODE_ORIG_TXT_DATA,VALUE3_CODE_ORIG_TXT_DESC,VALUE3_CODE_ORIG_TXT_VALUE,VALUE3_CODE_NULL_FLAVOR
	   ) values ('VALUE3_CODE_CODE2','VALUE3_CODE_CODE_SYSTEM2','VALUE3_CODE_CODE_SYSTEM_NAME2',
	   'VALUE3_CODE_CODE_SYSTEM_VER2',null,null,null,null,null,null,null,null );
INSERT INTO SC_DATATYPE(VALUE3_CODE_CODE,VALUE3_CODE_CODE_SYSTEM,VALUE3_CODE_CODE_SYSTEM_NAME,
	   VALUE3_CODE_CODE_SYSTEM_VER,VALUE3_CODE_DISPLAY_NFLAVOR,VALUE3_CODE_DISPLAY_VALUE,VALUE3_CODE_ORIG_TXT_NFLAVOR,VALUE3_CODE_ORIG_TXT_COMPRESS,
	   VALUE3_CODE_ORIG_TXT_DATA,VALUE3_CODE_ORIG_TXT_DESC,VALUE3_CODE_ORIG_TXT_VALUE,VALUE3_CODE_NULL_FLAVOR
	   ) values ('VALUE3_CODE_CODE3','VALUE3_CODE_CODE_SYSTEM3','VALUE3_CODE_CODE_SYSTEM_NAME3',
	   'VALUE3_CODE_CODE_SYSTEM_VER3',null,null,null,null,null,null,null,null );
INSERT INTO SC_DATATYPE(VALUE3_CODE_CODE,VALUE3_CODE_CODE_SYSTEM,VALUE3_CODE_CODE_SYSTEM_NAME,
	   VALUE3_CODE_CODE_SYSTEM_VER,VALUE3_CODE_DISPLAY_NFLAVOR,VALUE3_CODE_DISPLAY_VALUE,VALUE3_CODE_ORIG_TXT_NFLAVOR,VALUE3_CODE_ORIG_TXT_COMPRESS,
	   VALUE3_CODE_ORIG_TXT_DATA,VALUE3_CODE_ORIG_TXT_DESC,VALUE3_CODE_ORIG_TXT_VALUE,VALUE3_CODE_NULL_FLAVOR
	   ) values ('VALUE3_CODE_CODE4','VALUE3_CODE_CODE_SYSTEM4','VALUE3_CODE_CODE_SYSTEM_NAME4',
	   'VALUE3_CODE_CODE_SYSTEM_VER4',null,null,null,null,null,null,null,null );
INSERT INTO SC_DATATYPE(VALUE3_CODE_CODE,VALUE3_CODE_CODE_SYSTEM,VALUE3_CODE_CODE_SYSTEM_NAME,
	   VALUE3_CODE_CODE_SYSTEM_VER,VALUE3_CODE_DISPLAY_NFLAVOR,VALUE3_CODE_DISPLAY_VALUE,VALUE3_CODE_ORIG_TXT_NFLAVOR,VALUE3_CODE_ORIG_TXT_COMPRESS,
	   VALUE3_CODE_ORIG_TXT_DATA,VALUE3_CODE_ORIG_TXT_DESC,VALUE3_CODE_ORIG_TXT_VALUE,VALUE3_CODE_NULL_FLAVOR
	   ) values ('VALUE3_CODE_CODE5','VALUE3_CODE_CODE_SYSTEM5','VALUE3_CODE_CODE_SYSTEM_NAME5',
	   'VALUE3_CODE_CODE_SYSTEM_VER5',null,null,null,null,null,null,null,null );



INSERT INTO SC_DATATYPE(VALUE3_CODE_CODE,VALUE3_CODE_CODE_SYSTEM,VALUE3_CODE_CODE_SYSTEM_NAME,
	   VALUE3_CODE_CODE_SYSTEM_VER,VALUE3_CODE_DISPLAY_NFLAVOR,VALUE3_CODE_DISPLAY_VALUE,VALUE3_CODE_ORIG_TXT_NFLAVOR,VALUE3_CODE_ORIG_TXT_COMPRESS,
	   VALUE3_CODE_ORIG_TXT_DATA,VALUE3_CODE_ORIG_TXT_DESC,VALUE3_CODE_ORIG_TXT_VALUE,VALUE3_CODE_NULL_FLAVOR
	   ) values ('VALUE3_CODE_CODE1','VALUE3_CODE_CODE_SYSTEM1','VALUE3_CODE_CODE_SYSTEM_NAME1',
	   'VALUE3_CODE_CODE_SYSTEM_VER1','NI',null,null,null,null,null,null,null );
INSERT INTO SC_DATATYPE(VALUE3_CODE_CODE,VALUE3_CODE_CODE_SYSTEM,VALUE3_CODE_CODE_SYSTEM_NAME,
	   VALUE3_CODE_CODE_SYSTEM_VER,VALUE3_CODE_DISPLAY_NFLAVOR,VALUE3_CODE_DISPLAY_VALUE,VALUE3_CODE_ORIG_TXT_NFLAVOR,VALUE3_CODE_ORIG_TXT_COMPRESS,
	   VALUE3_CODE_ORIG_TXT_DATA,VALUE3_CODE_ORIG_TXT_DESC,VALUE3_CODE_ORIG_TXT_VALUE,VALUE3_CODE_NULL_FLAVOR
	   ) values ('VALUE3_CODE_CODE2','VALUE3_CODE_CODE_SYSTEM2','VALUE3_CODE_CODE_SYSTEM_NAME2',
	   'VALUE3_CODE_CODE_SYSTEM_VER2','NI',null,null,null,null,null,null,null );
INSERT INTO SC_DATATYPE(VALUE3_CODE_CODE,VALUE3_CODE_CODE_SYSTEM,VALUE3_CODE_CODE_SYSTEM_NAME,
	   VALUE3_CODE_CODE_SYSTEM_VER,VALUE3_CODE_DISPLAY_NFLAVOR,VALUE3_CODE_DISPLAY_VALUE,VALUE3_CODE_ORIG_TXT_NFLAVOR,VALUE3_CODE_ORIG_TXT_COMPRESS,
	   VALUE3_CODE_ORIG_TXT_DATA,VALUE3_CODE_ORIG_TXT_DESC,VALUE3_CODE_ORIG_TXT_VALUE,VALUE3_CODE_NULL_FLAVOR
	   ) values ('VALUE3_CODE_CODE3','VALUE3_CODE_CODE_SYSTEM3','VALUE3_CODE_CODE_SYSTEM_NAME3',
	   'VALUE3_CODE_CODE_SYSTEM_VER3','NI',null,null,null,null,null,null,null );
INSERT INTO SC_DATATYPE(VALUE3_CODE_CODE,VALUE3_CODE_CODE_SYSTEM,VALUE3_CODE_CODE_SYSTEM_NAME,
	   VALUE3_CODE_CODE_SYSTEM_VER,VALUE3_CODE_DISPLAY_NFLAVOR,VALUE3_CODE_DISPLAY_VALUE,VALUE3_CODE_ORIG_TXT_NFLAVOR,VALUE3_CODE_ORIG_TXT_COMPRESS,
	   VALUE3_CODE_ORIG_TXT_DATA,VALUE3_CODE_ORIG_TXT_DESC,VALUE3_CODE_ORIG_TXT_VALUE,VALUE3_CODE_NULL_FLAVOR
	   ) values ('VALUE3_CODE_CODE4','VALUE3_CODE_CODE_SYSTEM4','VALUE3_CODE_CODE_SYSTEM_NAME4',
	   'VALUE3_CODE_CODE_SYSTEM_VER4','NI',null,null,null,null,null,null,null );
INSERT INTO SC_DATATYPE(VALUE3_CODE_CODE,VALUE3_CODE_CODE_SYSTEM,VALUE3_CODE_CODE_SYSTEM_NAME,
	   VALUE3_CODE_CODE_SYSTEM_VER,VALUE3_CODE_DISPLAY_NFLAVOR,VALUE3_CODE_DISPLAY_VALUE,VALUE3_CODE_ORIG_TXT_NFLAVOR,VALUE3_CODE_ORIG_TXT_COMPRESS,
	   VALUE3_CODE_ORIG_TXT_DATA,VALUE3_CODE_ORIG_TXT_DESC,VALUE3_CODE_ORIG_TXT_VALUE,VALUE3_CODE_NULL_FLAVOR
	   ) values ('VALUE3_CODE_CODE5','VALUE3_CODE_CODE_SYSTEM5','VALUE3_CODE_CODE_SYSTEM_NAME5',
	   'VALUE3_CODE_CODE_SYSTEM_VER5','NI',null,null,null,null,null,null,null );



INSERT INTO SC_DATATYPE(VALUE3_CODE_CODE,VALUE3_CODE_CODE_SYSTEM,VALUE3_CODE_CODE_SYSTEM_NAME,
	   VALUE3_CODE_CODE_SYSTEM_VER,VALUE3_CODE_DISPLAY_NFLAVOR,VALUE3_CODE_DISPLAY_VALUE,VALUE3_CODE_ORIG_TXT_NFLAVOR,VALUE3_CODE_ORIG_TXT_COMPRESS,
	   VALUE3_CODE_ORIG_TXT_DATA,VALUE3_CODE_ORIG_TXT_DESC,VALUE3_CODE_ORIG_TXT_VALUE,VALUE3_CODE_NULL_FLAVOR
	   ) values ('VALUE3_CODE_CODE1','VALUE3_CODE_CODE_SYSTEM1','VALUE3_CODE_CODE_SYSTEM_NAME1',
	   'VALUE3_CODE_CODE_SYSTEM_VER','NI','VALUE3_CODE_DISPLAY_VALUE',null,null,null,null,null,null );
INSERT INTO SC_DATATYPE(VALUE3_CODE_CODE,VALUE3_CODE_CODE_SYSTEM,VALUE3_CODE_CODE_SYSTEM_NAME,
	   VALUE3_CODE_CODE_SYSTEM_VER,VALUE3_CODE_DISPLAY_NFLAVOR,VALUE3_CODE_DISPLAY_VALUE,VALUE3_CODE_ORIG_TXT_NFLAVOR,VALUE3_CODE_ORIG_TXT_COMPRESS,
	   VALUE3_CODE_ORIG_TXT_DATA,VALUE3_CODE_ORIG_TXT_DESC,VALUE3_CODE_ORIG_TXT_VALUE,VALUE3_CODE_NULL_FLAVOR
	   ) values ('VALUE3_CODE_CODE2','VALUE3_CODE_CODE_SYSTEM2','VALUE3_CODE_CODE_SYSTEM_NAME2',
	   'VALUE3_CODE_CODE_SYSTEM_VER','NI','VALUE3_CODE_DISPLAY_VALUE',null,null,null,null,null,null );
INSERT INTO SC_DATATYPE(VALUE3_CODE_CODE,VALUE3_CODE_CODE_SYSTEM,VALUE3_CODE_CODE_SYSTEM_NAME,
	   VALUE3_CODE_CODE_SYSTEM_VER,VALUE3_CODE_DISPLAY_NFLAVOR,VALUE3_CODE_DISPLAY_VALUE,VALUE3_CODE_ORIG_TXT_NFLAVOR,VALUE3_CODE_ORIG_TXT_COMPRESS,
	   VALUE3_CODE_ORIG_TXT_DATA,VALUE3_CODE_ORIG_TXT_DESC,VALUE3_CODE_ORIG_TXT_VALUE,VALUE3_CODE_NULL_FLAVOR
	   ) values ('VALUE3_CODE_CODE3','VALUE3_CODE_CODE_SYSTEM3','VALUE3_CODE_CODE_SYSTEM_NAME3',
	   'VALUE3_CODE_CODE_SYSTEM_VER','NI','VALUE3_CODE_DISPLAY_VALUE',null,null,null,null,null,null );
INSERT INTO SC_DATATYPE(VALUE3_CODE_CODE,VALUE3_CODE_CODE_SYSTEM,VALUE3_CODE_CODE_SYSTEM_NAME,
	   VALUE3_CODE_CODE_SYSTEM_VER,VALUE3_CODE_DISPLAY_NFLAVOR,VALUE3_CODE_DISPLAY_VALUE,VALUE3_CODE_ORIG_TXT_NFLAVOR,VALUE3_CODE_ORIG_TXT_COMPRESS,
	   VALUE3_CODE_ORIG_TXT_DATA,VALUE3_CODE_ORIG_TXT_DESC,VALUE3_CODE_ORIG_TXT_VALUE,VALUE3_CODE_NULL_FLAVOR
	   ) values ('VALUE3_CODE_CODE4','VALUE3_CODE_CODE_SYSTEM4','VALUE3_CODE_CODE_SYSTEM_NAME4',
	   'VALUE3_CODE_CODE_SYSTEM_VER','NI','VALUE3_CODE_DISPLAY_VALUE',null,null,null,null,null,null );
INSERT INTO SC_DATATYPE(VALUE3_CODE_CODE,VALUE3_CODE_CODE_SYSTEM,VALUE3_CODE_CODE_SYSTEM_NAME,
	   VALUE3_CODE_CODE_SYSTEM_VER,VALUE3_CODE_DISPLAY_NFLAVOR,VALUE3_CODE_DISPLAY_VALUE,VALUE3_CODE_ORIG_TXT_NFLAVOR,VALUE3_CODE_ORIG_TXT_COMPRESS,
	   VALUE3_CODE_ORIG_TXT_DATA,VALUE3_CODE_ORIG_TXT_DESC,VALUE3_CODE_ORIG_TXT_VALUE,VALUE3_CODE_NULL_FLAVOR
	   ) values ('VALUE3_CODE_CODE5','VALUE3_CODE_CODE_SYSTEM5','VALUE3_CODE_CODE_SYSTEM_NAME5',
	   'VALUE3_CODE_CODE_SYSTEM_VER','NI','VALUE3_CODE_DISPLAY_VALUE',null,null,null,null,null,null );



INSERT INTO SC_DATATYPE(VALUE3_CODE_CODE,VALUE3_CODE_CODE_SYSTEM,VALUE3_CODE_CODE_SYSTEM_NAME,
	   VALUE3_CODE_CODE_SYSTEM_VER,VALUE3_CODE_DISPLAY_NFLAVOR,VALUE3_CODE_DISPLAY_VALUE,VALUE3_CODE_ORIG_TXT_NFLAVOR,VALUE3_CODE_ORIG_TXT_COMPRESS,
	   VALUE3_CODE_ORIG_TXT_DATA,VALUE3_CODE_ORIG_TXT_DESC,VALUE3_CODE_ORIG_TXT_VALUE,VALUE3_CODE_NULL_FLAVOR
	   ) values ('VALUE3_CODE_CODE31','VALUE3_CODE_CODE_SYSTEM31','VALUE3_CODE_CODE_SYSTEM_NAME31',
	   'VALUE3_CODE_CODE_SYSTEM_VER31','NI','VALUE3_CODE_DISPLAY_VALUE31','NI',null,
	   null,null,null,null );
INSERT INTO SC_DATATYPE(VALUE3_CODE_CODE,VALUE3_CODE_CODE_SYSTEM,VALUE3_CODE_CODE_SYSTEM_NAME,
	   VALUE3_CODE_CODE_SYSTEM_VER,VALUE3_CODE_DISPLAY_NFLAVOR,VALUE3_CODE_DISPLAY_VALUE,VALUE3_CODE_ORIG_TXT_NFLAVOR,VALUE3_CODE_ORIG_TXT_COMPRESS,
	   VALUE3_CODE_ORIG_TXT_DATA,VALUE3_CODE_ORIG_TXT_DESC,VALUE3_CODE_ORIG_TXT_VALUE,VALUE3_CODE_NULL_FLAVOR
	   ) values ('VALUE3_CODE_CODE32','VALUE3_CODE_CODE_SYSTEM32','VALUE3_CODE_CODE_SYSTEM_NAME32',
	   'VALUE3_CODE_CODE_SYSTEM_VER32','NI','VALUE3_CODE_DISPLAY_VALUE32','NI',null,
	   null,null,null,null );
INSERT INTO SC_DATATYPE(VALUE3_CODE_CODE,VALUE3_CODE_CODE_SYSTEM,VALUE3_CODE_CODE_SYSTEM_NAME,
	   VALUE3_CODE_CODE_SYSTEM_VER,VALUE3_CODE_DISPLAY_NFLAVOR,VALUE3_CODE_DISPLAY_VALUE,VALUE3_CODE_ORIG_TXT_NFLAVOR,VALUE3_CODE_ORIG_TXT_COMPRESS,
	   VALUE3_CODE_ORIG_TXT_DATA,VALUE3_CODE_ORIG_TXT_DESC,VALUE3_CODE_ORIG_TXT_VALUE,VALUE3_CODE_NULL_FLAVOR
	   ) values ('VALUE3_CODE_CODE33','VALUE3_CODE_CODE_SYSTEM33','VALUE3_CODE_CODE_SYSTEM_NAME33',
	   'VALUE3_CODE_CODE_SYSTEM_VER33','NI','VALUE3_CODE_DISPLAY_VALUE33','NI',null,
	   null,null,null,null );
INSERT INTO SC_DATATYPE(VALUE3_CODE_CODE,VALUE3_CODE_CODE_SYSTEM,VALUE3_CODE_CODE_SYSTEM_NAME,
	   VALUE3_CODE_CODE_SYSTEM_VER,VALUE3_CODE_DISPLAY_NFLAVOR,VALUE3_CODE_DISPLAY_VALUE,VALUE3_CODE_ORIG_TXT_NFLAVOR,VALUE3_CODE_ORIG_TXT_COMPRESS,
	   VALUE3_CODE_ORIG_TXT_DATA,VALUE3_CODE_ORIG_TXT_DESC,VALUE3_CODE_ORIG_TXT_VALUE,VALUE3_CODE_NULL_FLAVOR
	   ) values ('VALUE3_CODE_CODE34','VALUE3_CODE_CODE_SYSTEM34','VALUE3_CODE_CODE_SYSTEM_NAME34',
	   'VALUE3_CODE_CODE_SYSTEM_VER34','NI','VALUE3_CODE_DISPLAY_VALUE34','NI',null,
	   null,null,null,null );
INSERT INTO SC_DATATYPE(VALUE3_CODE_CODE,VALUE3_CODE_CODE_SYSTEM,VALUE3_CODE_CODE_SYSTEM_NAME,
	   VALUE3_CODE_CODE_SYSTEM_VER,VALUE3_CODE_DISPLAY_NFLAVOR,VALUE3_CODE_DISPLAY_VALUE,VALUE3_CODE_ORIG_TXT_NFLAVOR,VALUE3_CODE_ORIG_TXT_COMPRESS,
	   VALUE3_CODE_ORIG_TXT_DATA,VALUE3_CODE_ORIG_TXT_DESC,VALUE3_CODE_ORIG_TXT_VALUE,VALUE3_CODE_NULL_FLAVOR
	   ) values ('VALUE3_CODE_CODE35','VALUE3_CODE_CODE_SYSTEM35','VALUE3_CODE_CODE_SYSTEM_NAME35',
	   'VALUE3_CODE_CODE_SYSTEM_VER35','NI','VALUE3_CODE_DISPLAY_VALUE35','NI',null,
	   null,null,null,null );


INSERT INTO SC_DATATYPE(VALUE3_CODE_CODE,VALUE3_CODE_CODE_SYSTEM,VALUE3_CODE_CODE_SYSTEM_NAME,
	   VALUE3_CODE_CODE_SYSTEM_VER,VALUE3_CODE_DISPLAY_NFLAVOR,VALUE3_CODE_DISPLAY_VALUE,VALUE3_CODE_ORIG_TXT_NFLAVOR,VALUE3_CODE_ORIG_TXT_COMPRESS,
	   VALUE3_CODE_ORIG_TXT_DATA,VALUE3_CODE_ORIG_TXT_DESC,VALUE3_CODE_ORIG_TXT_VALUE,VALUE3_CODE_NULL_FLAVOR
	   ) values ('VALUE3_CODE_CODE31','VALUE3_CODE_CODE_SYSTEM31','VALUE3_CODE_CODE_SYSTEM_NAME31',
	   'VALUE3_CODE_CODE_SYSTEM_VER31','NI','VALUE3_CODE_DISPLAY_VALUE31','NI','VALUE3_CODE_ORIG_TXT_COMPRESS31',
	   null,null,null,null );
INSERT INTO SC_DATATYPE(VALUE3_CODE_CODE,VALUE3_CODE_CODE_SYSTEM,VALUE3_CODE_CODE_SYSTEM_NAME,
	   VALUE3_CODE_CODE_SYSTEM_VER,VALUE3_CODE_DISPLAY_NFLAVOR,VALUE3_CODE_DISPLAY_VALUE,VALUE3_CODE_ORIG_TXT_NFLAVOR,VALUE3_CODE_ORIG_TXT_COMPRESS,
	   VALUE3_CODE_ORIG_TXT_DATA,VALUE3_CODE_ORIG_TXT_DESC,VALUE3_CODE_ORIG_TXT_VALUE,VALUE3_CODE_NULL_FLAVOR
	   ) values ('VALUE3_CODE_CODE32','VALUE3_CODE_CODE_SYSTEM32','VALUE3_CODE_CODE_SYSTEM_NAME32',
	   'VALUE3_CODE_CODE_SYSTEM_VER32','NI','VALUE3_CODE_DISPLAY_VALUE32','NI','VALUE3_CODE_ORIG_TXT_COMPRESS32',
	   null,null,null,null );
INSERT INTO SC_DATATYPE(VALUE3_CODE_CODE,VALUE3_CODE_CODE_SYSTEM,VALUE3_CODE_CODE_SYSTEM_NAME,
	   VALUE3_CODE_CODE_SYSTEM_VER,VALUE3_CODE_DISPLAY_NFLAVOR,VALUE3_CODE_DISPLAY_VALUE,VALUE3_CODE_ORIG_TXT_NFLAVOR,VALUE3_CODE_ORIG_TXT_COMPRESS,
	   VALUE3_CODE_ORIG_TXT_DATA,VALUE3_CODE_ORIG_TXT_DESC,VALUE3_CODE_ORIG_TXT_VALUE,VALUE3_CODE_NULL_FLAVOR
	   ) values ('VALUE3_CODE_CODE33','VALUE3_CODE_CODE_SYSTEM33','VALUE3_CODE_CODE_SYSTEM_NAME33',
	   'VALUE3_CODE_CODE_SYSTEM_VER33','NI','VALUE3_CODE_DISPLAY_VALUE33','NI','VALUE3_CODE_ORIG_TXT_COMPRESS33',
	   null,null,null,null );
INSERT INTO SC_DATATYPE(VALUE3_CODE_CODE,VALUE3_CODE_CODE_SYSTEM,VALUE3_CODE_CODE_SYSTEM_NAME,
	   VALUE3_CODE_CODE_SYSTEM_VER,VALUE3_CODE_DISPLAY_NFLAVOR,VALUE3_CODE_DISPLAY_VALUE,VALUE3_CODE_ORIG_TXT_NFLAVOR,VALUE3_CODE_ORIG_TXT_COMPRESS,
	   VALUE3_CODE_ORIG_TXT_DATA,VALUE3_CODE_ORIG_TXT_DESC,VALUE3_CODE_ORIG_TXT_VALUE,VALUE3_CODE_NULL_FLAVOR
	   ) values ('VALUE3_CODE_CODE34','VALUE3_CODE_CODE_SYSTEM34','VALUE3_CODE_CODE_SYSTEM_NAME34',
	   'VALUE3_CODE_CODE_SYSTEM_VER34','NI','VALUE3_CODE_DISPLAY_VALUE34','NI','VALUE3_CODE_ORIG_TXT_COMPRESS34',
	   null,null,null,null );
INSERT INTO SC_DATATYPE(VALUE3_CODE_CODE,VALUE3_CODE_CODE_SYSTEM,VALUE3_CODE_CODE_SYSTEM_NAME,
	   VALUE3_CODE_CODE_SYSTEM_VER,VALUE3_CODE_DISPLAY_NFLAVOR,VALUE3_CODE_DISPLAY_VALUE,VALUE3_CODE_ORIG_TXT_NFLAVOR,VALUE3_CODE_ORIG_TXT_COMPRESS,
	   VALUE3_CODE_ORIG_TXT_DATA,VALUE3_CODE_ORIG_TXT_DESC,VALUE3_CODE_ORIG_TXT_VALUE,VALUE3_CODE_NULL_FLAVOR
	   ) values ('VALUE3_CODE_CODE35','VALUE3_CODE_CODE_SYSTEM35','VALUE3_CODE_CODE_SYSTEM_NAME35',
	   'VALUE3_CODE_CODE_SYSTEM_VER35','NI','VALUE3_CODE_DISPLAY_VALUE35','NI','VALUE3_CODE_ORIG_TXT_COMPRESS35',
	   null,null,null,null );


INSERT INTO SC_DATATYPE(VALUE3_CODE_CODE,VALUE3_CODE_CODE_SYSTEM,VALUE3_CODE_CODE_SYSTEM_NAME,
	   VALUE3_CODE_CODE_SYSTEM_VER,VALUE3_CODE_DISPLAY_NFLAVOR,VALUE3_CODE_DISPLAY_VALUE,VALUE3_CODE_ORIG_TXT_NFLAVOR,VALUE3_CODE_ORIG_TXT_COMPRESS,
	   VALUE3_CODE_ORIG_TXT_DATA,VALUE3_CODE_ORIG_TXT_DESC,VALUE3_CODE_ORIG_TXT_VALUE,VALUE3_CODE_NULL_FLAVOR
	   ) values ('VALUE3_CODE_CODE31','VALUE3_CODE_CODE_SYSTEM31','VALUE3_CODE_CODE_SYSTEM_NAME31',
	   'VALUE3_CODE_CODE_SYSTEM_VER31','NI','VALUE3_CODE_DISPLAY_VALUE31','NI','VALUE3_CODE_ORIG_TXT_COMPRESS31',
	   null,null,null,null );
INSERT INTO SC_DATATYPE(VALUE3_CODE_CODE,VALUE3_CODE_CODE_SYSTEM,VALUE3_CODE_CODE_SYSTEM_NAME,
	   VALUE3_CODE_CODE_SYSTEM_VER,VALUE3_CODE_DISPLAY_NFLAVOR,VALUE3_CODE_DISPLAY_VALUE,VALUE3_CODE_ORIG_TXT_NFLAVOR,VALUE3_CODE_ORIG_TXT_COMPRESS,
	   VALUE3_CODE_ORIG_TXT_DATA,VALUE3_CODE_ORIG_TXT_DESC,VALUE3_CODE_ORIG_TXT_VALUE,VALUE3_CODE_NULL_FLAVOR
	   ) values ('VALUE3_CODE_CODE32','VALUE3_CODE_CODE_SYSTEM32','VALUE3_CODE_CODE_SYSTEM_NAME32',
	   'VALUE3_CODE_CODE_SYSTEM_VER32','NI','VALUE3_CODE_DISPLAY_VALUE32','NI','VALUE3_CODE_ORIG_TXT_COMPRESS32',
	   null,null,null,null );
INSERT INTO SC_DATATYPE(VALUE3_CODE_CODE,VALUE3_CODE_CODE_SYSTEM,VALUE3_CODE_CODE_SYSTEM_NAME,
	   VALUE3_CODE_CODE_SYSTEM_VER,VALUE3_CODE_DISPLAY_NFLAVOR,VALUE3_CODE_DISPLAY_VALUE,VALUE3_CODE_ORIG_TXT_NFLAVOR,VALUE3_CODE_ORIG_TXT_COMPRESS,
	   VALUE3_CODE_ORIG_TXT_DATA,VALUE3_CODE_ORIG_TXT_DESC,VALUE3_CODE_ORIG_TXT_VALUE,VALUE3_CODE_NULL_FLAVOR
	   ) values ('VALUE3_CODE_CODE33','VALUE3_CODE_CODE_SYSTEM33','VALUE3_CODE_CODE_SYSTEM_NAME33',
	   'VALUE3_CODE_CODE_SYSTEM_VER33','NI','VALUE3_CODE_DISPLAY_VALUE33','NI','VALUE3_CODE_ORIG_TXT_COMPRESS33',
	   null,null,null,null );
INSERT INTO SC_DATATYPE(VALUE3_CODE_CODE,VALUE3_CODE_CODE_SYSTEM,VALUE3_CODE_CODE_SYSTEM_NAME,
	   VALUE3_CODE_CODE_SYSTEM_VER,VALUE3_CODE_DISPLAY_NFLAVOR,VALUE3_CODE_DISPLAY_VALUE,VALUE3_CODE_ORIG_TXT_NFLAVOR,VALUE3_CODE_ORIG_TXT_COMPRESS,
	   VALUE3_CODE_ORIG_TXT_DATA,VALUE3_CODE_ORIG_TXT_DESC,VALUE3_CODE_ORIG_TXT_VALUE,VALUE3_CODE_NULL_FLAVOR
	   ) values ('VALUE3_CODE_CODE34','VALUE3_CODE_CODE_SYSTEM34','VALUE3_CODE_CODE_SYSTEM_NAME34',
	   'VALUE3_CODE_CODE_SYSTEM_VER34','NI','VALUE3_CODE_DISPLAY_VALUE34','NI','VALUE3_CODE_ORIG_TXT_COMPRESS34',
	   null,null,null,null );
INSERT INTO SC_DATATYPE(VALUE3_CODE_CODE,VALUE3_CODE_CODE_SYSTEM,VALUE3_CODE_CODE_SYSTEM_NAME,
	   VALUE3_CODE_CODE_SYSTEM_VER,VALUE3_CODE_DISPLAY_NFLAVOR,VALUE3_CODE_DISPLAY_VALUE,VALUE3_CODE_ORIG_TXT_NFLAVOR,VALUE3_CODE_ORIG_TXT_COMPRESS,
	   VALUE3_CODE_ORIG_TXT_DATA,VALUE3_CODE_ORIG_TXT_DESC,VALUE3_CODE_ORIG_TXT_VALUE,VALUE3_CODE_NULL_FLAVOR
	   ) values ('VALUE3_CODE_CODE35','VALUE3_CODE_CODE_SYSTEM35','VALUE3_CODE_CODE_SYSTEM_NAME35',
	   'VALUE3_CODE_CODE_SYSTEM_VER35','NI','VALUE3_CODE_DISPLAY_VALUE35','NI','VALUE3_CODE_ORIG_TXT_COMPRESS35',
	   null,null,null,null );



INSERT INTO SC_DATATYPE(VALUE3_CODE_CODE,VALUE3_CODE_CODE_SYSTEM,VALUE3_CODE_CODE_SYSTEM_NAME,
	   VALUE3_CODE_CODE_SYSTEM_VER,VALUE3_CODE_DISPLAY_NFLAVOR,VALUE3_CODE_DISPLAY_VALUE,VALUE3_CODE_ORIG_TXT_NFLAVOR,VALUE3_CODE_ORIG_TXT_COMPRESS,
	   VALUE3_CODE_ORIG_TXT_DATA,VALUE3_CODE_ORIG_TXT_DESC,VALUE3_CODE_ORIG_TXT_VALUE,VALUE3_CODE_NULL_FLAVOR
	   ) values ('VALUE3_CODE_CODE31','VALUE3_CODE_CODE_SYSTEM31','VALUE3_CODE_CODE_SYSTEM_NAME31',
	   'VALUE3_CODE_CODE_SYSTEM_VER31','NI','VALUE3_CODE_DISPLAY_VALUE31','NI','VALUE3_CODE_ORIG_TXT_COMPRESS31',
	   null,'VALUE3_CODE_ORIG_TXT_DESC1',null,null );
INSERT INTO SC_DATATYPE(VALUE3_CODE_CODE,VALUE3_CODE_CODE_SYSTEM,VALUE3_CODE_CODE_SYSTEM_NAME,
	   VALUE3_CODE_CODE_SYSTEM_VER,VALUE3_CODE_DISPLAY_NFLAVOR,VALUE3_CODE_DISPLAY_VALUE,VALUE3_CODE_ORIG_TXT_NFLAVOR,VALUE3_CODE_ORIG_TXT_COMPRESS,
	   VALUE3_CODE_ORIG_TXT_DATA,VALUE3_CODE_ORIG_TXT_DESC,VALUE3_CODE_ORIG_TXT_VALUE,VALUE3_CODE_NULL_FLAVOR
	   ) values ('VALUE3_CODE_CODE32','VALUE3_CODE_CODE_SYSTEM32','VALUE3_CODE_CODE_SYSTEM_NAME32',
	   'VALUE3_CODE_CODE_SYSTEM_VER32','NI','VALUE3_CODE_DISPLAY_VALUE32','NI','VALUE3_CODE_ORIG_TXT_COMPRESS32',
	   null,'VALUE3_CODE_ORIG_TXT_DESC2',null,null );
INSERT INTO SC_DATATYPE(VALUE3_CODE_CODE,VALUE3_CODE_CODE_SYSTEM,VALUE3_CODE_CODE_SYSTEM_NAME,
	   VALUE3_CODE_CODE_SYSTEM_VER,VALUE3_CODE_DISPLAY_NFLAVOR,VALUE3_CODE_DISPLAY_VALUE,VALUE3_CODE_ORIG_TXT_NFLAVOR,VALUE3_CODE_ORIG_TXT_COMPRESS,
	   VALUE3_CODE_ORIG_TXT_DATA,VALUE3_CODE_ORIG_TXT_DESC,VALUE3_CODE_ORIG_TXT_VALUE,VALUE3_CODE_NULL_FLAVOR
	   ) values ('VALUE3_CODE_CODE33','VALUE3_CODE_CODE_SYSTEM33','VALUE3_CODE_CODE_SYSTEM_NAME33',
	   'VALUE3_CODE_CODE_SYSTEM_VER33','NI','VALUE3_CODE_DISPLAY_VALUE33','NI','VALUE3_CODE_ORIG_TXT_COMPRESS33',
	   null,'VALUE3_CODE_ORIG_TXT_DESC3',null,null );
INSERT INTO SC_DATATYPE(VALUE3_CODE_CODE,VALUE3_CODE_CODE_SYSTEM,VALUE3_CODE_CODE_SYSTEM_NAME,
	   VALUE3_CODE_CODE_SYSTEM_VER,VALUE3_CODE_DISPLAY_NFLAVOR,VALUE3_CODE_DISPLAY_VALUE,VALUE3_CODE_ORIG_TXT_NFLAVOR,VALUE3_CODE_ORIG_TXT_COMPRESS,
	   VALUE3_CODE_ORIG_TXT_DATA,VALUE3_CODE_ORIG_TXT_DESC,VALUE3_CODE_ORIG_TXT_VALUE,VALUE3_CODE_NULL_FLAVOR
	   ) values ('VALUE3_CODE_CODE34','VALUE3_CODE_CODE_SYSTEM34','VALUE3_CODE_CODE_SYSTEM_NAME34',
	   'VALUE3_CODE_CODE_SYSTEM_VER34','NI','VALUE3_CODE_DISPLAY_VALUE34','NI','VALUE3_CODE_ORIG_TXT_COMPRESS34',
	   null,'VALUE3_CODE_ORIG_TXT_DESC4',null,null );
INSERT INTO SC_DATATYPE(VALUE3_CODE_CODE,VALUE3_CODE_CODE_SYSTEM,VALUE3_CODE_CODE_SYSTEM_NAME,
	   VALUE3_CODE_CODE_SYSTEM_VER,VALUE3_CODE_DISPLAY_NFLAVOR,VALUE3_CODE_DISPLAY_VALUE,VALUE3_CODE_ORIG_TXT_NFLAVOR,VALUE3_CODE_ORIG_TXT_COMPRESS,
	   VALUE3_CODE_ORIG_TXT_DATA,VALUE3_CODE_ORIG_TXT_DESC,VALUE3_CODE_ORIG_TXT_VALUE,VALUE3_CODE_NULL_FLAVOR
	   ) values ('VALUE3_CODE_CODE35','VALUE3_CODE_CODE_SYSTEM35','VALUE3_CODE_CODE_SYSTEM_NAME35',
	   'VALUE3_CODE_CODE_SYSTEM_VER35','NI','VALUE3_CODE_DISPLAY_VALUE35','NI','VALUE3_CODE_ORIG_TXT_COMPRESS35',
	   null,'VALUE3_CODE_ORIG_TXT_DESC5',null,null );



INSERT INTO SC_DATATYPE(VALUE3_CODE_CODE,VALUE3_CODE_CODE_SYSTEM,VALUE3_CODE_CODE_SYSTEM_NAME,
	   VALUE3_CODE_CODE_SYSTEM_VER,VALUE3_CODE_DISPLAY_NFLAVOR,VALUE3_CODE_DISPLAY_VALUE,VALUE3_CODE_ORIG_TXT_NFLAVOR,VALUE3_CODE_ORIG_TXT_COMPRESS,
	   VALUE3_CODE_ORIG_TXT_DATA,VALUE3_CODE_ORIG_TXT_DESC,VALUE3_CODE_ORIG_TXT_VALUE,VALUE3_CODE_NULL_FLAVOR
	   ) values ('VALUE3_CODE_CODE31','VALUE3_CODE_CODE_SYSTEM31','VALUE3_CODE_CODE_SYSTEM_NAME31',
	   'VALUE3_CODE_CODE_SYSTEM_VER31','NI','VALUE3_CODE_DISPLAY_VALUE31','NI','VALUE3_CODE_ORIG_TXT_COMPRESS31',
	   null,'VALUE3_CODE_ORIG_TXT_DESC31','VALUE3_CODE_ORIG_TXT_VALUE31',null );
INSERT INTO SC_DATATYPE(VALUE3_CODE_CODE,VALUE3_CODE_CODE_SYSTEM,VALUE3_CODE_CODE_SYSTEM_NAME,
	   VALUE3_CODE_CODE_SYSTEM_VER,VALUE3_CODE_DISPLAY_NFLAVOR,VALUE3_CODE_DISPLAY_VALUE,VALUE3_CODE_ORIG_TXT_NFLAVOR,VALUE3_CODE_ORIG_TXT_COMPRESS,
	   VALUE3_CODE_ORIG_TXT_DATA,VALUE3_CODE_ORIG_TXT_DESC,VALUE3_CODE_ORIG_TXT_VALUE,VALUE3_CODE_NULL_FLAVOR
	   ) values ('VALUE3_CODE_CODE32','VALUE3_CODE_CODE_SYSTEM32','VALUE3_CODE_CODE_SYSTEM_NAME32',
	   'VALUE3_CODE_CODE_SYSTEM_VER32','NI','VALUE3_CODE_DISPLAY_VALUE32','NI','VALUE3_CODE_ORIG_TXT_COMPRESS32',
	   null,'VALUE3_CODE_ORIG_TXT_DESC32','VALUE3_CODE_ORIG_TXT_VALUE32',null );
INSERT INTO SC_DATATYPE(VALUE3_CODE_CODE,VALUE3_CODE_CODE_SYSTEM,VALUE3_CODE_CODE_SYSTEM_NAME,
	   VALUE3_CODE_CODE_SYSTEM_VER,VALUE3_CODE_DISPLAY_NFLAVOR,VALUE3_CODE_DISPLAY_VALUE,VALUE3_CODE_ORIG_TXT_NFLAVOR,VALUE3_CODE_ORIG_TXT_COMPRESS,
	   VALUE3_CODE_ORIG_TXT_DATA,VALUE3_CODE_ORIG_TXT_DESC,VALUE3_CODE_ORIG_TXT_VALUE,VALUE3_CODE_NULL_FLAVOR
	   ) values ('VALUE3_CODE_CODE33','VALUE3_CODE_CODE_SYSTEM33','VALUE3_CODE_CODE_SYSTEM_NAME33',
	   'VALUE3_CODE_CODE_SYSTEM_VER33','NI','VALUE3_CODE_DISPLAY_VALUE33','NI','VALUE3_CODE_ORIG_TXT_COMPRESS33',
	   null,'VALUE3_CODE_ORIG_TXT_DESC33','VALUE3_CODE_ORIG_TXT_VALUE33',null );
INSERT INTO SC_DATATYPE(VALUE3_CODE_CODE,VALUE3_CODE_CODE_SYSTEM,VALUE3_CODE_CODE_SYSTEM_NAME,
	   VALUE3_CODE_CODE_SYSTEM_VER,VALUE3_CODE_DISPLAY_NFLAVOR,VALUE3_CODE_DISPLAY_VALUE,VALUE3_CODE_ORIG_TXT_NFLAVOR,VALUE3_CODE_ORIG_TXT_COMPRESS,
	   VALUE3_CODE_ORIG_TXT_DATA,VALUE3_CODE_ORIG_TXT_DESC,VALUE3_CODE_ORIG_TXT_VALUE,VALUE3_CODE_NULL_FLAVOR
	   ) values ('VALUE3_CODE_CODE34','VALUE3_CODE_CODE_SYSTEM34','VALUE3_CODE_CODE_SYSTEM_NAME34',
	   'VALUE3_CODE_CODE_SYSTEM_VER34','NI','VALUE3_CODE_DISPLAY_VALUE34','NI','VALUE3_CODE_ORIG_TXT_COMPRESS34',
	   null,'VALUE3_CODE_ORIG_TXT_DESC34','VALUE3_CODE_ORIG_TXT_VALUE34',null );
INSERT INTO SC_DATATYPE(VALUE3_CODE_CODE,VALUE3_CODE_CODE_SYSTEM,VALUE3_CODE_CODE_SYSTEM_NAME,
	   VALUE3_CODE_CODE_SYSTEM_VER,VALUE3_CODE_DISPLAY_NFLAVOR,VALUE3_CODE_DISPLAY_VALUE,VALUE3_CODE_ORIG_TXT_NFLAVOR,VALUE3_CODE_ORIG_TXT_COMPRESS,
	   VALUE3_CODE_ORIG_TXT_DATA,VALUE3_CODE_ORIG_TXT_DESC,VALUE3_CODE_ORIG_TXT_VALUE,VALUE3_CODE_NULL_FLAVOR
	   ) values ('VALUE3_CODE_CODE35','VALUE3_CODE_CODE_SYSTEM35','VALUE3_CODE_CODE_SYSTEM_NAME35',
	   'VALUE3_CODE_CODE_SYSTEM_VER35','NI','VALUE3_CODE_DISPLAY_VALUE35','NI','VALUE3_CODE_ORIG_TXT_COMPRESS35',
	   null,'VALUE3_CODE_ORIG_TXT_DESC35','VALUE3_CODE_ORIG_TXT_VALUE35',null );


INSERT INTO SC_DATATYPE(VALUE3_CODE_CODE,VALUE3_CODE_CODE_SYSTEM,VALUE3_CODE_CODE_SYSTEM_NAME,
	   VALUE3_CODE_CODE_SYSTEM_VER,VALUE3_CODE_DISPLAY_NFLAVOR,VALUE3_CODE_DISPLAY_VALUE,VALUE3_CODE_ORIG_TXT_NFLAVOR,VALUE3_CODE_ORIG_TXT_COMPRESS,
	   VALUE3_CODE_ORIG_TXT_DATA,VALUE3_CODE_ORIG_TXT_DESC,VALUE3_CODE_ORIG_TXT_VALUE,VALUE3_CODE_NULL_FLAVOR
	   ) values ('VALUE3_CODE_CODE31','VALUE3_CODE_CODE_SYSTEM31','VALUE3_CODE_CODE_SYSTEM_NAME31',
	   'VALUE3_CODE_CODE_SYSTEM_VER31','NI','VALUE3_CODE_DISPLAY_VALUE31','NI','VALUE3_CODE_ORIG_TXT_COMPRESS31',
	   null,'VALUE3_CODE_ORIG_TXT_DESC31','VALUE3_CODE_ORIG_TXT_VALUE31','NI' );
INSERT INTO SC_DATATYPE(VALUE3_CODE_CODE,VALUE3_CODE_CODE_SYSTEM,VALUE3_CODE_CODE_SYSTEM_NAME,
	   VALUE3_CODE_CODE_SYSTEM_VER,VALUE3_CODE_DISPLAY_NFLAVOR,VALUE3_CODE_DISPLAY_VALUE,VALUE3_CODE_ORIG_TXT_NFLAVOR,VALUE3_CODE_ORIG_TXT_COMPRESS,
	   VALUE3_CODE_ORIG_TXT_DATA,VALUE3_CODE_ORIG_TXT_DESC,VALUE3_CODE_ORIG_TXT_VALUE,VALUE3_CODE_NULL_FLAVOR
	   ) values ('VALUE3_CODE_CODE32','VALUE3_CODE_CODE_SYSTEM32','VALUE3_CODE_CODE_SYSTEM_NAME32',
	   'VALUE3_CODE_CODE_SYSTEM_VER32','NI','VALUE3_CODE_DISPLAY_VALUE32','NI','VALUE3_CODE_ORIG_TXT_COMPRESS32',
	   null,'VALUE3_CODE_ORIG_TXT_DESC32','VALUE3_CODE_ORIG_TXT_VALUE32','NI' );
INSERT INTO SC_DATATYPE(VALUE3_CODE_CODE,VALUE3_CODE_CODE_SYSTEM,VALUE3_CODE_CODE_SYSTEM_NAME,
	   VALUE3_CODE_CODE_SYSTEM_VER,VALUE3_CODE_DISPLAY_NFLAVOR,VALUE3_CODE_DISPLAY_VALUE,VALUE3_CODE_ORIG_TXT_NFLAVOR,VALUE3_CODE_ORIG_TXT_COMPRESS,
	   VALUE3_CODE_ORIG_TXT_DATA,VALUE3_CODE_ORIG_TXT_DESC,VALUE3_CODE_ORIG_TXT_VALUE,VALUE3_CODE_NULL_FLAVOR
	   ) values ('VALUE3_CODE_CODE33','VALUE3_CODE_CODE_SYSTEM33','VALUE3_CODE_CODE_SYSTEM_NAME33',
	   'VALUE3_CODE_CODE_SYSTEM_VER33','NI','VALUE3_CODE_DISPLAY_VALUE33','NI','VALUE3_CODE_ORIG_TXT_COMPRESS33',
	   null,'VALUE3_CODE_ORIG_TXT_DESC33','VALUE3_CODE_ORIG_TXT_VALUE33','NI' );
INSERT INTO SC_DATATYPE(VALUE3_CODE_CODE,VALUE3_CODE_CODE_SYSTEM,VALUE3_CODE_CODE_SYSTEM_NAME,
	   VALUE3_CODE_CODE_SYSTEM_VER,VALUE3_CODE_DISPLAY_NFLAVOR,VALUE3_CODE_DISPLAY_VALUE,VALUE3_CODE_ORIG_TXT_NFLAVOR,VALUE3_CODE_ORIG_TXT_COMPRESS,
	   VALUE3_CODE_ORIG_TXT_DATA,VALUE3_CODE_ORIG_TXT_DESC,VALUE3_CODE_ORIG_TXT_VALUE,VALUE3_CODE_NULL_FLAVOR
	   ) values ('VALUE3_CODE_CODE34','VALUE3_CODE_CODE_SYSTEM34','VALUE3_CODE_CODE_SYSTEM_NAME34',
	   'VALUE3_CODE_CODE_SYSTEM_VER34','NI','VALUE3_CODE_DISPLAY_VALUE34','NI','VALUE3_CODE_ORIG_TXT_COMPRESS34',
	   null,'VALUE3_CODE_ORIG_TXT_DESC34','VALUE3_CODE_ORIG_TXT_VALUE34','NI' );
INSERT INTO SC_DATATYPE(VALUE3_CODE_CODE,VALUE3_CODE_CODE_SYSTEM,VALUE3_CODE_CODE_SYSTEM_NAME,
	   VALUE3_CODE_CODE_SYSTEM_VER,VALUE3_CODE_DISPLAY_NFLAVOR,VALUE3_CODE_DISPLAY_VALUE,VALUE3_CODE_ORIG_TXT_NFLAVOR,VALUE3_CODE_ORIG_TXT_COMPRESS,
	   VALUE3_CODE_ORIG_TXT_DATA,VALUE3_CODE_ORIG_TXT_DESC,VALUE3_CODE_ORIG_TXT_VALUE,VALUE3_CODE_NULL_FLAVOR
	   ) values ('VALUE3_CODE_CODE35','VALUE3_CODE_CODE_SYSTEM35','VALUE3_CODE_CODE_SYSTEM_NAME35',
	   'VALUE3_CODE_CODE_SYSTEM_VER35','NI','VALUE3_CODE_DISPLAY_VALUE35','NI','VALUE3_CODE_ORIG_TXT_COMPRESS35',
	   null,'VALUE3_CODE_ORIG_TXT_DESC35','VALUE3_CODE_ORIG_TXT_VALUE35','NI' );




INSERT INTO ST_DATATYPE(VALUE1_VALUE ) values (null);
INSERT INTO ST_DATATYPE(VALUE1_VALUE ) values (null);
INSERT INTO ST_DATATYPE(VALUE1_VALUE ) values (null);
INSERT INTO ST_DATATYPE(VALUE1_VALUE ) values (null);
INSERT INTO ST_DATATYPE(VALUE1_VALUE ) values (null);

INSERT INTO ST_DATATYPE(VALUE1_VALUE ) values ('VALUE1_VALUE1');
INSERT INTO ST_DATATYPE(VALUE1_VALUE ) values ('VALUE1_VALUE2');
INSERT INTO ST_DATATYPE(VALUE1_VALUE ) values ('VALUE1_VALUE3');
INSERT INTO ST_DATATYPE(VALUE1_VALUE ) values ('VALUE1_VALUE4');
INSERT INTO ST_DATATYPE(VALUE1_VALUE ) values ('VALUE1_VALUE5');

INSERT INTO ST_DATATYPE(VALUE2_VALUE,VALUE2_NULL_FLAVOR ) values (null, null);
INSERT INTO ST_DATATYPE(VALUE2_VALUE,VALUE2_NULL_FLAVOR ) values (null, null);
INSERT INTO ST_DATATYPE(VALUE2_VALUE,VALUE2_NULL_FLAVOR ) values (null, null);
INSERT INTO ST_DATATYPE(VALUE2_VALUE,VALUE2_NULL_FLAVOR ) values (null, null);
INSERT INTO ST_DATATYPE(VALUE2_VALUE,VALUE2_NULL_FLAVOR ) values (null, null);

INSERT INTO ST_DATATYPE(VALUE2_VALUE,VALUE2_NULL_FLAVOR ) values ('VALUE2_VALUE1', null);
INSERT INTO ST_DATATYPE(VALUE2_VALUE,VALUE2_NULL_FLAVOR ) values ('VALUE2_VALUE2', null);
INSERT INTO ST_DATATYPE(VALUE2_VALUE,VALUE2_NULL_FLAVOR ) values ('VALUE2_VALUE3', null);
INSERT INTO ST_DATATYPE(VALUE2_VALUE,VALUE2_NULL_FLAVOR ) values ('VALUE2_VALUE4', null);
INSERT INTO ST_DATATYPE(VALUE2_VALUE,VALUE2_NULL_FLAVOR ) values ('VALUE2_VALUE5', null);

INSERT INTO ST_DATATYPE(VALUE2_VALUE,VALUE2_NULL_FLAVOR ) values ('VALUE2_VALUE1', 'NI');
INSERT INTO ST_DATATYPE(VALUE2_VALUE,VALUE2_NULL_FLAVOR ) values ('VALUE2_VALUE2', 'NI');
INSERT INTO ST_DATATYPE(VALUE2_VALUE,VALUE2_NULL_FLAVOR ) values ('VALUE2_VALUE3', 'NI');
INSERT INTO ST_DATATYPE(VALUE2_VALUE,VALUE2_NULL_FLAVOR ) values ('VALUE2_VALUE4', 'NI');
INSERT INTO ST_DATATYPE(VALUE2_VALUE,VALUE2_NULL_FLAVOR ) values ('VALUE2_VALUE5', 'NI');


INSERT INTO ST_NT_DATATYPE(VALUE1_VALUE ) values (null);
INSERT INTO ST_NT_DATATYPE(VALUE1_VALUE ) values (null);
INSERT INTO ST_NT_DATATYPE(VALUE1_VALUE ) values (null);
INSERT INTO ST_NT_DATATYPE(VALUE1_VALUE ) values (null);
INSERT INTO ST_NT_DATATYPE(VALUE1_VALUE ) values (null);

INSERT INTO ST_NT_DATATYPE(VALUE1_VALUE ) values ('VALUE1_VALUE1');
INSERT INTO ST_NT_DATATYPE(VALUE1_VALUE ) values ('VALUE1_VALUE2');
INSERT INTO ST_NT_DATATYPE(VALUE1_VALUE ) values ('VALUE1_VALUE3');
INSERT INTO ST_NT_DATATYPE(VALUE1_VALUE ) values ('VALUE1_VALUE4');
INSERT INTO ST_NT_DATATYPE(VALUE1_VALUE ) values ('VALUE1_VALUE5');

INSERT INTO ST_NT_DATATYPE(VALUE2_VALUE,VALUE2_NULL_FLAVOR ) values (null, null);

INSERT INTO ST_NT_DATATYPE(VALUE2_VALUE,VALUE2_NULL_FLAVOR ) values ('VALUE2_VALUE1', null);
INSERT INTO ST_NT_DATATYPE(VALUE2_VALUE,VALUE2_NULL_FLAVOR ) values ('VALUE2_VALUE2', null);
INSERT INTO ST_NT_DATATYPE(VALUE2_VALUE,VALUE2_NULL_FLAVOR ) values ('VALUE2_VALUE3', null);
INSERT INTO ST_NT_DATATYPE(VALUE2_VALUE,VALUE2_NULL_FLAVOR ) values ('VALUE2_VALUE4', null);
INSERT INTO ST_NT_DATATYPE(VALUE2_VALUE,VALUE2_NULL_FLAVOR ) values ('VALUE2_VALUE5', null);

INSERT INTO ST_NT_DATATYPE(VALUE2_VALUE,VALUE2_NULL_FLAVOR ) values ('VALUE2_VALUE1', 'NI');
INSERT INTO ST_NT_DATATYPE(VALUE2_VALUE,VALUE2_NULL_FLAVOR ) values ('VALUE2_VALUE2', 'NI');
INSERT INTO ST_NT_DATATYPE(VALUE2_VALUE,VALUE2_NULL_FLAVOR ) values ('VALUE2_VALUE3', 'NI');
INSERT INTO ST_NT_DATATYPE(VALUE2_VALUE,VALUE2_NULL_FLAVOR ) values ('VALUE2_VALUE4', 'NI');
INSERT INTO ST_NT_DATATYPE(VALUE2_VALUE,VALUE2_NULL_FLAVOR ) values ('VALUE2_VALUE5', 'NI');


INSERT INTO TEL_DATATYPE(VALUE1_VALUE ) values (null);

INSERT INTO TEL_DATATYPE(VALUE1_VALUE ) values ('tel://123-456-7891');
INSERT INTO TEL_DATATYPE(VALUE1_VALUE ) values ('tel://123-456-7892');
INSERT INTO TEL_DATATYPE(VALUE1_VALUE ) values ('tel://123-456-7893');
INSERT INTO TEL_DATATYPE(VALUE1_VALUE ) values ('tel://123-456-7894');
INSERT INTO TEL_DATATYPE(VALUE1_VALUE ) values ('tel://123-456-7895');

INSERT INTO TEL_DATATYPE(VALUE2_VALUE,VALUE2_NULL_FLAVOR ) values (null, null);

INSERT INTO TEL_DATATYPE(VALUE2_VALUE,VALUE2_NULL_FLAVOR ) values ('tel://123-456-7891', null);
INSERT INTO TEL_DATATYPE(VALUE2_VALUE,VALUE2_NULL_FLAVOR ) values ('tel://123-456-7892', null);
INSERT INTO TEL_DATATYPE(VALUE2_VALUE,VALUE2_NULL_FLAVOR ) values ('tel://123-456-7893', null);
INSERT INTO TEL_DATATYPE(VALUE2_VALUE,VALUE2_NULL_FLAVOR ) values ('tel://123-456-7894', null);
INSERT INTO TEL_DATATYPE(VALUE2_VALUE,VALUE2_NULL_FLAVOR ) values ('tel://123-456-7895', null);

INSERT INTO TEL_DATATYPE(VALUE2_VALUE,VALUE2_NULL_FLAVOR ) values ('tel://123-456-7896', 'NI');
INSERT INTO TEL_DATATYPE(VALUE2_VALUE,VALUE2_NULL_FLAVOR ) values ('tel://123-456-7897', 'NI');
INSERT INTO TEL_DATATYPE(VALUE2_VALUE,VALUE2_NULL_FLAVOR ) values ('tel://123-456-7898', 'NI');
INSERT INTO TEL_DATATYPE(VALUE2_VALUE,VALUE2_NULL_FLAVOR ) values ('tel://123-456-7899', 'NI');
INSERT INTO TEL_DATATYPE(VALUE2_VALUE,VALUE2_NULL_FLAVOR ) values ('tel://123-456-7900', 'NI');


INSERT INTO TEL_EMAIL_DATATYPE(VALUE1_VALUE ) values (null);

INSERT INTO TEL_EMAIL_DATATYPE(VALUE1_VALUE ) values ('mailto:jdoe1@nci.gov');
INSERT INTO TEL_EMAIL_DATATYPE(VALUE1_VALUE ) values ('mailto:jdoe2@nci.gov');
INSERT INTO TEL_EMAIL_DATATYPE(VALUE1_VALUE ) values ('mailto:jdoe3@nci.gov');
INSERT INTO TEL_EMAIL_DATATYPE(VALUE1_VALUE ) values ('mailto:jdoe4@nci.gov');
INSERT INTO TEL_EMAIL_DATATYPE(VALUE1_VALUE ) values ('mailto:jdoe5@nci.gov');

INSERT INTO TEL_EMAIL_DATATYPE(VALUE2_VALUE,VALUE2_NULL_FLAVOR ) values (null, null);

INSERT INTO TEL_EMAIL_DATATYPE(VALUE2_VALUE,VALUE2_NULL_FLAVOR ) values ('MailTo:jdoe1@nci.gov', null);
INSERT INTO TEL_EMAIL_DATATYPE(VALUE2_VALUE,VALUE2_NULL_FLAVOR ) values ('MailTo:jdoe2@nci.gov', null);
INSERT INTO TEL_EMAIL_DATATYPE(VALUE2_VALUE,VALUE2_NULL_FLAVOR ) values ('MailTo:jdoe3@nci.gov', null);
INSERT INTO TEL_EMAIL_DATATYPE(VALUE2_VALUE,VALUE2_NULL_FLAVOR ) values ('MailTo:jdoe4@nci.gov', null);
INSERT INTO TEL_EMAIL_DATATYPE(VALUE2_VALUE,VALUE2_NULL_FLAVOR ) values ('MailTo:jdoe5@nci.gov', null);

INSERT INTO TEL_EMAIL_DATATYPE(VALUE2_VALUE,VALUE2_NULL_FLAVOR ) values ('MailTo:jdoe1@nci.gov', 'NI');
INSERT INTO TEL_EMAIL_DATATYPE(VALUE2_VALUE,VALUE2_NULL_FLAVOR ) values ('MailTo:jdoe2@nci.gov', 'NI');
INSERT INTO TEL_EMAIL_DATATYPE(VALUE2_VALUE,VALUE2_NULL_FLAVOR ) values ('MailTo:jdoe3@nci.gov', 'NI');
INSERT INTO TEL_EMAIL_DATATYPE(VALUE2_VALUE,VALUE2_NULL_FLAVOR ) values ('MailTo:jdoe4@nci.gov', 'NI');
INSERT INTO TEL_EMAIL_DATATYPE(VALUE2_VALUE,VALUE2_NULL_FLAVOR ) values ('MailTo:jdoe5@nci.gov', 'NI');


INSERT INTO TEL_PERSON_DATATYPE(VALUE1_VALUE ) values (null);

INSERT INTO TEL_PERSON_DATATYPE(VALUE1_VALUE ) values ('tel:8004226231');
INSERT INTO TEL_PERSON_DATATYPE(VALUE1_VALUE ) values ('tel:8004226232');
INSERT INTO TEL_PERSON_DATATYPE(VALUE1_VALUE ) values ('tel:8004226233');
INSERT INTO TEL_PERSON_DATATYPE(VALUE1_VALUE ) values ('tel:8004226234');
INSERT INTO TEL_PERSON_DATATYPE(VALUE1_VALUE ) values ('tel:8004226235');

INSERT INTO TEL_PERSON_DATATYPE(VALUE2_VALUE,VALUE2_NULL_FLAVOR ) values (null, null);

INSERT INTO TEL_PERSON_DATATYPE(VALUE2_VALUE,VALUE2_NULL_FLAVOR ) values ('x-text-tel::8004226231', null);
INSERT INTO TEL_PERSON_DATATYPE(VALUE2_VALUE,VALUE2_NULL_FLAVOR ) values ('x-text-tel::8004226232', null);
INSERT INTO TEL_PERSON_DATATYPE(VALUE2_VALUE,VALUE2_NULL_FLAVOR ) values ('x-text-tel::8004226233', null);
INSERT INTO TEL_PERSON_DATATYPE(VALUE2_VALUE,VALUE2_NULL_FLAVOR ) values ('x-text-tel::8004226234', null);
INSERT INTO TEL_PERSON_DATATYPE(VALUE2_VALUE,VALUE2_NULL_FLAVOR ) values ('x-text-tel::8004226235', null);

INSERT INTO TEL_PERSON_DATATYPE(VALUE2_VALUE,VALUE2_NULL_FLAVOR ) values ('x-text-tel::8004226231', 'NI');
INSERT INTO TEL_PERSON_DATATYPE(VALUE2_VALUE,VALUE2_NULL_FLAVOR ) values ('x-text-tel::8004226232', 'NI');
INSERT INTO TEL_PERSON_DATATYPE(VALUE2_VALUE,VALUE2_NULL_FLAVOR ) values ('x-text-tel::8004226233', 'NI');
INSERT INTO TEL_PERSON_DATATYPE(VALUE2_VALUE,VALUE2_NULL_FLAVOR ) values ('x-text-tel::8004226234', 'NI');
INSERT INTO TEL_PERSON_DATATYPE(VALUE2_VALUE,VALUE2_NULL_FLAVOR ) values ('x-text-tel::8004226235', 'NI');


INSERT INTO TEL_PHONE_DATATYPE(VALUE1_VALUE ) values (null);

INSERT INTO TEL_PHONE_DATATYPE(VALUE1_VALUE ) values ('tel:8004226231');
INSERT INTO TEL_PHONE_DATATYPE(VALUE1_VALUE ) values ('tel:8004226232');
INSERT INTO TEL_PHONE_DATATYPE(VALUE1_VALUE ) values ('tel:8004226233');
INSERT INTO TEL_PHONE_DATATYPE(VALUE1_VALUE ) values ('tel:8004226234');
INSERT INTO TEL_PHONE_DATATYPE(VALUE1_VALUE ) values ('tel:8004226235');

INSERT INTO TEL_PHONE_DATATYPE(VALUE2_VALUE,VALUE2_NULL_FLAVOR ) values (null, null);

INSERT INTO TEL_PHONE_DATATYPE(VALUE2_VALUE,VALUE2_NULL_FLAVOR ) values ('tel:8004226231', null);
INSERT INTO TEL_PHONE_DATATYPE(VALUE2_VALUE,VALUE2_NULL_FLAVOR ) values ('tel:8004226232', null);
INSERT INTO TEL_PHONE_DATATYPE(VALUE2_VALUE,VALUE2_NULL_FLAVOR ) values ('tel:8004226233', null);
INSERT INTO TEL_PHONE_DATATYPE(VALUE2_VALUE,VALUE2_NULL_FLAVOR ) values ('tel:8004226234', null);
INSERT INTO TEL_PHONE_DATATYPE(VALUE2_VALUE,VALUE2_NULL_FLAVOR ) values ('tel:8004226235', null);

INSERT INTO TEL_PHONE_DATATYPE(VALUE2_VALUE,VALUE2_NULL_FLAVOR ) values ('tel:8004226231', 'NI');
INSERT INTO TEL_PHONE_DATATYPE(VALUE2_VALUE,VALUE2_NULL_FLAVOR ) values ('tel:8004226232', 'NI');
INSERT INTO TEL_PHONE_DATATYPE(VALUE2_VALUE,VALUE2_NULL_FLAVOR ) values ('tel:8004226233', 'NI');
INSERT INTO TEL_PHONE_DATATYPE(VALUE2_VALUE,VALUE2_NULL_FLAVOR ) values ('tel:8004226234', 'NI');
INSERT INTO TEL_PHONE_DATATYPE(VALUE2_VALUE,VALUE2_NULL_FLAVOR ) values ('tel:8004226235', 'NI');


INSERT INTO TEL_URL_DATATYPE(VALUE1_VALUE ) values (null);
INSERT INTO TEL_URL_DATATYPE(VALUE1_VALUE ) values ('https:;;www.gmail1.com');
INSERT INTO TEL_URL_DATATYPE(VALUE1_VALUE ) values ('https:;;www.gmail2.com');
INSERT INTO TEL_URL_DATATYPE(VALUE1_VALUE ) values ('https:;;www.gmail3.com');
INSERT INTO TEL_URL_DATATYPE(VALUE1_VALUE ) values ('https:;;www.gmail4.com');
INSERT INTO TEL_URL_DATATYPE(VALUE1_VALUE ) values ('https:;;www.gmail5.com');

INSERT INTO TEL_URL_DATATYPE(VALUE2_VALUE,VALUE2_NULL_FLAVOR ) values (null, null);
INSERT INTO TEL_URL_DATATYPE(VALUE2_VALUE,VALUE2_NULL_FLAVOR ) values ('http:;;www.cancer1.gov', null);
INSERT INTO TEL_URL_DATATYPE(VALUE2_VALUE,VALUE2_NULL_FLAVOR ) values ('http:;;www.cancer2.gov', null);
INSERT INTO TEL_URL_DATATYPE(VALUE2_VALUE,VALUE2_NULL_FLAVOR ) values ('http:;;www.cancer3.gov', null);
INSERT INTO TEL_URL_DATATYPE(VALUE2_VALUE,VALUE2_NULL_FLAVOR ) values ('http:;;www.cancer4.gov', null);
INSERT INTO TEL_URL_DATATYPE(VALUE2_VALUE,VALUE2_NULL_FLAVOR ) values ('http:;;www.cancer5.gov', null);

INSERT INTO TEL_URL_DATATYPE(VALUE2_VALUE,VALUE2_NULL_FLAVOR ) values ('http:;;www.cancer1.gov', 'NI');
INSERT INTO TEL_URL_DATATYPE(VALUE2_VALUE,VALUE2_NULL_FLAVOR ) values ('http:;;www.cancer2.gov', 'NI');
INSERT INTO TEL_URL_DATATYPE(VALUE2_VALUE,VALUE2_NULL_FLAVOR ) values ('http:;;www.cancer3.gov', 'NI');
INSERT INTO TEL_URL_DATATYPE(VALUE2_VALUE,VALUE2_NULL_FLAVOR ) values ('http:;;www.cancer4.gov', 'NI');
INSERT INTO TEL_URL_DATATYPE(VALUE2_VALUE,VALUE2_NULL_FLAVOR ) values ('http:;;www.cancer5.gov', 'NI');


INSERT INTO IVL_INT (
	VALUE3_ANY_VALUE,VALUE3_HIGH_VALUE,VALUE3_HIGH_CLOSED,VALUE3_LOW_VALUE,VALUE3_LOW_CLOSED,VALUE3_WIDTH_VALUE,VALUE3_NULL_FLAVOR
	) values (null,null,null,null,null,null,null);

INSERT INTO IVL_INT (
	VALUE3_ANY_VALUE,VALUE3_HIGH_VALUE,VALUE3_HIGH_CLOSED,VALUE3_LOW_VALUE,VALUE3_LOW_CLOSED,VALUE3_WIDTH_VALUE,VALUE3_NULL_FLAVOR
	) values (5,11,1,5,1,4,null);
INSERT INTO IVL_INT (
	VALUE3_ANY_VALUE,VALUE3_HIGH_VALUE,VALUE3_HIGH_CLOSED,VALUE3_LOW_VALUE,VALUE3_LOW_CLOSED,VALUE3_WIDTH_VALUE,VALUE3_NULL_FLAVOR
	) values (6,12,1,4,1,4,null);
INSERT INTO IVL_INT (
	VALUE3_ANY_VALUE,VALUE3_HIGH_VALUE,VALUE3_HIGH_CLOSED,VALUE3_LOW_VALUE,VALUE3_LOW_CLOSED,VALUE3_WIDTH_VALUE,VALUE3_NULL_FLAVOR
	) values (7,13,1,3,1,4,null);
INSERT INTO IVL_INT (
	VALUE3_ANY_VALUE,VALUE3_HIGH_VALUE,VALUE3_HIGH_CLOSED,VALUE3_LOW_VALUE,VALUE3_LOW_CLOSED,VALUE3_WIDTH_VALUE,VALUE3_NULL_FLAVOR
	) values (8,14,1,2,1,4,null);
INSERT INTO IVL_INT (
	VALUE3_ANY_VALUE,VALUE3_HIGH_VALUE,VALUE3_HIGH_CLOSED,VALUE3_LOW_VALUE,VALUE3_LOW_CLOSED,VALUE3_WIDTH_VALUE,VALUE3_NULL_FLAVOR
	) values (9,15,1,1,1,4,null);


INSERT INTO IVL_INT (
	VALUE3_ANY_VALUE,VALUE3_HIGH_VALUE,VALUE3_HIGH_CLOSED,VALUE3_LOW_VALUE,VALUE3_LOW_CLOSED,VALUE3_WIDTH_VALUE,VALUE3_NULL_FLAVOR
	) values (5,11,1,5,1,4,'NI');
INSERT INTO IVL_INT (
	VALUE3_ANY_VALUE,VALUE3_HIGH_VALUE,VALUE3_HIGH_CLOSED,VALUE3_LOW_VALUE,VALUE3_LOW_CLOSED,VALUE3_WIDTH_VALUE,VALUE3_NULL_FLAVOR
	) values (6,12,1,4,1,4,'NI');
INSERT INTO IVL_INT (
	VALUE3_ANY_VALUE,VALUE3_HIGH_VALUE,VALUE3_HIGH_CLOSED,VALUE3_LOW_VALUE,VALUE3_LOW_CLOSED,VALUE3_WIDTH_VALUE,VALUE3_NULL_FLAVOR
	) values (7,13,1,3,1,4,'NI');
INSERT INTO IVL_INT (
	VALUE3_ANY_VALUE,VALUE3_HIGH_VALUE,VALUE3_HIGH_CLOSED,VALUE3_LOW_VALUE,VALUE3_LOW_CLOSED,VALUE3_WIDTH_VALUE,VALUE3_NULL_FLAVOR
	) values (8,14,1,2,1,4,'NI');
INSERT INTO IVL_INT (
	VALUE3_ANY_VALUE,VALUE3_HIGH_VALUE,VALUE3_HIGH_CLOSED,VALUE3_LOW_VALUE,VALUE3_LOW_CLOSED,VALUE3_WIDTH_VALUE,VALUE3_NULL_FLAVOR
	) values (9,15,1,1,1,4,'NI');




INSERT INTO IVL_TS (VALUE1_LOW_VALUE,VALUE1_HIGH_VALUE) values (null,null);

INSERT INTO IVL_TS (VALUE1_LOW_VALUE,VALUE1_HIGH_VALUE) values (DATE('2010-03-11'),null);
INSERT INTO IVL_TS (VALUE1_LOW_VALUE,VALUE1_HIGH_VALUE) values (DATE('2010-03-12'),null);
INSERT INTO IVL_TS (VALUE1_LOW_VALUE,VALUE1_HIGH_VALUE) values (DATE('2010-03-13'),null);
INSERT INTO IVL_TS (VALUE1_LOW_VALUE,VALUE1_HIGH_VALUE) values (DATE('2010-03-14'),null);
INSERT INTO IVL_TS (VALUE1_LOW_VALUE,VALUE1_HIGH_VALUE) values (DATE('2010-03-15'),null);

INSERT INTO IVL_TS (VALUE1_LOW_VALUE,VALUE1_HIGH_VALUE) values (DATE('2010-03-01'),DATE('2010-03-11'));
INSERT INTO IVL_TS (VALUE1_LOW_VALUE,VALUE1_HIGH_VALUE) values (DATE('2010-03-02'),DATE('2010-03-12'));
INSERT INTO IVL_TS (VALUE1_LOW_VALUE,VALUE1_HIGH_VALUE) values (DATE('2010-03-03'),DATE('2010-03-13'));
INSERT INTO IVL_TS (VALUE1_LOW_VALUE,VALUE1_HIGH_VALUE) values (DATE('2010-03-04'),DATE('2010-03-14'));
INSERT INTO IVL_TS (VALUE1_LOW_VALUE,VALUE1_HIGH_VALUE) values (DATE('2010-03-05'),DATE('2010-03-15'));


INSERT INTO IVL_TS (VALUE2_HIGH_VALUE,VALUE2_LOW_CLOSED) Values ( null,null);

INSERT INTO IVL_TS (VALUE2_HIGH_VALUE,VALUE2_LOW_CLOSED) Values (DATE('2010-03-11'),null );
INSERT INTO IVL_TS (VALUE2_HIGH_VALUE,VALUE2_LOW_CLOSED) Values (DATE('2010-03-12'),null );
INSERT INTO IVL_TS (VALUE2_HIGH_VALUE,VALUE2_LOW_CLOSED) Values (DATE('2010-03-13'),null );
INSERT INTO IVL_TS (VALUE2_HIGH_VALUE,VALUE2_LOW_CLOSED) Values (DATE('2010-03-14'),null );
INSERT INTO IVL_TS (VALUE2_HIGH_VALUE,VALUE2_LOW_CLOSED) Values (DATE('2010-03-15'),null );

INSERT INTO IVL_TS (VALUE2_HIGH_VALUE,VALUE2_LOW_CLOSED) Values (DATE('2010-03-11'),1 );
INSERT INTO IVL_TS (VALUE2_HIGH_VALUE,VALUE2_LOW_CLOSED) Values (DATE('2010-03-12'),1 );
INSERT INTO IVL_TS (VALUE2_HIGH_VALUE,VALUE2_LOW_CLOSED) Values (DATE('2010-03-13'),1 );
INSERT INTO IVL_TS (VALUE2_HIGH_VALUE,VALUE2_LOW_CLOSED) Values (DATE('2010-03-14'),1 );
INSERT INTO IVL_TS (VALUE2_HIGH_VALUE,VALUE2_LOW_CLOSED) Values (DATE('2010-03-15'),1 );


INSERT INTO IVL_TS (VALUE3_HIGH_VALUE,VALUE3_LOW_VALUE,VALUE3_WIDTH_VALUE,VALUE3_NULL_FLAVOR) values (null,null,null,null);

INSERT INTO IVL_TS (VALUE3_HIGH_VALUE,VALUE3_LOW_VALUE,VALUE3_WIDTH_VALUE,VALUE3_NULL_FLAVOR)
	values (DATE('2010-03-11'),DATE('2010-03-01'),4,null);
INSERT INTO IVL_TS (VALUE3_HIGH_VALUE,VALUE3_LOW_VALUE,VALUE3_WIDTH_VALUE,VALUE3_NULL_FLAVOR)
	values (DATE('2010-03-12'),DATE('2010-03-02'),4,null);
INSERT INTO IVL_TS (VALUE3_HIGH_VALUE,VALUE3_LOW_VALUE,VALUE3_WIDTH_VALUE,VALUE3_NULL_FLAVOR)
	values (DATE('2010-03-13'),DATE('2010-03-03'),4,null);
INSERT INTO IVL_TS (VALUE3_HIGH_VALUE,VALUE3_LOW_VALUE,VALUE3_WIDTH_VALUE,VALUE3_NULL_FLAVOR)
	values (DATE('2010-03-14'),DATE('2010-03-04'),4,null);
INSERT INTO IVL_TS (VALUE3_HIGH_VALUE,VALUE3_LOW_VALUE,VALUE3_WIDTH_VALUE,VALUE3_NULL_FLAVOR)
	values (DATE('2010-03-15'),DATE('2010-03-05'),4,null);

INSERT INTO IVL_TS (VALUE3_HIGH_VALUE,VALUE3_LOW_VALUE,VALUE3_WIDTH_VALUE,VALUE3_NULL_FLAVOR)
	values (DATE('2010-03-21'),DATE('2010-03-01'),4,'NI');
INSERT INTO IVL_TS (VALUE3_HIGH_VALUE,VALUE3_LOW_VALUE,VALUE3_WIDTH_VALUE,VALUE3_NULL_FLAVOR)
	values (DATE('2010-03-22'),DATE('2010-03-02'),4,'NI');
INSERT INTO IVL_TS (VALUE3_HIGH_VALUE,VALUE3_LOW_VALUE,VALUE3_WIDTH_VALUE,VALUE3_NULL_FLAVOR)
	values (DATE('2010-03-23'),DATE('2010-03-03'),4,'NI');
INSERT INTO IVL_TS (VALUE3_HIGH_VALUE,VALUE3_LOW_VALUE,VALUE3_WIDTH_VALUE,VALUE3_NULL_FLAVOR)
	values (DATE('2010-03-24'),DATE('2010-03-04'),4,'NI');
INSERT INTO IVL_TS (VALUE3_HIGH_VALUE,VALUE3_LOW_VALUE,VALUE3_WIDTH_VALUE,VALUE3_NULL_FLAVOR)
	values (DATE('2010-03-25'),DATE('2010-03-05'),4,'NI');


INSERT INTO IVL_REAL (VALUE1_LOW_VALUE,VALUE1_HIGH_VALUE) values (null,null);

INSERT INTO IVL_REAL (VALUE1_LOW_VALUE,VALUE1_HIGH_VALUE) values (10.1,null);
INSERT INTO IVL_REAL (VALUE1_LOW_VALUE,VALUE1_HIGH_VALUE) values (10.2,null);
INSERT INTO IVL_REAL (VALUE1_LOW_VALUE,VALUE1_HIGH_VALUE) values (10.3,null);
INSERT INTO IVL_REAL (VALUE1_LOW_VALUE,VALUE1_HIGH_VALUE) values (10.4,null);
INSERT INTO IVL_REAL (VALUE1_LOW_VALUE,VALUE1_HIGH_VALUE) values (10.5,null);

INSERT INTO IVL_REAL (VALUE1_LOW_VALUE,VALUE1_HIGH_VALUE) values (1,210);
INSERT INTO IVL_REAL (VALUE1_LOW_VALUE,VALUE1_HIGH_VALUE) values (2,220);
INSERT INTO IVL_REAL (VALUE1_LOW_VALUE,VALUE1_HIGH_VALUE) values (3,230);
INSERT INTO IVL_REAL (VALUE1_LOW_VALUE,VALUE1_HIGH_VALUE) values (4,240);
INSERT INTO IVL_REAL (VALUE1_LOW_VALUE,VALUE1_HIGH_VALUE) values (5,250);


INSERT INTO IVL_REAL (VALUE2_HIGH_VALUE,VALUE2_LOW_CLOSED) Values (null,null);

INSERT INTO IVL_REAL (VALUE2_HIGH_VALUE,VALUE2_LOW_CLOSED) Values (310,null );
INSERT INTO IVL_REAL (VALUE2_HIGH_VALUE,VALUE2_LOW_CLOSED) Values (320,null );
INSERT INTO IVL_REAL (VALUE2_HIGH_VALUE,VALUE2_LOW_CLOSED) Values (330,null );
INSERT INTO IVL_REAL (VALUE2_HIGH_VALUE,VALUE2_LOW_CLOSED) Values (340,null );
INSERT INTO IVL_REAL (VALUE2_HIGH_VALUE,VALUE2_LOW_CLOSED) Values (350,null );

INSERT INTO IVL_REAL (VALUE2_HIGH_VALUE,VALUE2_LOW_CLOSED) Values (40,1 );
INSERT INTO IVL_REAL (VALUE2_HIGH_VALUE,VALUE2_LOW_CLOSED) Values (41,1 );
INSERT INTO IVL_REAL (VALUE2_HIGH_VALUE,VALUE2_LOW_CLOSED) Values (42,1 );
INSERT INTO IVL_REAL (VALUE2_HIGH_VALUE,VALUE2_LOW_CLOSED) Values (43,1 );
INSERT INTO IVL_REAL (VALUE2_HIGH_VALUE,VALUE2_LOW_CLOSED) Values (44,1 );


INSERT INTO IVL_REAL (
	VALUE3_ANY_VALUE,VALUE3_HIGH_VALUE,VALUE3_HIGH_CLOSED,VALUE3_LOW_VALUE,VALUE3_LOW_CLOSED,VALUE3_WIDTH_VALUE,VALUE3_NULL_FLAVOR
	) values (null,null,null,null,null,null,null);

INSERT INTO IVL_REAL (
	VALUE3_ANY_VALUE,VALUE3_HIGH_VALUE,VALUE3_HIGH_CLOSED,VALUE3_LOW_VALUE,VALUE3_LOW_CLOSED,VALUE3_WIDTH_VALUE,VALUE3_NULL_FLAVOR
	) values (55,510,1,2,1,44,null);
INSERT INTO IVL_REAL (
	VALUE3_ANY_VALUE,VALUE3_HIGH_VALUE,VALUE3_HIGH_CLOSED,VALUE3_LOW_VALUE,VALUE3_LOW_CLOSED,VALUE3_WIDTH_VALUE,VALUE3_NULL_FLAVOR
	) values (55,520,1,2,1,44,null);
INSERT INTO IVL_REAL (
	VALUE3_ANY_VALUE,VALUE3_HIGH_VALUE,VALUE3_HIGH_CLOSED,VALUE3_LOW_VALUE,VALUE3_LOW_CLOSED,VALUE3_WIDTH_VALUE,VALUE3_NULL_FLAVOR
	) values (55,530,1,2,1,44,null);
INSERT INTO IVL_REAL (
	VALUE3_ANY_VALUE,VALUE3_HIGH_VALUE,VALUE3_HIGH_CLOSED,VALUE3_LOW_VALUE,VALUE3_LOW_CLOSED,VALUE3_WIDTH_VALUE,VALUE3_NULL_FLAVOR
	) values (55,540,1,2,1,44,null);
INSERT INTO IVL_REAL (
	VALUE3_ANY_VALUE,VALUE3_HIGH_VALUE,VALUE3_HIGH_CLOSED,VALUE3_LOW_VALUE,VALUE3_LOW_CLOSED,VALUE3_WIDTH_VALUE,VALUE3_NULL_FLAVOR
	) values (55,550,1,2,1,44,null);

INSERT INTO IVL_REAL (
	VALUE3_ANY_VALUE,VALUE3_HIGH_VALUE,VALUE3_HIGH_CLOSED,VALUE3_LOW_VALUE,VALUE3_LOW_CLOSED,VALUE3_WIDTH_VALUE,VALUE3_NULL_FLAVOR
	) values (65,610,1,251,1,4,'NI');
INSERT INTO IVL_REAL (
	VALUE3_ANY_VALUE,VALUE3_HIGH_VALUE,VALUE3_HIGH_CLOSED,VALUE3_LOW_VALUE,VALUE3_LOW_CLOSED,VALUE3_WIDTH_VALUE,VALUE3_NULL_FLAVOR
	) values (65,620,1,252,1,4,'NI');
INSERT INTO IVL_REAL (
	VALUE3_ANY_VALUE,VALUE3_HIGH_VALUE,VALUE3_HIGH_CLOSED,VALUE3_LOW_VALUE,VALUE3_LOW_CLOSED,VALUE3_WIDTH_VALUE,VALUE3_NULL_FLAVOR
	) values (65,630,1,253,1,4,'NI');
INSERT INTO IVL_REAL (
	VALUE3_ANY_VALUE,VALUE3_HIGH_VALUE,VALUE3_HIGH_CLOSED,VALUE3_LOW_VALUE,VALUE3_LOW_CLOSED,VALUE3_WIDTH_VALUE,VALUE3_NULL_FLAVOR
	) values (65,640,1,254,1,4,'NI');
INSERT INTO IVL_REAL (
	VALUE3_ANY_VALUE,VALUE3_HIGH_VALUE,VALUE3_HIGH_CLOSED,VALUE3_LOW_VALUE,VALUE3_LOW_CLOSED,VALUE3_WIDTH_VALUE,VALUE3_NULL_FLAVOR
	) values (65,650,1,255,1,4,'NI');


INSERT INTO IVL_PQ (VALUE1_LOW_VALUE) values (null);

INSERT INTO IVL_PQ (VALUE1_LOW_VALUE) values (1.10);
INSERT INTO IVL_PQ (VALUE1_LOW_VALUE) values (2.10);
INSERT INTO IVL_PQ (VALUE1_LOW_VALUE) values (3.10);
INSERT INTO IVL_PQ (VALUE1_LOW_VALUE) values (4.10);
INSERT INTO IVL_PQ (VALUE1_LOW_VALUE) values (5.10);

INSERT INTO IVL_PQ (VALUE2_LOW_VALUE,VALUE2_LOW_PRECISION,VALUE2_LOW_UNIT) Values (null,null,null);

INSERT INTO IVL_PQ (VALUE2_LOW_VALUE,VALUE2_LOW_PRECISION,VALUE2_LOW_UNIT) Values (221.10,2,null);
INSERT INTO IVL_PQ (VALUE2_LOW_VALUE,VALUE2_LOW_PRECISION,VALUE2_LOW_UNIT) Values (222.10,2,null);
INSERT INTO IVL_PQ (VALUE2_LOW_VALUE,VALUE2_LOW_PRECISION,VALUE2_LOW_UNIT) Values (223.10,2,null);
INSERT INTO IVL_PQ (VALUE2_LOW_VALUE,VALUE2_LOW_PRECISION,VALUE2_LOW_UNIT) Values (224.10,2,null);
INSERT INTO IVL_PQ (VALUE2_LOW_VALUE,VALUE2_LOW_PRECISION,VALUE2_LOW_UNIT) Values (225.10,2,null);

INSERT INTO IVL_PQ (VALUE2_LOW_VALUE,VALUE2_LOW_PRECISION,VALUE2_LOW_UNIT) Values (221.10,2,'Unit');
INSERT INTO IVL_PQ (VALUE2_LOW_VALUE,VALUE2_LOW_PRECISION,VALUE2_LOW_UNIT) Values (222.10,2,'Unit');
INSERT INTO IVL_PQ (VALUE2_LOW_VALUE,VALUE2_LOW_PRECISION,VALUE2_LOW_UNIT) Values (223.10,2,'Unit');
INSERT INTO IVL_PQ (VALUE2_LOW_VALUE,VALUE2_LOW_PRECISION,VALUE2_LOW_UNIT) Values (224.10,2,'Unit');
INSERT INTO IVL_PQ (VALUE2_LOW_VALUE,VALUE2_LOW_PRECISION,VALUE2_LOW_UNIT) Values (225.10,2,'Unit');


INSERT INTO IVL_PQ (
	VALUE4_HIGH_VALUE, VALUE4_HIGH_PRECISION, VALUE4_HIGH_UNIT, VALUE4_HIGH_CLOSED, VALUE4_HIGH_NULL_FLAVOR,
	VALUE4_LOW_VALUE,  VALUE4_LOW_PRECISION, VALUE4_LOW_UNIT, VALUE4_LOW_NULL_FLAVOR, VALUE4_LOW_CLOSED,
	VALUE4_WIDTH_VALUE, VALUE4_WIDTH_PRECISION,VALUE4_WIDTH_UNIT, VALUE4_WIDTH_NULL_FLAVOR, VALUE4_NULL_FLAVOR
	) values (null,null,null,null,null,null,null,null,null,null,null,null,null,null,null);
INSERT INTO IVL_PQ (
	VALUE4_HIGH_VALUE, VALUE4_HIGH_PRECISION, VALUE4_HIGH_UNIT, VALUE4_HIGH_CLOSED, VALUE4_HIGH_NULL_FLAVOR,
	VALUE4_LOW_VALUE,  VALUE4_LOW_PRECISION, VALUE4_LOW_UNIT, VALUE4_LOW_NULL_FLAVOR, VALUE4_LOW_CLOSED,
	VALUE4_WIDTH_VALUE, VALUE4_WIDTH_PRECISION,VALUE4_WIDTH_UNIT, VALUE4_WIDTH_NULL_FLAVOR, VALUE4_NULL_FLAVOR
	) values (5.10,2,'VALUE4_HIGH_UNIT1',1,'NI',1.10,2,'VALUE4_LOW_UNIT','NI',1,5.10,2,'VALUE4_WIDTH_UNIT1','NI','NI');
INSERT INTO IVL_PQ (
	VALUE4_HIGH_VALUE, VALUE4_HIGH_PRECISION, VALUE4_HIGH_UNIT, VALUE4_HIGH_CLOSED, VALUE4_HIGH_NULL_FLAVOR,
	VALUE4_LOW_VALUE,  VALUE4_LOW_PRECISION, VALUE4_LOW_UNIT, VALUE4_LOW_NULL_FLAVOR, VALUE4_LOW_CLOSED,
	VALUE4_WIDTH_VALUE, VALUE4_WIDTH_PRECISION,VALUE4_WIDTH_UNIT, VALUE4_WIDTH_NULL_FLAVOR, VALUE4_NULL_FLAVOR
	) values (6.10,2,'VALUE4_HIGH_UNIT2',1,'NI',1.10,2,'VALUE4_LOW_UNIT','NI',1,5.10,2,'VALUE4_WIDTH_UNIT2','NI','NI');
INSERT INTO IVL_PQ (
	VALUE4_HIGH_VALUE, VALUE4_HIGH_PRECISION, VALUE4_HIGH_UNIT, VALUE4_HIGH_CLOSED, VALUE4_HIGH_NULL_FLAVOR,
	VALUE4_LOW_VALUE,  VALUE4_LOW_PRECISION, VALUE4_LOW_UNIT, VALUE4_LOW_NULL_FLAVOR, VALUE4_LOW_CLOSED,
	VALUE4_WIDTH_VALUE, VALUE4_WIDTH_PRECISION,VALUE4_WIDTH_UNIT, VALUE4_WIDTH_NULL_FLAVOR, VALUE4_NULL_FLAVOR
	) values (7.10,2,'VALUE4_HIGH_UNIT3',1,'NI',1.10,2,'VALUE4_LOW_UNIT','NI',1,5.10,2,'VALUE4_WIDTH_UNIT3','NI','NI');
INSERT INTO IVL_PQ (
	VALUE4_HIGH_VALUE, VALUE4_HIGH_PRECISION, VALUE4_HIGH_UNIT, VALUE4_HIGH_CLOSED, VALUE4_HIGH_NULL_FLAVOR,
	VALUE4_LOW_VALUE,  VALUE4_LOW_PRECISION, VALUE4_LOW_UNIT, VALUE4_LOW_NULL_FLAVOR, VALUE4_LOW_CLOSED,
	VALUE4_WIDTH_VALUE, VALUE4_WIDTH_PRECISION,VALUE4_WIDTH_UNIT, VALUE4_WIDTH_NULL_FLAVOR, VALUE4_NULL_FLAVOR
	) values (8.10,2,'VALUE4_HIGH_UNIT4',1,'NI',1.10,2,'VALUE4_LOW_UNIT','NI',1,5,2,'VALUE4_WIDTH_UNIT4','NI','NI');
INSERT INTO IVL_PQ (
	VALUE4_HIGH_VALUE, VALUE4_HIGH_PRECISION, VALUE4_HIGH_UNIT, VALUE4_HIGH_CLOSED, VALUE4_HIGH_NULL_FLAVOR,
	VALUE4_LOW_VALUE,  VALUE4_LOW_PRECISION, VALUE4_LOW_UNIT, VALUE4_LOW_NULL_FLAVOR, VALUE4_LOW_CLOSED,
	VALUE4_WIDTH_VALUE, VALUE4_WIDTH_PRECISION,VALUE4_WIDTH_UNIT, VALUE4_WIDTH_NULL_FLAVOR, VALUE4_NULL_FLAVOR
	) values (9.10,2,'VALUE4_HIGH_UNIT5',1,'NI',1.10,2,'VALUE4_LOW_UNIT','NI',1,5.10,2,'VALUE4_WIDTH_UNIT5','NI','NI');


INSERT INTO IVL_PQV (VALUE1_LOW_VALUE) values (null);

INSERT INTO IVL_PQV (VALUE1_LOW_VALUE) values (1.10);
INSERT INTO IVL_PQV (VALUE1_LOW_VALUE) values (2.10);
INSERT INTO IVL_PQV (VALUE1_LOW_VALUE) values (3.10);
INSERT INTO IVL_PQV (VALUE1_LOW_VALUE) values (4.10);
INSERT INTO IVL_PQV (VALUE1_LOW_VALUE) values (5.10);

INSERT INTO IVL_PQV (VALUE2_LOW_VALUE,VALUE2_LOW_PRECISION,VALUE2_HIGH_CLOSED) values (null,null,null );

INSERT INTO IVL_PQV (VALUE2_LOW_VALUE,VALUE2_LOW_PRECISION,VALUE2_HIGH_CLOSED) values (1.10,2,null );
INSERT INTO IVL_PQV (VALUE2_LOW_VALUE,VALUE2_LOW_PRECISION,VALUE2_HIGH_CLOSED) values (2.10,2,null );
INSERT INTO IVL_PQV (VALUE2_LOW_VALUE,VALUE2_LOW_PRECISION,VALUE2_HIGH_CLOSED) values (3.10,2,null );
INSERT INTO IVL_PQV (VALUE2_LOW_VALUE,VALUE2_LOW_PRECISION,VALUE2_HIGH_CLOSED) values (4.10,2,null );
INSERT INTO IVL_PQV (VALUE2_LOW_VALUE,VALUE2_LOW_PRECISION,VALUE2_HIGH_CLOSED) values (5.10,2,null );

INSERT INTO IVL_PQV (VALUE2_LOW_VALUE,VALUE2_LOW_PRECISION,VALUE2_HIGH_CLOSED) values (1.10,2,1 );
INSERT INTO IVL_PQV (VALUE2_LOW_VALUE,VALUE2_LOW_PRECISION,VALUE2_HIGH_CLOSED) values (2.10,2,1 );
INSERT INTO IVL_PQV (VALUE2_LOW_VALUE,VALUE2_LOW_PRECISION,VALUE2_HIGH_CLOSED) values (3.10,2,1 );
INSERT INTO IVL_PQV (VALUE2_LOW_VALUE,VALUE2_LOW_PRECISION,VALUE2_HIGH_CLOSED) values (4.10,2,1 );
INSERT INTO IVL_PQV (VALUE2_LOW_VALUE,VALUE2_LOW_PRECISION,VALUE2_HIGH_CLOSED) values (5.10,2,1 );


INSERT INTO IVL_PQV (VALUE3_LOW_VALUE,VALUE3_LOW_PRECISION,VALUE3_HIGH_VALUE,VALUE3_HIGH_PRECISION,VALUE3_HIGH_NULL_FLAVOR
	) values (null,null,null,null,null);

INSERT INTO IVL_PQV (VALUE3_LOW_VALUE,VALUE3_LOW_PRECISION,VALUE3_HIGH_VALUE,VALUE3_HIGH_PRECISION,VALUE3_HIGH_NULL_FLAVOR
	) values (1.10,2,610.10,2,null);
INSERT INTO IVL_PQV (VALUE3_LOW_VALUE,VALUE3_LOW_PRECISION,VALUE3_HIGH_VALUE,VALUE3_HIGH_PRECISION,VALUE3_HIGH_NULL_FLAVOR
	) values (2.10,2,620.10,2,null);
INSERT INTO IVL_PQV (VALUE3_LOW_VALUE,VALUE3_LOW_PRECISION,VALUE3_HIGH_VALUE,VALUE3_HIGH_PRECISION,VALUE3_HIGH_NULL_FLAVOR
	) values (3.10,2,630.10,2,null);
INSERT INTO IVL_PQV (VALUE3_LOW_VALUE,VALUE3_LOW_PRECISION,VALUE3_HIGH_VALUE,VALUE3_HIGH_PRECISION,VALUE3_HIGH_NULL_FLAVOR
	) values (4.10,2,640.10,2,null);
INSERT INTO IVL_PQV (VALUE3_LOW_VALUE,VALUE3_LOW_PRECISION,VALUE3_HIGH_VALUE,VALUE3_HIGH_PRECISION,VALUE3_HIGH_NULL_FLAVOR
	) values (5.10,2,650.10,2,null);

INSERT INTO IVL_PQV (VALUE3_LOW_VALUE,VALUE3_LOW_PRECISION,VALUE3_HIGH_VALUE,VALUE3_HIGH_PRECISION,VALUE3_HIGH_NULL_FLAVOR
	) values (1.10,2,610.10,2,'NI');
INSERT INTO IVL_PQV (VALUE3_LOW_VALUE,VALUE3_LOW_PRECISION,VALUE3_HIGH_VALUE,VALUE3_HIGH_PRECISION,VALUE3_HIGH_NULL_FLAVOR
	) values (2.10,2,620.10,2,'NI');
INSERT INTO IVL_PQV (VALUE3_LOW_VALUE,VALUE3_LOW_PRECISION,VALUE3_HIGH_VALUE,VALUE3_HIGH_PRECISION,VALUE3_HIGH_NULL_FLAVOR
	) values (3.10,2,630.10,2,'NI');
INSERT INTO IVL_PQV (VALUE3_LOW_VALUE,VALUE3_LOW_PRECISION,VALUE3_HIGH_VALUE,VALUE3_HIGH_PRECISION,VALUE3_HIGH_NULL_FLAVOR
	) values (4.10,2,640.10,2,'NI');
INSERT INTO IVL_PQV (VALUE3_LOW_VALUE,VALUE3_LOW_PRECISION,VALUE3_HIGH_VALUE,VALUE3_HIGH_PRECISION,VALUE3_HIGH_NULL_FLAVOR
	) values (5.10,2,650.10,2,'NI');

INSERT INTO IVL_PQV (
	VALUE4_HIGH_VALUE, VALUE4_HIGH_PRECISION, VALUE4_HIGH_NULL_FLAVOR,
	VALUE4_LOW_VALUE,VALUE4_LOW_PRECISION,VALUE4_LOW_NULL_FLAVOR,
	VALUE4_WIDTH_VALUE,VALUE4_WIDTH_PRECISION,VALUE4_WIDTH_NULL_FLAVOR
	) values (null,null,null,null,null,null,null,null,null);

INSERT INTO IVL_PQV (
	VALUE4_HIGH_VALUE, VALUE4_HIGH_PRECISION, VALUE4_HIGH_NULL_FLAVOR,
	VALUE4_LOW_VALUE,VALUE4_LOW_PRECISION,VALUE4_LOW_NULL_FLAVOR,
	VALUE4_WIDTH_VALUE,VALUE4_WIDTH_PRECISION,VALUE4_WIDTH_NULL_FLAVOR
	) values (710.10,2,'NI',null,null,null,null,null,null);
INSERT INTO IVL_PQV (
	VALUE4_HIGH_VALUE, VALUE4_HIGH_PRECISION, VALUE4_HIGH_NULL_FLAVOR,
	VALUE4_LOW_VALUE,VALUE4_LOW_PRECISION,VALUE4_LOW_NULL_FLAVOR,
	VALUE4_WIDTH_VALUE,VALUE4_WIDTH_PRECISION,VALUE4_WIDTH_NULL_FLAVOR
	) values (720.10,2,'NI',null,null,null,null,null,null);
INSERT INTO IVL_PQV (
	VALUE4_HIGH_VALUE, VALUE4_HIGH_PRECISION, VALUE4_HIGH_NULL_FLAVOR,
	VALUE4_LOW_VALUE,VALUE4_LOW_PRECISION,VALUE4_LOW_NULL_FLAVOR,
	VALUE4_WIDTH_VALUE,VALUE4_WIDTH_PRECISION,VALUE4_WIDTH_NULL_FLAVOR
	) values (730.10,2,'NI',null,null,null,null,null,null);
INSERT INTO IVL_PQV (
	VALUE4_HIGH_VALUE, VALUE4_HIGH_PRECISION, VALUE4_HIGH_NULL_FLAVOR,
	VALUE4_LOW_VALUE,VALUE4_LOW_PRECISION,VALUE4_LOW_NULL_FLAVOR,
	VALUE4_WIDTH_VALUE,VALUE4_WIDTH_PRECISION,VALUE4_WIDTH_NULL_FLAVOR
	) values (740.10,2,'NI',null,null,null,null,null,null);
INSERT INTO IVL_PQV (
	VALUE4_HIGH_VALUE, VALUE4_HIGH_PRECISION, VALUE4_HIGH_NULL_FLAVOR,
	VALUE4_LOW_VALUE,VALUE4_LOW_PRECISION,VALUE4_LOW_NULL_FLAVOR,
	VALUE4_WIDTH_VALUE,VALUE4_WIDTH_PRECISION,VALUE4_WIDTH_NULL_FLAVOR
	) values (750.10,2,'NI',null,null,null,null,null,null);

INSERT INTO IVL_PQV (
	VALUE4_HIGH_VALUE, VALUE4_HIGH_PRECISION, VALUE4_HIGH_NULL_FLAVOR,
	VALUE4_LOW_VALUE,VALUE4_LOW_PRECISION,VALUE4_LOW_NULL_FLAVOR,
	VALUE4_WIDTH_VALUE,VALUE4_WIDTH_PRECISION,VALUE4_WIDTH_NULL_FLAVOR
	) values (11.10,2,'NI',100.10,2,'NI',null,null,null);
INSERT INTO IVL_PQV (
	VALUE4_HIGH_VALUE, VALUE4_HIGH_PRECISION, VALUE4_HIGH_NULL_FLAVOR,
	VALUE4_LOW_VALUE,VALUE4_LOW_PRECISION,VALUE4_LOW_NULL_FLAVOR,
	VALUE4_WIDTH_VALUE,VALUE4_WIDTH_PRECISION,VALUE4_WIDTH_NULL_FLAVOR
	) values (12.10,2,'NI',100.10,2,'NI',null,null,null);
INSERT INTO IVL_PQV (
	VALUE4_HIGH_VALUE, VALUE4_HIGH_PRECISION, VALUE4_HIGH_NULL_FLAVOR,
	VALUE4_LOW_VALUE,VALUE4_LOW_PRECISION,VALUE4_LOW_NULL_FLAVOR,
	VALUE4_WIDTH_VALUE,VALUE4_WIDTH_PRECISION,VALUE4_WIDTH_NULL_FLAVOR
	) values (13.10,2,'NI',100.10,2,'NI',null,null,null);
INSERT INTO IVL_PQV (
	VALUE4_HIGH_VALUE, VALUE4_HIGH_PRECISION, VALUE4_HIGH_NULL_FLAVOR,
	VALUE4_LOW_VALUE,VALUE4_LOW_PRECISION,VALUE4_LOW_NULL_FLAVOR,
	VALUE4_WIDTH_VALUE,VALUE4_WIDTH_PRECISION,VALUE4_WIDTH_NULL_FLAVOR
	) values (14.10,2,'NI',100.10,2,'NI',null,null,null);
INSERT INTO IVL_PQV (
	VALUE4_HIGH_VALUE, VALUE4_HIGH_PRECISION, VALUE4_HIGH_NULL_FLAVOR,
	VALUE4_LOW_VALUE,VALUE4_LOW_PRECISION,VALUE4_LOW_NULL_FLAVOR,
	VALUE4_WIDTH_VALUE,VALUE4_WIDTH_PRECISION,VALUE4_WIDTH_NULL_FLAVOR
	) values (15.10,2,'NI',100.10,2,'NI',null,null,null);

INSERT INTO IVL_PQV (
	VALUE4_HIGH_VALUE, VALUE4_HIGH_PRECISION, VALUE4_HIGH_NULL_FLAVOR,
	VALUE4_LOW_VALUE,VALUE4_LOW_PRECISION,VALUE4_LOW_NULL_FLAVOR,
	VALUE4_WIDTH_VALUE,VALUE4_WIDTH_PRECISION,VALUE4_WIDTH_NULL_FLAVOR
	) values (210.10,2,'NI',100.10,2,'NI',5,2,'NI');
INSERT INTO IVL_PQV (
	VALUE4_HIGH_VALUE, VALUE4_HIGH_PRECISION, VALUE4_HIGH_NULL_FLAVOR,
	VALUE4_LOW_VALUE,VALUE4_LOW_PRECISION,VALUE4_LOW_NULL_FLAVOR,
	VALUE4_WIDTH_VALUE,VALUE4_WIDTH_PRECISION,VALUE4_WIDTH_NULL_FLAVOR
	) values (220.10,2,'NI',100.10,2,'NI',5,2,'NI');
INSERT INTO IVL_PQV (
	VALUE4_HIGH_VALUE, VALUE4_HIGH_PRECISION, VALUE4_HIGH_NULL_FLAVOR,
	VALUE4_LOW_VALUE,VALUE4_LOW_PRECISION,VALUE4_LOW_NULL_FLAVOR,
	VALUE4_WIDTH_VALUE,VALUE4_WIDTH_PRECISION,VALUE4_WIDTH_NULL_FLAVOR
	) values (230.10,2,'NI',100.10,2,'NI',5,2,'NI');
INSERT INTO IVL_PQV (
	VALUE4_HIGH_VALUE, VALUE4_HIGH_PRECISION, VALUE4_HIGH_NULL_FLAVOR,
	VALUE4_LOW_VALUE,VALUE4_LOW_PRECISION,VALUE4_LOW_NULL_FLAVOR,
	VALUE4_WIDTH_VALUE,VALUE4_WIDTH_PRECISION,VALUE4_WIDTH_NULL_FLAVOR
	) values (240.10,2,'NI',100.10,2,'NI',5,2,'NI');
INSERT INTO IVL_PQV (
	VALUE4_HIGH_VALUE, VALUE4_HIGH_PRECISION, VALUE4_HIGH_NULL_FLAVOR,
	VALUE4_LOW_VALUE,VALUE4_LOW_PRECISION,VALUE4_LOW_NULL_FLAVOR,
	VALUE4_WIDTH_VALUE,VALUE4_WIDTH_PRECISION,VALUE4_WIDTH_NULL_FLAVOR
	) values (250.10,2,'NI',100.10,2,'NI',5,2,'NI');



INSERT INTO DSET_II () values ();
INSERT INTO DSET_II_VALUE1 (DSET_II_ID, EXTENSION ) values (last_insert_id(),'Extension1');
INSERT INTO DSET_II () values ();
INSERT INTO DSET_II_VALUE1 (DSET_II_ID, EXTENSION ) values (last_insert_id(),'Extension2');
INSERT INTO DSET_II () values ();
INSERT INTO DSET_II_VALUE1 (DSET_II_ID, EXTENSION ) values (last_insert_id(),'Extension3');
INSERT INTO DSET_II () values ();
INSERT INTO DSET_II_VALUE1 (DSET_II_ID, EXTENSION ) values (last_insert_id(),'Extension4');
INSERT INTO DSET_II () values ();
INSERT INTO DSET_II_VALUE1 (DSET_II_ID, EXTENSION ) values (last_insert_id(),'Extension5');


INSERT INTO DSET_II () values ();
INSERT INTO DSET_II_VALUE2 (DSET_II_ID, EXTENSION, ROOT, NULL_FLAVOR ) values (last_insert_id(),'Extension1','ROOT1','NI');
INSERT INTO DSET_II () values ();
INSERT INTO DSET_II_VALUE2 (DSET_II_ID, EXTENSION, ROOT, NULL_FLAVOR ) values (last_insert_id(),'Extension2','ROOT2','NI');
INSERT INTO DSET_II () values ();
INSERT INTO DSET_II_VALUE2 (DSET_II_ID, EXTENSION, ROOT, NULL_FLAVOR ) values (last_insert_id(),'Extension3','ROOT3','NI');
INSERT INTO DSET_II () values ();
INSERT INTO DSET_II_VALUE2 (DSET_II_ID, EXTENSION, ROOT, NULL_FLAVOR ) values (last_insert_id(),'Extension4','ROOT4','NI');
INSERT INTO DSET_II () values ();
INSERT INTO DSET_II_VALUE2 (DSET_II_ID, EXTENSION, ROOT, NULL_FLAVOR ) values (last_insert_id(),'Extension5','ROOT5','NI');


INSERT INTO DSET_II () values ();
INSERT INTO DSET_II_VALUE3 (DSET_II_ID, EXTENSION, IDENTIFIER_NAME ) values (last_insert_id(),'Extension1','IDENTIFIER_NAME1');
INSERT INTO DSET_II () values ();
INSERT INTO DSET_II_VALUE3 (DSET_II_ID, EXTENSION, IDENTIFIER_NAME ) values (last_insert_id(),'Extension2','IDENTIFIER_NAME2');
INSERT INTO DSET_II () values ();
INSERT INTO DSET_II_VALUE3 (DSET_II_ID, EXTENSION, IDENTIFIER_NAME ) values (last_insert_id(),'Extension3','IDENTIFIER_NAME3');
INSERT INTO DSET_II () values ();
INSERT INTO DSET_II_VALUE3 (DSET_II_ID, EXTENSION, IDENTIFIER_NAME ) values (last_insert_id(),'Extension4','IDENTIFIER_NAME4');
INSERT INTO DSET_II () values ();
INSERT INTO DSET_II_VALUE3 (DSET_II_ID, EXTENSION, IDENTIFIER_NAME ) values (last_insert_id(),'Extension5','IDENTIFIER_NAME5');


INSERT INTO DSET_II () values ();
INSERT INTO DSET_II_VALUE4 (DSET_II_ID,ROOT,EXTENSION ,IDENTIFIER_NAME,RELIABILITY,SCOPE,DISPLAYABLE_VALUE,NULL_FLAVOR)
values ( last_insert_id(),'Root1','Extension1','IDENTIFIER_NAME1','ISS','BUSN',1,'NI');
INSERT INTO DSET_II () values ();
INSERT INTO DSET_II_VALUE4 (DSET_II_ID,ROOT,EXTENSION ,IDENTIFIER_NAME,RELIABILITY,SCOPE,DISPLAYABLE_VALUE,NULL_FLAVOR)
values ( last_insert_id(),'Root2','Extension2','IDENTIFIER_NAME2','ISS','BUSN',1,'NI');
INSERT INTO DSET_II () values ();
INSERT INTO DSET_II_VALUE4 (DSET_II_ID,ROOT,EXTENSION ,IDENTIFIER_NAME,RELIABILITY,SCOPE,DISPLAYABLE_VALUE,NULL_FLAVOR)
values ( last_insert_id(),'Root3','Extension3','IDENTIFIER_NAME3','ISS','BUSN',1,'NI');
INSERT INTO DSET_II () values ();
INSERT INTO DSET_II_VALUE4 (DSET_II_ID,ROOT,EXTENSION ,IDENTIFIER_NAME,RELIABILITY,SCOPE,DISPLAYABLE_VALUE,NULL_FLAVOR)
values ( last_insert_id(),'Root4','Extension4','IDENTIFIER_NAME4','ISS','BUSN',1,'NI');
INSERT INTO DSET_II () values ();
INSERT INTO DSET_II_VALUE4 (DSET_II_ID,ROOT,EXTENSION ,IDENTIFIER_NAME,RELIABILITY,SCOPE,DISPLAYABLE_VALUE,NULL_FLAVOR)
values ( last_insert_id(),'Root5','Extension5','IDENTIFIER_NAME5','ISS','BUSN',1,'NI');



INSERT INTO DSET_II () values ();
INSERT INTO DSET_II_VALUE5 (DSET_II_ID, EXTENSION ) values (last_insert_id(),'Extension1');
INSERT INTO DSET_II () values ();
INSERT INTO DSET_II_VALUE5 (DSET_II_ID, EXTENSION ) values (last_insert_id(),'Extension2');
INSERT INTO DSET_II () values ();
INSERT INTO DSET_II_VALUE5 (DSET_II_ID, EXTENSION ) values (last_insert_id(),'Extension3');
INSERT INTO DSET_II () values ();
INSERT INTO DSET_II_VALUE5 (DSET_II_ID, EXTENSION ) values (last_insert_id(),'Extension4');
INSERT INTO DSET_II () values ();
INSERT INTO DSET_II_VALUE5 (DSET_II_ID, EXTENSION ) values (last_insert_id(),'Extension5');


INSERT INTO DSET_II () values ();
set @DSET_II_ID_last = last_insert_id();
INSERT INTO DSET_II_VALUE6 ( EXTENSION ) values ( 'Extension1');
set @DSET_II_VALUE6_last = last_insert_id();
INSERT INTO DSET_II_II_VALUE6 (DSET_II_ID, DSET_II_VALUE6_ID ) values (@DSET_II_ID_last, @DSET_II_VALUE6_last);
INSERT INTO DSET_II () values ();
set @DSET_II_ID_last = last_insert_id();
INSERT INTO DSET_II_VALUE6 ( EXTENSION ) values ( 'Extension2');
set @DSET_II_VALUE6_last = last_insert_id();
INSERT INTO DSET_II_II_VALUE6 (DSET_II_ID, DSET_II_VALUE6_ID ) values (@DSET_II_ID_last, @DSET_II_VALUE6_last);
INSERT INTO DSET_II () values ();
set @DSET_II_ID_last = last_insert_id();
INSERT INTO DSET_II_VALUE6 ( EXTENSION ) values ( 'Extension3');
set @DSET_II_VALUE6_last = last_insert_id();
INSERT INTO DSET_II_II_VALUE6 (DSET_II_ID, DSET_II_VALUE6_ID ) values (@DSET_II_ID_last, @DSET_II_VALUE6_last);
INSERT INTO DSET_II () values ();
set @DSET_II_ID_last = last_insert_id();
INSERT INTO DSET_II_VALUE6 (EXTENSION ) values ( 'Extension4');
set @DSET_II_VALUE6_last = last_insert_id();
INSERT INTO DSET_II_II_VALUE6 (DSET_II_ID, DSET_II_VALUE6_ID ) values (@DSET_II_ID_last, @DSET_II_VALUE6_last);
INSERT INTO DSET_II () values ();
set @DSET_II_ID_last = last_insert_id();
INSERT INTO DSET_II_VALUE6 (EXTENSION ) values ( 'Extension5');
set @DSET_II_VALUE6_last = last_insert_id();
INSERT INTO DSET_II_II_VALUE6 (DSET_II_ID, DSET_II_VALUE6_ID ) values (@DSET_II_ID_last, @DSET_II_VALUE6_last);



INSERT INTO DSET_TEL (NULL_FLAVOR) values ('NI');
INSERT INTO DSET_TEL_VALUE1 (DSET_TEL_ID, TEL_VALUE ) values (last_insert_id(),'tel://123-456-7891');
INSERT INTO DSET_TEL (NULL_FLAVOR) values ('NI');
INSERT INTO DSET_TEL_VALUE1 (DSET_TEL_ID, TEL_VALUE ) values (last_insert_id(),'tel://123-456-7892');
INSERT INTO DSET_TEL (NULL_FLAVOR) values ('NI');
INSERT INTO DSET_TEL_VALUE1 (DSET_TEL_ID, TEL_VALUE ) values (last_insert_id(),'tel://123-456-7893');
INSERT INTO DSET_TEL (NULL_FLAVOR) values ('NI');
INSERT INTO DSET_TEL_VALUE1 (DSET_TEL_ID, TEL_VALUE ) values (last_insert_id(),'tel://123-456-7894');
INSERT INTO DSET_TEL (NULL_FLAVOR) values ('NI');
INSERT INTO DSET_TEL_VALUE1 (DSET_TEL_ID, TEL_VALUE ) values (last_insert_id(),'tel://123-456-7895');

INSERT INTO DSET_TEL () values ();
INSERT INTO DSET_TEL_VALUE2 (DSET_TEL_ID, TEL_VALUE ) values (last_insert_id(),'tel://123-456-7891');
INSERT INTO DSET_TEL () values ();
INSERT INTO DSET_TEL_VALUE2 (DSET_TEL_ID, TEL_VALUE ) values (last_insert_id(),'tel://123-456-7892');
INSERT INTO DSET_TEL () values ();
INSERT INTO DSET_TEL_VALUE2 (DSET_TEL_ID, TEL_VALUE ) values (last_insert_id(),'tel://123-456-7893');
INSERT INTO DSET_TEL () values ();
INSERT INTO DSET_TEL_VALUE2 (DSET_TEL_ID, TEL_VALUE ) values (last_insert_id(),'tel://123-456-7894');
INSERT INTO DSET_TEL () values ();
INSERT INTO DSET_TEL_VALUE2 (DSET_TEL_ID, TEL_VALUE ) values (last_insert_id(),'tel://123-456-7895');

INSERT INTO DSET_TEL () values ();
INSERT INTO DSET_TEL_VALUE3 (ID, TEL_VALUE ) values (last_insert_id(),'tel://123-456-7891');
INSERT INTO DSET_TEL () values ();
INSERT INTO DSET_TEL_VALUE3 (ID, TEL_VALUE ) values (last_insert_id(),'tel://123-456-7892');
INSERT INTO DSET_TEL () values ();
INSERT INTO DSET_TEL_VALUE3 (ID, TEL_VALUE ) values (last_insert_id(),'tel://123-456-7893');
INSERT INTO DSET_TEL () values ();
INSERT INTO DSET_TEL_VALUE3 (ID, TEL_VALUE ) values (last_insert_id(),'tel://123-456-7894');
INSERT INTO DSET_TEL () values ();
INSERT INTO DSET_TEL_VALUE3 (ID, TEL_VALUE ) values (last_insert_id(),'tel://123-456-7895');

INSERT INTO DSET_TEL_EMAIL (NULL_FLAVOR) values ('NI');
INSERT INTO DSET_TEL_EMAIL_VALUE1 (DSET_TEL_EMAIL_ID, TEL_EMAIL_VALUE ) values (last_insert_id(),'TEL_EMAIL_VALUE1');
INSERT INTO DSET_TEL_EMAIL (NULL_FLAVOR) values ('NI');
INSERT INTO DSET_TEL_EMAIL_VALUE1 (DSET_TEL_EMAIL_ID, TEL_EMAIL_VALUE ) values (last_insert_id(),'TEL_EMAIL_VALUE2');
INSERT INTO DSET_TEL_EMAIL (NULL_FLAVOR) values ('NI');
INSERT INTO DSET_TEL_EMAIL_VALUE1 (DSET_TEL_EMAIL_ID, TEL_EMAIL_VALUE ) values (last_insert_id(),'TEL_EMAIL_VALUE3');
INSERT INTO DSET_TEL_EMAIL (NULL_FLAVOR) values ('NI');
INSERT INTO DSET_TEL_EMAIL_VALUE1 (DSET_TEL_EMAIL_ID, TEL_EMAIL_VALUE ) values (last_insert_id(),'TEL_EMAIL_VALUE4');
INSERT INTO DSET_TEL_EMAIL (NULL_FLAVOR) values ('NI');
INSERT INTO DSET_TEL_EMAIL_VALUE1 (DSET_TEL_EMAIL_ID, TEL_EMAIL_VALUE ) values (last_insert_id(),'TEL_EMAIL_VALUE5');

INSERT INTO DSET_TEL_EMAIL () values ();
INSERT INTO DSET_TEL_EMAIL_VALUE1 (DSET_TEL_EMAIL_ID, TEL_EMAIL_VALUE  ) values (last_insert_id(),'TEL_EMAIL_VALUE1');
INSERT INTO DSET_TEL_EMAIL () values ();
INSERT INTO DSET_TEL_EMAIL_VALUE1 (DSET_TEL_EMAIL_ID, TEL_EMAIL_VALUE  ) values (last_insert_id(),'TEL_EMAIL_VALUE2');
INSERT INTO DSET_TEL_EMAIL () values ();
INSERT INTO DSET_TEL_EMAIL_VALUE1 (DSET_TEL_EMAIL_ID, TEL_EMAIL_VALUE  ) values (last_insert_id(),'TEL_EMAIL_VALUE3');
INSERT INTO DSET_TEL_EMAIL () values ();
INSERT INTO DSET_TEL_EMAIL_VALUE1 (DSET_TEL_EMAIL_ID, TEL_EMAIL_VALUE  ) values (last_insert_id(),'TEL_EMAIL_VALUE4');
INSERT INTO DSET_TEL_EMAIL () values ();
INSERT INTO DSET_TEL_EMAIL_VALUE1 (DSET_TEL_EMAIL_ID, TEL_EMAIL_VALUE  ) values (last_insert_id(),'TEL_EMAIL_VALUE5');

INSERT INTO DSET_TEL_PERSON (NULL_FLAVOR) values ('NI');
INSERT INTO DSET_TEL_PERSON_VALUE1 (DSET_TEL_PERSON_ID, TEL_PERSON_VALUE ) values (last_insert_id(),'TEL_PERSON_VALUE1');
INSERT INTO DSET_TEL_PERSON (NULL_FLAVOR) values ('NI');
INSERT INTO DSET_TEL_PERSON_VALUE1 (DSET_TEL_PERSON_ID, TEL_PERSON_VALUE ) values (last_insert_id(),'TEL_PERSON_VALUE2');
INSERT INTO DSET_TEL_PERSON (NULL_FLAVOR) values ('NI');
INSERT INTO DSET_TEL_PERSON_VALUE1 (DSET_TEL_PERSON_ID, TEL_PERSON_VALUE ) values (last_insert_id(),'TEL_PERSON_VALUE3');
INSERT INTO DSET_TEL_PERSON (NULL_FLAVOR) values ('NI');
INSERT INTO DSET_TEL_PERSON_VALUE1 (DSET_TEL_PERSON_ID, TEL_PERSON_VALUE ) values (last_insert_id(),'TEL_PERSON_VALUE4');
INSERT INTO DSET_TEL_PERSON (NULL_FLAVOR) values ('NI');
INSERT INTO DSET_TEL_PERSON_VALUE1 (DSET_TEL_PERSON_ID, TEL_PERSON_VALUE ) values (last_insert_id(),'TEL_PERSON_VALUE5');

INSERT INTO DSET_TEL_PHONE (NULL_FLAVOR) values ('NI');
INSERT INTO DSET_TEL_PHONE_VALUE1 (DSET_TEL_PHONE_ID, TEL_PHONE_VALUE ) values (last_insert_id(),'TEL_PHONE_VALUE1');
INSERT INTO DSET_TEL_PHONE (NULL_FLAVOR) values ('NI');
INSERT INTO DSET_TEL_PHONE_VALUE1 (DSET_TEL_PHONE_ID, TEL_PHONE_VALUE ) values (last_insert_id(),'TEL_PHONE_VALUE2');
INSERT INTO DSET_TEL_PHONE (NULL_FLAVOR) values ('NI');
INSERT INTO DSET_TEL_PHONE_VALUE1 (DSET_TEL_PHONE_ID, TEL_PHONE_VALUE ) values (last_insert_id(),'TEL_PHONE_VALUE3');
INSERT INTO DSET_TEL_PHONE (NULL_FLAVOR) values ('NI');
INSERT INTO DSET_TEL_PHONE_VALUE1 (DSET_TEL_PHONE_ID, TEL_PHONE_VALUE ) values (last_insert_id(),'TEL_PHONE_VALUE4');
INSERT INTO DSET_TEL_PHONE (NULL_FLAVOR) values ('NI');
INSERT INTO DSET_TEL_PHONE_VALUE1 (DSET_TEL_PHONE_ID, TEL_PHONE_VALUE ) values (last_insert_id(),'TEL_PHONE_VALUE5');


INSERT INTO DSET_TEL_URL () values ();
INSERT INTO DSET_TEL_URL_VALUE1 (DSET_TEL_URL_ID, TEL_URL_VALUE) values (last_insert_id(),'TEL_URL_VALUE1');
INSERT INTO DSET_TEL_URL () values ();
INSERT INTO DSET_TEL_URL_VALUE1 (DSET_TEL_URL_ID, TEL_URL_VALUE) values (last_insert_id(),'TEL_URL_VALUE2');
INSERT INTO DSET_TEL_URL () values ();
INSERT INTO DSET_TEL_URL_VALUE1 (DSET_TEL_URL_ID, TEL_URL_VALUE) values (last_insert_id(),'TEL_URL_VALUE3');
INSERT INTO DSET_TEL_URL () values ();
INSERT INTO DSET_TEL_URL_VALUE1 (DSET_TEL_URL_ID, TEL_URL_VALUE) values (last_insert_id(),'TEL_URL_VALUE4');
INSERT INTO DSET_TEL_URL () values ();
INSERT INTO DSET_TEL_URL_VALUE1 (DSET_TEL_URL_ID, TEL_URL_VALUE) values (last_insert_id(),'TEL_URL_VALUE5');



INSERT INTO DSET_CD () values ();
INSERT INTO DSET_CD_VALUE1 (DSET_CD_ID, CODE ) values (last_insert_id(),'CODE1');
INSERT INTO DSET_CD () values ();
INSERT INTO DSET_CD_VALUE1 (DSET_CD_ID, CODE ) values (last_insert_id(),'CODE2');
INSERT INTO DSET_CD () values ();
INSERT INTO DSET_CD_VALUE1 (DSET_CD_ID, CODE ) values (last_insert_id(),'CODE3');
INSERT INTO DSET_CD () values ();
INSERT INTO DSET_CD_VALUE1 (DSET_CD_ID, CODE ) values (last_insert_id(),'CODE4');
INSERT INTO DSET_CD () values ();
INSERT INTO DSET_CD_VALUE1 (DSET_CD_ID, CODE ) values (last_insert_id(),'CODE5');

INSERT INTO DSET_CD () values ();
INSERT INTO DSET_CD_VALUE2 (DSET_CD_ID, CODE, NULL_FLAVOR ) values (last_insert_id(),'CODE1','NI');
INSERT INTO DSET_CD () values ();
INSERT INTO DSET_CD_VALUE2 (DSET_CD_ID, CODE, NULL_FLAVOR ) values (last_insert_id(),'CODE2','NI');
INSERT INTO DSET_CD () values ();
INSERT INTO DSET_CD_VALUE2 (DSET_CD_ID, CODE, NULL_FLAVOR ) values (last_insert_id(),'CODE3','NI');
INSERT INTO DSET_CD () values ();
INSERT INTO DSET_CD_VALUE2 (DSET_CD_ID, CODE, NULL_FLAVOR ) values (last_insert_id(),'CODE4','NI');
INSERT INTO DSET_CD () values ();
INSERT INTO DSET_CD_VALUE2 (DSET_CD_ID, CODE, NULL_FLAVOR ) values (last_insert_id(),'CODE5','NI');

INSERT INTO DSET_CD () values ();
INSERT INTO DSET_CD_VALUE3 (DSET_CD_ID, CODE, CODE_SYSTEM, CODE_SYSTEM_NAME ) values (last_insert_id(),'CODE1','CODE_SYSTEM1','CODE_SYSTEM_NAME1');
INSERT INTO DSET_CD () values ();
INSERT INTO DSET_CD_VALUE3 (DSET_CD_ID, CODE, CODE_SYSTEM, CODE_SYSTEM_NAME ) values (last_insert_id(),'CODE2','CODE_SYSTEM2','CODE_SYSTEM_NAME2');
INSERT INTO DSET_CD () values ();
INSERT INTO DSET_CD_VALUE3 (DSET_CD_ID, CODE, CODE_SYSTEM, CODE_SYSTEM_NAME ) values (last_insert_id(),'CODE3','CODE_SYSTEM3','CODE_SYSTEM_NAME3');
INSERT INTO DSET_CD () values ();
INSERT INTO DSET_CD_VALUE3 (DSET_CD_ID, CODE, CODE_SYSTEM, CODE_SYSTEM_NAME ) values (last_insert_id(),'CODE4','CODE_SYSTEM4','CODE_SYSTEM_NAME4');
INSERT INTO DSET_CD () values ();
INSERT INTO DSET_CD_VALUE3 (DSET_CD_ID, CODE, CODE_SYSTEM, CODE_SYSTEM_NAME ) values (last_insert_id(),'CODE5','CODE_SYSTEM5','CODE_SYSTEM_NAME5');

INSERT INTO DSET_CD () values ();
INSERT INTO DSET_CD_VALUE4 (DSET_CD_ID,CODE, CODE_SYSTEM, CODE_SYSTEM_VERSION,DISPLAYABLE_VALUE,ORIGINALTEXT_VALUE,ORIGINALTEXT_DATA,ORIGINALTEXT_DESC)
	   values ( last_insert_id(),'CODE1','CODE_SYSTEM1','CODE_SYSTEM_VERSION1',1,'OrgTextVal1',null,'OrgTextDesc1');
INSERT INTO DSET_CD () values ();
INSERT INTO DSET_CD_VALUE4 (DSET_CD_ID,CODE, CODE_SYSTEM, CODE_SYSTEM_VERSION,DISPLAYABLE_VALUE,ORIGINALTEXT_VALUE,ORIGINALTEXT_DATA,ORIGINALTEXT_DESC)
	   values ( last_insert_id(),'CODE2','CODE_SYSTEM2','CODE_SYSTEM_VERSION2',1,'OrgTextVal2',null,'OrgTextDesc2');
INSERT INTO DSET_CD () values ();
INSERT INTO DSET_CD_VALUE4 (DSET_CD_ID,CODE, CODE_SYSTEM, CODE_SYSTEM_VERSION,DISPLAYABLE_VALUE,ORIGINALTEXT_VALUE,ORIGINALTEXT_DATA,ORIGINALTEXT_DESC)
	   values ( last_insert_id(),'CODE3','CODE_SYSTEM3','CODE_SYSTEM_VERSION3',1,'OrgTextVal3',null,'OrgTextDesc3');
INSERT INTO DSET_CD () values ();
INSERT INTO DSET_CD_VALUE4 (DSET_CD_ID,CODE, CODE_SYSTEM, CODE_SYSTEM_VERSION,DISPLAYABLE_VALUE,ORIGINALTEXT_VALUE,ORIGINALTEXT_DATA,ORIGINALTEXT_DESC)
	   values ( last_insert_id(),'CODE4','CODE_SYSTEM4','CODE_SYSTEM_VERSION4',0,'OrgTextVal4',null,'OrgTextDesc4');
INSERT INTO DSET_CD () values ();
INSERT INTO DSET_CD_VALUE4 (DSET_CD_ID,CODE, CODE_SYSTEM, CODE_SYSTEM_VERSION,DISPLAYABLE_VALUE,ORIGINALTEXT_VALUE,ORIGINALTEXT_DATA,ORIGINALTEXT_DESC)
	   values ( last_insert_id(),'CODE4','CODE_SYSTEM5','CODE_SYSTEM_VERSION5',0,'OrgTextVal5',null,'OrgTextDesc5');

INSERT INTO DSET_CD () values ();
INSERT INTO DSET_CD_VALUE5 (DSET_CD_ID,CODE, CODE_SYSTEM, CODE_SYSTEM_VERSION,DISPLAYABLE_VALUE,ORIGINALTEXT_VALUE,ORIGINALTEXT_DATA,ORIGINALTEXT_DESC,ORIGINALTEXT_COMPRESSION)
values ( last_insert_id(),'CODE1','CODE_SYSTEM1','CODE_SYSTEM_VERSION1',1,'OrgTextVal1',null,'OrgTextDesc1','GZ');
INSERT INTO DSET_CD () values ();
INSERT INTO DSET_CD_VALUE5 (DSET_CD_ID,CODE, CODE_SYSTEM, CODE_SYSTEM_VERSION,DISPLAYABLE_VALUE,ORIGINALTEXT_VALUE,ORIGINALTEXT_DATA,ORIGINALTEXT_DESC,ORIGINALTEXT_COMPRESSION)
values ( last_insert_id(),'CODE2','CODE_SYSTEM2','CODE_SYSTEM_VERSION2',0,'OrgTextVal2',null,'OrgTextDesc2','GZ');
INSERT INTO DSET_CD () values ();
INSERT INTO DSET_CD_VALUE5 (DSET_CD_ID,CODE, CODE_SYSTEM, CODE_SYSTEM_VERSION,DISPLAYABLE_VALUE,ORIGINALTEXT_VALUE,ORIGINALTEXT_DATA,ORIGINALTEXT_DESC,ORIGINALTEXT_COMPRESSION)
values ( last_insert_id(),'CODE3','CODE_SYSTEM3','CODE_SYSTEM_VERSION3',1,'OrgTextVal3',null,'OrgTextDesc3','GZ');
INSERT INTO DSET_CD () values ();
INSERT INTO DSET_CD_VALUE5 (DSET_CD_ID,CODE, CODE_SYSTEM, CODE_SYSTEM_VERSION,DISPLAYABLE_VALUE,ORIGINALTEXT_VALUE,ORIGINALTEXT_DATA,ORIGINALTEXT_DESC,ORIGINALTEXT_COMPRESSION)
values ( last_insert_id(),'CODE4','CODE_SYSTEM4','CODE_SYSTEM_VERSION4',0,'OrgTextVal4',null,'OrgTextDesc4','GZ');
INSERT INTO DSET_CD () values ();
INSERT INTO DSET_CD_VALUE5 (DSET_CD_ID,CODE, CODE_SYSTEM, CODE_SYSTEM_VERSION,DISPLAYABLE_VALUE,ORIGINALTEXT_VALUE,ORIGINALTEXT_DATA,ORIGINALTEXT_DESC,ORIGINALTEXT_COMPRESSION)
values ( last_insert_id(),'CODE5','CODE_SYSTEM5','CODE_SYSTEM_VERSION5',1,'OrgTextVal5',null,'OrgTextDesc5','GZ');



INSERT INTO DSET_CD () values ();
INSERT INTO DSET_CD_VALUE6 (DSET_CD_ID, CODE ) values (last_insert_id(),'CODE1');
INSERT INTO DSET_CD () values ();
INSERT INTO DSET_CD_VALUE6 (DSET_CD_ID, CODE ) values (last_insert_id(),'CODE2');
INSERT INTO DSET_CD () values ();
INSERT INTO DSET_CD_VALUE6 (DSET_CD_ID, CODE ) values (last_insert_id(),'CODE3');
INSERT INTO DSET_CD () values ();
INSERT INTO DSET_CD_VALUE6 (DSET_CD_ID, CODE ) values (last_insert_id(),'CODE4');
INSERT INTO DSET_CD () values ();
INSERT INTO DSET_CD_VALUE6 (DSET_CD_ID, CODE ) values (last_insert_id(),'CODE5');


INSERT INTO DSET_CD () values ();
set @DSET_CD_last = last_insert_id();
INSERT INTO DSET_CD_VALUE7 (CODE ) values ( 'CODE1');
set @DSET_CD_VALUE7_last = last_insert_id();
INSERT INTO DSET_CD_CD_VALUE7 (DSET_CD_ID, DSET_CD_VALUE7_ID ) values (@DSET_CD_last, @DSET_CD_VALUE7_last);
INSERT INTO DSET_CD () values ();
set @DSET_CD_last = last_insert_id();
INSERT INTO DSET_CD_VALUE7 (CODE ) values ( 'CODE2');
set @DSET_CD_VALUE7_last = last_insert_id();
INSERT INTO DSET_CD_CD_VALUE7 (DSET_CD_ID, DSET_CD_VALUE7_ID ) values (@DSET_CD_last, @DSET_CD_VALUE7_last);
INSERT INTO DSET_CD () values ();
set @DSET_CD_last = last_insert_id();
INSERT INTO DSET_CD_VALUE7 (CODE ) values ( 'CODE3');
set @DSET_CD_VALUE7_last = last_insert_id();
INSERT INTO DSET_CD_CD_VALUE7 (DSET_CD_ID, DSET_CD_VALUE7_ID ) values (@DSET_CD_last, @DSET_CD_VALUE7_last);
INSERT INTO DSET_CD () values ();
set @DSET_CD_last = last_insert_id();
INSERT INTO DSET_CD_VALUE7 (CODE ) values ( 'CODE4');
set @DSET_CD_VALUE7_last = last_insert_id();
INSERT INTO DSET_CD_CD_VALUE7 (DSET_CD_ID, DSET_CD_VALUE7_ID ) values (@DSET_CD_last, @DSET_CD_VALUE7_last);
INSERT INTO DSET_CD () values ();
set @DSET_CD_last = last_insert_id();
INSERT INTO DSET_CD_VALUE7 (CODE ) values ( 'CODE5');
set @DSET_CD_VALUE7_last = last_insert_id();
INSERT INTO DSET_CD_CD_VALUE7 (DSET_CD_ID, DSET_CD_VALUE7_ID ) values (@DSET_CD_last, @DSET_CD_VALUE7_last);
